<?xml version = '1.0' encoding = 'UTF-8'?>
<Table class="oracle.dbtools.crest.model.design.relational.Table" directorySegmentName="seg_0" id="255B2794-842D-5C0B-25DA-1836B4BCDB01" name="TEMPORAL">
<createdBy>ariel</createdBy>
<createdTime>2025-09-02 03:10:34 UTC</createdTime>
<generatorID>DC9DE128-31B3-68C1-BA5C-7A1F6B49A499</generatorID>
<ownerDesignName>Encargo_Semanal</ownerDesignName>
<allowColumnReorder>false</allowColumnReorder>
<existDependencyGenerateInDDl>true</existDependencyGenerateInDDl>
<parsed>true</parsed>
<columns itemClass="oracle.dbtools.crest.model.design.relational.Column">
<Column name="rut" id="69621436-305B-7ABC-44AD-4636CFB3E8C2">
<createdBy>ariel</createdBy>
<createdTime>2025-09-02 03:10:34 UTC</createdTime>
<generatorID>33A180BD-CCB9-01F0-950E-A1A93EC43246</generatorID>
<ownerDesignName>Encargo_Semanal</ownerDesignName>
<useDomainConstraints>false</useDomainConstraints>
<use>1</use>
<logicalDatatype>LOGDT024</logicalDatatype>
<dataTypeSize>50 CHAR</dataTypeSize>
<ownDataTypeParameters>,,</ownDataTypeParameters>
<autoIncrementCycle>false</autoIncrementCycle>
<associations>
<colAssociation fkAssociation="E2486155-B4C4-BD76-AE75-9944208B4247" referredColumn="B61654E1-44E9-DF3D-E009-BCDE823A86E0"/>
</associations>
</Column>
<Column name="fecha_termino" id="07F3A09A-1983-AE03-FB3A-A1CC26100686">
<createdBy>ariel</createdBy>
<createdTime>2025-09-02 03:10:34 UTC</createdTime>
<generatorID>72268F17-FC0B-B0AD-C011-C84F14D8F8C2</generatorID>
<ownerDesignName>Encargo_Semanal</ownerDesignName>
<useDomainConstraints>false</useDomainConstraints>
<use>1</use>
<logicalDatatype>LOGDT007</logicalDatatype>
<ownDataTypeParameters>,,</ownDataTypeParameters>
<autoIncrementCycle>false</autoIncrementCycle>
</Column>
<Column name="dias_estadia" id="5DADDE52-4072-CAF4-A836-9E1C82FF4C19">
<createdBy>ariel</createdBy>
<createdTime>2025-09-02 03:10:34 UTC</createdTime>
<generatorID>D9C71926-440A-7783-BE13-65149625219B</generatorID>
<ownerDesignName>Encargo_Semanal</ownerDesignName>
<useDomainConstraints>false</useDomainConstraints>
<use>1</use>
<logicalDatatype>LOGDT019</logicalDatatype>
<ownDataTypeParameters>,,</ownDataTypeParameters>
<autoIncrementCycle>false</autoIncrementCycle>
</Column>
</columns>
<indexes itemClass="oracle.dbtools.crest.model.design.relational.Index">
<ind_PK_UK id="C655206F-B09F-369B-33CD-2B44D18FE253" name="TEMPORAL_PK">
<createdBy>ariel</createdBy>
<createdTime>2025-09-02 03:10:34 UTC</createdTime>
<generatorID>77993DFD-4E6D-5A20-B2B5-769292D1456B</generatorID>
<ownerDesignName>Encargo_Semanal</ownerDesignName>
<pk>true</pk>
<indexState>Primary Constraint</indexState>
<isSurrogateKey>false</isSurrogateKey>
<indexColumnUsage>
<colUsage columnID="69621436-305B-7ABC-44AD-4636CFB3E8C2"/>
</indexColumnUsage>
</ind_PK_UK>
<ind_PK_UK id="420E5608-E9DB-DB69-7488-0B18EA2BF7BC" name="TEMPORAL_RESIDENTE_FK">
<createdBy>ariel</createdBy>
<createdTime>2025-09-02 03:10:34 UTC</createdTime>
<generatorID>D753E120-FCB5-2393-ED03-2B950B521EAD</generatorID>
<ownerDesignName>Encargo_Semanal</ownerDesignName>
<indexState>Foreign Key</indexState>
<isSurrogateKey>false</isSurrogateKey>
<indexColumnUsage>
<colUsage columnID="69621436-305B-7ABC-44AD-4636CFB3E8C2"/>
</indexColumnUsage>
</ind_PK_UK>
</indexes>
</Table>