<?xml version = '1.0' encoding = 'UTF-8'?>
<Table class="oracle.dbtools.crest.model.design.relational.Table" directorySegmentName="seg_0" id="5A93932E-A4DA-15B3-3673-285C1D242D4F" name="ASIGNACION_HABITACION">
<createdBy>ariel</createdBy>
<createdTime>2025-09-02 03:10:34 UTC</createdTime>
<generatorID>D6607E10-7CF6-ED2B-CE0B-2343D4BD257A</generatorID>
<ownerDesignName>Encargo_Semanal</ownerDesignName>
<allowColumnReorder>false</allowColumnReorder>
<existDependencyGenerateInDDl>true</existDependencyGenerateInDDl>
<parsed>true</parsed>
<columns itemClass="oracle.dbtools.crest.model.design.relational.Column">
<Column name="id_asignacion" id="1CE8DA11-C6EE-C40B-4288-A37F98153333">
<createdBy>ariel</createdBy>
<createdTime>2025-09-02 03:10:34 UTC</createdTime>
<generatorID>7D31BA9D-0337-6EBC-4099-D7541FE880C5</generatorID>
<ownerDesignName>Encargo_Semanal</ownerDesignName>
<useDomainConstraints>false</useDomainConstraints>
<use>1</use>
<logicalDatatype>LOGDT024</logicalDatatype>
<dataTypeSize>50 CHAR</dataTypeSize>
<ownDataTypeParameters>50 CHAR,,</ownDataTypeParameters>
<autoIncrementCycle>false</autoIncrementCycle>
</Column>
<Column name="fecha_inicio" id="290BC1D9-8097-8EC1-BC70-68F1F7E6325B">
<createdBy>ariel</createdBy>
<createdTime>2025-09-02 03:10:34 UTC</createdTime>
<generatorID>813FF39E-0CF5-4C96-6B19-D0693BD91D00</generatorID>
<ownerDesignName>Encargo_Semanal</ownerDesignName>
<useDomainConstraints>false</useDomainConstraints>
<use>1</use>
<logicalDatatype>LOGDT007</logicalDatatype>
<ownDataTypeParameters>,,</ownDataTypeParameters>
<autoIncrementCycle>false</autoIncrementCycle>
</Column>
<Column name="fecha_termino" id="C78257F3-5219-6F47-00C5-5B87B8CE66B0">
<createdBy>ariel</createdBy>
<createdTime>2025-09-02 03:10:34 UTC</createdTime>
<generatorID>37FB715E-9F84-50EB-16FC-BE91159BA18F</generatorID>
<ownerDesignName>Encargo_Semanal</ownerDesignName>
<nullsAllowed>true</nullsAllowed>
<useDomainConstraints>false</useDomainConstraints>
<use>1</use>
<logicalDatatype>LOGDT007</logicalDatatype>
<ownDataTypeParameters>,,</ownDataTypeParameters>
<autoIncrementCycle>false</autoIncrementCycle>
</Column>
<Column name="RESIDENTE_rut1" id="3862C93C-9350-3A0B-E395-0C5DB2BF43C0">
<createdBy>ariel</createdBy>
<createdTime>2025-09-02 03:10:34 UTC</createdTime>
<generatorID>EA005721-FF11-6AF7-2315-9E148987AA13</generatorID>
<ownerDesignName>Encargo_Semanal</ownerDesignName>
<nullsAllowed>true</nullsAllowed>
<useDomainConstraints>false</useDomainConstraints>
<use>1</use>
<logicalDatatype>LOGDT024</logicalDatatype>
<dataTypeSize>50 CHAR</dataTypeSize>
<ownDataTypeParameters>,,</ownDataTypeParameters>
<previousColumn>false</previousColumn>
<autoIncrementCycle>false</autoIncrementCycle>
<associations>
<colAssociation fkAssociation="4FDF72DC-A14A-0ECE-3633-17DEA92F040C" referredColumn="9EA76DA7-7BA4-B860-E205-79EB51CDFF57"/>
</associations>
</Column>
<Column name="HABITACION_id_habitacion" id="7F829C6B-F066-3EDA-EBC1-73CD9FE9C500">
<createdBy>ariel</createdBy>
<createdTime>2025-09-02 03:10:34 UTC</createdTime>
<generatorID>A576148A-9C3B-C426-197D-CCB8EB7D784D</generatorID>
<ownerDesignName>Encargo_Semanal</ownerDesignName>
<nullsAllowed>true</nullsAllowed>
<useDomainConstraints>false</useDomainConstraints>
<use>1</use>
<logicalDatatype>LOGDT024</logicalDatatype>
<dataTypeSize>50 CHAR</dataTypeSize>
<ownDataTypeParameters>,,</ownDataTypeParameters>
<previousColumn>false</previousColumn>
<autoIncrementCycle>false</autoIncrementCycle>
<associations>
<colAssociation fkAssociation="66E16BCA-45F0-411A-DBB5-427107C5AC00" referredColumn="13107A6E-285E-55E0-0CC5-4B10A77AAD3B"/>
</associations>
</Column>
</columns>
<indexes itemClass="oracle.dbtools.crest.model.design.relational.Index">
<ind_PK_UK id="34A8A724-214E-1914-79C4-10D493AF0154" name="ASIGNACION_HABITACION_PK">
<createdBy>ariel</createdBy>
<createdTime>2025-09-02 03:10:34 UTC</createdTime>
<generatorID>C414C6CC-A6D7-45C9-A8F5-9BE5B94C1150</generatorID>
<ownerDesignName>Encargo_Semanal</ownerDesignName>
<pk>true</pk>
<indexState>Primary Constraint</indexState>
<isSurrogateKey>false</isSurrogateKey>
<indexColumnUsage>
<colUsage columnID="1CE8DA11-C6EE-C40B-4288-A37F98153333"/>
</indexColumnUsage>
</ind_PK_UK>
<ind_PK_UK id="A14D3787-3A66-B59D-057A-298B53D86788" name="ASIGNACION_HABITACION_HABITACION_FK">
<createdBy>ariel</createdBy>
<createdTime>2025-09-02 03:10:34 UTC</createdTime>
<generatorID>79F32134-13EE-4F6F-FC30-D53A25082638</generatorID>
<ownerDesignName>Encargo_Semanal</ownerDesignName>
<indexState>Foreign Key</indexState>
<isSurrogateKey>false</isSurrogateKey>
<indexColumnUsage>
<colUsage columnID="7F829C6B-F066-3EDA-EBC1-73CD9FE9C500"/>
</indexColumnUsage>
</ind_PK_UK>
<ind_PK_UK id="8D1B70CE-EEFE-0636-216D-D1247DAB2132" name="ASIGNACION_HABITACION_RESIDENTE_FK">
<createdBy>ariel</createdBy>
<createdTime>2025-09-02 03:10:34 UTC</createdTime>
<generatorID>C1EA789F-60EB-8850-8BBB-69062BB58A0A</generatorID>
<ownerDesignName>Encargo_Semanal</ownerDesignName>
<indexState>Foreign Key</indexState>
<isSurrogateKey>false</isSurrogateKey>
<indexColumnUsage>
<colUsage columnID="3862C93C-9350-3A0B-E395-0C5DB2BF43C0"/>
</indexColumnUsage>
</ind_PK_UK>
</indexes>
</Table>