<?xml version = '1.0' encoding = 'UTF-8'?>
<Table class="oracle.dbtools.crest.model.design.relational.Table" directorySegmentName="seg_0" id="AB6285A4-3801-E28E-D945-6C43B64C6DC7" name="RESIDENTE">
<createdBy>ariel</createdBy>
<createdTime>2025-09-02 03:10:34 UTC</createdTime>
<generatorID>9D24D8AE-0BBC-6D41-3EBB-7FC76D0473F3</generatorID>
<ownerDesignName>Encargo_Semanal</ownerDesignName>
<allowColumnReorder>false</allowColumnReorder>
<existDependencyGenerateInDDl>true</existDependencyGenerateInDDl>
<parsed>true</parsed>
<columns itemClass="oracle.dbtools.crest.model.design.relational.Column">
<Column name="rut" id="B61654E1-44E9-DF3D-E009-BCDE823A86E0">
<createdBy>ariel</createdBy>
<createdTime>2025-09-02 03:10:34 UTC</createdTime>
<generatorID>33A180BD-CCB9-01F0-950E-A1A93EC43246</generatorID>
<ownerDesignName>Encargo_Semanal</ownerDesignName>
<useDomainConstraints>false</useDomainConstraints>
<use>1</use>
<logicalDatatype>LOGDT024</logicalDatatype>
<dataTypeSize>50 CHAR</dataTypeSize>
<ownDataTypeParameters>,,</ownDataTypeParameters>
<autoIncrementCycle>false</autoIncrementCycle>
<associations>
<colAssociation fkAssociation="72CFAA57-1093-FC10-20F0-8C204247001B" referredColumn="C8D8830C-5A57-A6D4-B7EA-41CEC6BE65EC"/>
</associations>
</Column>
<Column name="rut1" id="9EA76DA7-7BA4-B860-E205-79EB51CDFF57">
<createdBy>ariel</createdBy>
<createdTime>2025-09-02 03:10:34 UTC</createdTime>
<generatorID>BA066E26-3463-C2C9-F65D-A8A3E8090D47</generatorID>
<ownerDesignName>Encargo_Semanal</ownerDesignName>
<useDomainConstraints>false</useDomainConstraints>
<use>1</use>
<logicalDatatype>LOGDT024</logicalDatatype>
<dataTypeSize>50 CHAR</dataTypeSize>
<ownDataTypeParameters>50 CHAR,,</ownDataTypeParameters>
<autoIncrementCycle>false</autoIncrementCycle>
</Column>
<Column name="autonomia" id="50F039F9-FABA-E2E7-4B16-0BF5FC0032EC">
<createdBy>ariel</createdBy>
<createdTime>2025-09-02 03:10:34 UTC</createdTime>
<commentInRDBMS><![CDATA[S o N]]></commentInRDBMS>
<generatorID>8553189F-38DC-95C7-AB1B-51473F85C815</generatorID>
<ownerDesignName>Encargo_Semanal</ownerDesignName>
<useDomainConstraints>false</useDomainConstraints>
<use>1</use>
<logicalDatatype>LOGDT025</logicalDatatype>
<dataTypeSize>1 CHAR</dataTypeSize>
<ownDataTypeParameters>1 CHAR,,</ownDataTypeParameters>
<autoIncrementCycle>false</autoIncrementCycle>
</Column>
<Column name="ANEXO_id_anexo" id="AC121164-B290-C93B-B902-9B71D0286AB3">
<createdBy>ariel</createdBy>
<createdTime>2025-09-02 03:10:34 UTC</createdTime>
<generatorID>20402FC8-DD4C-3D91-A286-36DC94546975</generatorID>
<ownerDesignName>Encargo_Semanal</ownerDesignName>
<useDomainConstraints>false</useDomainConstraints>
<use>1</use>
<logicalDatatype>LOGDT024</logicalDatatype>
<dataTypeSize>50 CHAR</dataTypeSize>
<ownDataTypeParameters>,,</ownDataTypeParameters>
<previousColumn>false</previousColumn>
<autoIncrementCycle>false</autoIncrementCycle>
<associations>
<colAssociation fkAssociation="A1B98927-379D-8916-87F0-D834C988A4D0" referredColumn="BCD23F1B-1896-5705-45AC-1B45F5F93746"/>
</associations>
</Column>
</columns>
<indexes itemClass="oracle.dbtools.crest.model.design.relational.Index">
<ind_PK_UK id="D17995C5-B6DA-24EC-20C8-D05E37B25555" name="RESIDENTE_PK">
<createdBy>ariel</createdBy>
<createdTime>2025-09-02 03:10:34 UTC</createdTime>
<generatorID>77993DFD-4E6D-5A20-B2B5-769292D1456B</generatorID>
<ownerDesignName>Encargo_Semanal</ownerDesignName>
<pk>true</pk>
<indexState>Primary Constraint</indexState>
<isSurrogateKey>false</isSurrogateKey>
<indexColumnUsage>
<colUsage columnID="B61654E1-44E9-DF3D-E009-BCDE823A86E0"/>
</indexColumnUsage>
</ind_PK_UK>
<ind_PK_UK id="165340F3-B2F9-6E23-6DC3-787BAC1621F6" name="RESIDENTE_PKv1">
<createdBy>ariel</createdBy>
<createdTime>2025-09-02 03:10:34 UTC</createdTime>
<generatorID>2603C91E-655E-EF68-D11A-EFC629D2CA50</generatorID>
<ownerDesignName>Encargo_Semanal</ownerDesignName>
<indexState>Unique Constraint</indexState>
<isSurrogateKey>false</isSurrogateKey>
<indexColumnUsage>
<colUsage columnID="9EA76DA7-7BA4-B860-E205-79EB51CDFF57"/>
</indexColumnUsage>
</ind_PK_UK>
<ind_PK_UK id="C08B3ACA-DA30-2D46-C0A5-215501A2A34D" name="RESIDENTE__IDX">
<createdBy>ariel</createdBy>
<createdTime>2025-09-02 03:10:34 UTC</createdTime>
<ownerDesignName>Encargo_Semanal</ownerDesignName>
<indexState>Unique Plain Index</indexState>
<isSurrogateKey>false</isSurrogateKey>
<relationGeneratorID>BB1DC192-FCDF-53E7-245F-6683014AB3A2</relationGeneratorID>
<indexColumnUsage>
<colUsage columnID="AC121164-B290-C93B-B902-9B71D0286AB3"/>
</indexColumnUsage>
</ind_PK_UK>
<ind_PK_UK id="489A8E94-BC45-0B95-5526-499296EB2DE1" name="RESIDENTE_PERSONA_FK">
<createdBy>ariel</createdBy>
<createdTime>2025-09-02 03:10:34 UTC</createdTime>
<generatorID>98E7AE31-B147-107D-CDE5-4AA7708A45BA</generatorID>
<ownerDesignName>Encargo_Semanal</ownerDesignName>
<indexState>Foreign Key</indexState>
<isSurrogateKey>false</isSurrogateKey>
<indexColumnUsage>
<colUsage columnID="B61654E1-44E9-DF3D-E009-BCDE823A86E0"/>
</indexColumnUsage>
</ind_PK_UK>
<ind_PK_UK id="AE680789-5A62-9A81-93E3-68DB4EE68A09" name="RESIDENTE_ANEXO_FK">
<createdBy>ariel</createdBy>
<createdTime>2025-09-02 03:10:34 UTC</createdTime>
<generatorID>BB1DC192-FCDF-53E7-245F-6683014AB3A2</generatorID>
<ownerDesignName>Encargo_Semanal</ownerDesignName>
<indexState>Foreign Key</indexState>
<isSurrogateKey>false</isSurrogateKey>
<indexColumnUsage>
<colUsage columnID="AC121164-B290-C93B-B902-9B71D0286AB3"/>
</indexColumnUsage>
</ind_PK_UK>
</indexes>
</Table>