<?xml version = '1.0' encoding = 'UTF-8'?>
<Table class="oracle.dbtools.crest.model.design.relational.Table" directorySegmentName="seg_0" id="C4302AE8-107A-3EE0-B583-9FBD669FD205" name="COMUNA">
<createdBy>ariel</createdBy>
<createdTime>2025-09-02 03:10:34 UTC</createdTime>
<generatorID>56F95F0F-2E7C-73E6-199C-536C533BF773</generatorID>
<ownerDesignName>Encargo_Semanal</ownerDesignName>
<allowColumnReorder>false</allowColumnReorder>
<existDependencyGenerateInDDl>true</existDependencyGenerateInDDl>
<parsed>true</parsed>
<columns itemClass="oracle.dbtools.crest.model.design.relational.Column">
<Column name="id_comuna" id="E07485F5-229A-4CD7-FCBA-80F974011D66">
<createdBy>ariel</createdBy>
<createdTime>2025-09-02 03:10:34 UTC</createdTime>
<generatorID>F01CFC75-78A2-57FD-B76D-5E477E14A6D0</generatorID>
<ownerDesignName>Encargo_Semanal</ownerDesignName>
<useDomainConstraints>false</useDomainConstraints>
<use>1</use>
<logicalDatatype>LOGDT024</logicalDatatype>
<dataTypeSize>50 CHAR</dataTypeSize>
<ownDataTypeParameters>50 CHAR,,</ownDataTypeParameters>
<autoIncrementCycle>false</autoIncrementCycle>
</Column>
<Column name="nombre_comuna" id="82A9EAE9-4AEF-7568-B581-C2B15A61D9FF">
<createdBy>ariel</createdBy>
<createdTime>2025-09-02 03:10:34 UTC</createdTime>
<generatorID>A5115F73-FBCF-7895-3ACD-2FF65DAA2DFB</generatorID>
<ownerDesignName>Encargo_Semanal</ownerDesignName>
<useDomainConstraints>false</useDomainConstraints>
<use>1</use>
<logicalDatatype>LOGDT024</logicalDatatype>
<dataTypeSize>100 CHAR</dataTypeSize>
<ownDataTypeParameters>100 CHAR,,</ownDataTypeParameters>
<autoIncrementCycle>false</autoIncrementCycle>
</Column>
</columns>
<indexes itemClass="oracle.dbtools.crest.model.design.relational.Index">
<ind_PK_UK id="C0BF3E4B-6A94-3230-61EA-95EB07004867" name="COMUNA_PK">
<createdBy>ariel</createdBy>
<createdTime>2025-09-02 03:10:34 UTC</createdTime>
<generatorID>70532227-E2B1-A5D0-8EB0-79DEBBBCA881</generatorID>
<ownerDesignName>Encargo_Semanal</ownerDesignName>
<pk>true</pk>
<indexState>Primary Constraint</indexState>
<isSurrogateKey>false</isSurrogateKey>
<indexColumnUsage>
<colUsage columnID="E07485F5-229A-4CD7-FCBA-80F974011D66"/>
</indexColumnUsage>
</ind_PK_UK>
</indexes>
</Table>