<?xml version = '1.0' encoding = 'UTF-8'?>
<Table class="oracle.dbtools.crest.model.design.relational.Table" directorySegmentName="seg_0" id="CD053FD1-62D2-E2FE-DF37-A3F70EF0C0BE" name="CUIDADOR">
<createdBy>ariel</createdBy>
<createdTime>2025-09-02 03:10:34 UTC</createdTime>
<generatorID>4D1DE97F-EB05-328D-31D0-8132B6BBCBFF</generatorID>
<ownerDesignName>Encargo_Semanal</ownerDesignName>
<allowColumnReorder>false</allowColumnReorder>
<existDependencyGenerateInDDl>true</existDependencyGenerateInDDl>
<parsed>true</parsed>
<columns itemClass="oracle.dbtools.crest.model.design.relational.Column">
<Column name="rut" id="1F5BFAE1-C6E3-BF20-1ED3-35DAE37C2475">
<createdBy>ariel</createdBy>
<createdTime>2025-09-02 03:10:34 UTC</createdTime>
<generatorID>C8909C5F-C3CC-04E4-8F0B-27FC0E3B3B81</generatorID>
<ownerDesignName>Encargo_Semanal</ownerDesignName>
<useDomainConstraints>false</useDomainConstraints>
<use>1</use>
<logicalDatatype>LOGDT024</logicalDatatype>
<dataTypeSize>50 CHAR</dataTypeSize>
<ownDataTypeParameters>,,</ownDataTypeParameters>
<autoIncrementCycle>false</autoIncrementCycle>
<associations>
<colAssociation fkAssociation="EB826CA7-1F70-CD9F-7AA6-C15E590C2725" referredColumn="429ACE9D-4004-6A78-4AFB-C804B2817188"/>
</associations>
</Column>
<Column name="fecha_ingreso" id="6FB0FE53-9A42-D881-3C4E-EBA9F2005B69">
<createdBy>ariel</createdBy>
<createdTime>2025-09-02 03:10:34 UTC</createdTime>
<generatorID>8D1FDDAB-2512-8DA1-A1B1-F6425298CCC1</generatorID>
<ownerDesignName>Encargo_Semanal</ownerDesignName>
<useDomainConstraints>false</useDomainConstraints>
<use>1</use>
<logicalDatatype>LOGDT007</logicalDatatype>
<ownDataTypeParameters>,,</ownDataTypeParameters>
<autoIncrementCycle>false</autoIncrementCycle>
</Column>
<Column name="id_residencia" id="A1AE5C69-ADA0-8E52-9BCC-D5B49E83CBFF">
<createdBy>ariel</createdBy>
<createdTime>2025-09-02 03:10:34 UTC</createdTime>
<generatorID>39F7CC2D-B8AE-3C2B-B211-28AF44D52D79</generatorID>
<ownerDesignName>Encargo_Semanal</ownerDesignName>
<useDomainConstraints>false</useDomainConstraints>
<use>1</use>
<logicalDatatype>LOGDT024</logicalDatatype>
<ownDataTypeParameters>,,</ownDataTypeParameters>
<previousColumn>false</previousColumn>
<autoIncrementCycle>false</autoIncrementCycle>
</Column>
<Column name="nombre" id="D0DC7C92-0CD1-F9EC-85A5-0B23270ED933">
<createdBy>ariel</createdBy>
<createdTime>2025-09-02 03:10:34 UTC</createdTime>
<generatorID>073799AC-9DBD-019A-1B3C-D70F9225283F</generatorID>
<ownerDesignName>Encargo_Semanal</ownerDesignName>
<useDomainConstraints>false</useDomainConstraints>
<use>1</use>
<logicalDatatype>LOGDT024</logicalDatatype>
<dataTypeSize>100 CHAR</dataTypeSize>
<ownDataTypeParameters>100 CHAR,,</ownDataTypeParameters>
<autoIncrementCycle>false</autoIncrementCycle>
</Column>
<Column name="fecha_inicio" id="BFC34BE2-25AB-04B4-22F4-D8A4F1A1C052">
<createdBy>ariel</createdBy>
<createdTime>2025-09-02 03:10:34 UTC</createdTime>
<generatorID>0EEBD0B0-5ED9-F777-4080-053CEA5AF762</generatorID>
<ownerDesignName>Encargo_Semanal</ownerDesignName>
<useDomainConstraints>false</useDomainConstraints>
<use>1</use>
<logicalDatatype>LOGDT007</logicalDatatype>
<ownDataTypeParameters>,,</ownDataTypeParameters>
<autoIncrementCycle>false</autoIncrementCycle>
</Column>
<Column name="fecha_termino" id="108EAB08-860C-40C0-6044-931436C59EBB">
<createdBy>ariel</createdBy>
<createdTime>2025-09-02 03:10:34 UTC</createdTime>
<generatorID>59AA5741-6101-6148-C7EF-D1FEB2BF169C</generatorID>
<ownerDesignName>Encargo_Semanal</ownerDesignName>
<nullsAllowed>true</nullsAllowed>
<useDomainConstraints>false</useDomainConstraints>
<use>1</use>
<logicalDatatype>LOGDT007</logicalDatatype>
<ownDataTypeParameters>,,</ownDataTypeParameters>
<autoIncrementCycle>false</autoIncrementCycle>
</Column>
<Column name="numero_contacto" id="E52DC3FB-2E4D-6660-40F0-D4440EC229FD">
<createdBy>ariel</createdBy>
<createdTime>2025-09-02 03:10:34 UTC</createdTime>
<generatorID>A87AD68E-2590-D113-60C6-1146B7523177</generatorID>
<ownerDesignName>Encargo_Semanal</ownerDesignName>
<useDomainConstraints>false</useDomainConstraints>
<use>1</use>
<logicalDatatype>LOGDT024</logicalDatatype>
<dataTypeSize>50 CHAR</dataTypeSize>
<ownDataTypeParameters>50 CHAR,,</ownDataTypeParameters>
<autoIncrementCycle>false</autoIncrementCycle>
</Column>
<Column name="correo_electronico" id="E4D48896-E410-07FA-B9B6-0207E040FAF2">
<createdBy>ariel</createdBy>
<createdTime>2025-09-02 03:10:34 UTC</createdTime>
<generatorID>F6ED34C7-8992-4EEE-5A6D-DED0DAC56EFD</generatorID>
<ownerDesignName>Encargo_Semanal</ownerDesignName>
<useDomainConstraints>false</useDomainConstraints>
<use>1</use>
<logicalDatatype>LOGDT024</logicalDatatype>
<dataTypeSize>100 CHAR</dataTypeSize>
<ownDataTypeParameters>100 CHAR,,</ownDataTypeParameters>
<autoIncrementCycle>false</autoIncrementCycle>
</Column>
<Column name="direccion_residencia" id="14150E91-5F29-9061-9193-4F8F103FF4AF">
<createdBy>ariel</createdBy>
<createdTime>2025-09-02 03:10:34 UTC</createdTime>
<generatorID>6ED88314-A383-9DCA-A9B8-D1DCAE21B074</generatorID>
<ownerDesignName>Encargo_Semanal</ownerDesignName>
<nullsAllowed>true</nullsAllowed>
<useDomainConstraints>false</useDomainConstraints>
<use>1</use>
<logicalDatatype>LOGDT024</logicalDatatype>
<dataTypeSize>200 CHAR</dataTypeSize>
<ownDataTypeParameters>200 CHAR,,</ownDataTypeParameters>
<autoIncrementCycle>false</autoIncrementCycle>
</Column>
</columns>
<indexes itemClass="oracle.dbtools.crest.model.design.relational.Index">
<ind_PK_UK id="5E9DAAF4-9644-0ECC-4EB1-EA121C587CB5" name="CUIDADOR_PK">
<createdBy>ariel</createdBy>
<createdTime>2025-09-02 03:10:34 UTC</createdTime>
<generatorID>C96D4099-5861-DD75-C299-95A5102F1C3B</generatorID>
<ownerDesignName>Encargo_Semanal</ownerDesignName>
<pk>true</pk>
<indexState>Primary Constraint</indexState>
<isSurrogateKey>false</isSurrogateKey>
<indexColumnUsage>
<colUsage columnID="1F5BFAE1-C6E3-BF20-1ED3-35DAE37C2475"/>
</indexColumnUsage>
</ind_PK_UK>
<ind_PK_UK id="FD133518-E72F-9BFC-75B8-427F5AC87FF2" name="CUIDADOR_PKv1">
<createdBy>ariel</createdBy>
<createdTime>2025-09-02 03:10:34 UTC</createdTime>
<generatorID>D59BB3D2-8F1F-3E71-0FB0-1BC653CB5346</generatorID>
<ownerDesignName>Encargo_Semanal</ownerDesignName>
<indexState>Unique Constraint</indexState>
<isSurrogateKey>false</isSurrogateKey>
</ind_PK_UK>
<ind_PK_UK id="F19F6A5A-90F7-2CF1-150F-8C277D13C01C" name="CUIDADOR_PERSONAL_FK">
<createdBy>ariel</createdBy>
<createdTime>2025-09-02 03:10:34 UTC</createdTime>
<generatorID>519B559D-C30C-2539-9271-61D0F71B3709</generatorID>
<ownerDesignName>Encargo_Semanal</ownerDesignName>
<indexState>Foreign Key</indexState>
<isSurrogateKey>false</isSurrogateKey>
<indexColumnUsage>
<colUsage columnID="1F5BFAE1-C6E3-BF20-1ED3-35DAE37C2475"/>
</indexColumnUsage>
</ind_PK_UK>
</indexes>
</Table>