<?xml version = '1.0' encoding = 'UTF-8'?>
<Table class="oracle.dbtools.crest.model.design.relational.Table" directorySegmentName="seg_0" id="DF6DC47C-52AA-A2B1-A0B3-CCAFE7E56543" name="MEDICO">
<createdBy>ariel</createdBy>
<createdTime>2025-09-02 03:10:34 UTC</createdTime>
<generatorID>9B93D7CC-2218-8A58-42BC-1F33EFF500E6</generatorID>
<ownerDesignName>Encargo_Semanal</ownerDesignName>
<allowColumnReorder>false</allowColumnReorder>
<existDependencyGenerateInDDl>true</existDependencyGenerateInDDl>
<parsed>true</parsed>
<columns itemClass="oracle.dbtools.crest.model.design.relational.Column">
<Column name="rut" id="46D44A0C-098C-C939-1C8F-0FB6A59FF966">
<createdBy>ariel</createdBy>
<createdTime>2025-09-02 03:10:34 UTC</createdTime>
<generatorID>C8909C5F-C3CC-04E4-8F0B-27FC0E3B3B81</generatorID>
<ownerDesignName>Encargo_Semanal</ownerDesignName>
<useDomainConstraints>false</useDomainConstraints>
<use>1</use>
<logicalDatatype>LOGDT024</logicalDatatype>
<dataTypeSize>50 CHAR</dataTypeSize>
<ownDataTypeParameters>,,</ownDataTypeParameters>
<autoIncrementCycle>false</autoIncrementCycle>
<associations>
<colAssociation fkAssociation="9D0116C9-897F-7CB9-B871-25F6E7C5F856" referredColumn="429ACE9D-4004-6A78-4AFB-C804B2817188"/>
</associations>
</Column>
<Column name="fecha_ingreso" id="70A2C553-19B3-D763-C57D-E7AB8EDDC3D8">
<createdBy>ariel</createdBy>
<createdTime>2025-09-02 03:10:34 UTC</createdTime>
<generatorID>8D1FDDAB-2512-8DA1-A1B1-F6425298CCC1</generatorID>
<ownerDesignName>Encargo_Semanal</ownerDesignName>
<useDomainConstraints>false</useDomainConstraints>
<use>1</use>
<logicalDatatype>LOGDT007</logicalDatatype>
<ownDataTypeParameters>,,</ownDataTypeParameters>
<autoIncrementCycle>false</autoIncrementCycle>
</Column>
<Column name="id_residencia" id="EB8E319F-669C-4342-4523-D8D0C16474CB">
<createdBy>ariel</createdBy>
<createdTime>2025-09-02 03:10:34 UTC</createdTime>
<generatorID>39F7CC2D-B8AE-3C2B-B211-28AF44D52D79</generatorID>
<ownerDesignName>Encargo_Semanal</ownerDesignName>
<useDomainConstraints>false</useDomainConstraints>
<use>1</use>
<logicalDatatype>LOGDT024</logicalDatatype>
<ownDataTypeParameters>,,</ownDataTypeParameters>
<previousColumn>false</previousColumn>
<autoIncrementCycle>false</autoIncrementCycle>
</Column>
<Column name="nombre" id="E8E62522-6BA3-D88E-CD48-8A3A584C8604">
<createdBy>ariel</createdBy>
<createdTime>2025-09-02 03:10:34 UTC</createdTime>
<generatorID>073799AC-9DBD-019A-1B3C-D70F9225283F</generatorID>
<ownerDesignName>Encargo_Semanal</ownerDesignName>
<useDomainConstraints>false</useDomainConstraints>
<use>1</use>
<logicalDatatype>LOGDT024</logicalDatatype>
<dataTypeSize>100 CHAR</dataTypeSize>
<ownDataTypeParameters>100 CHAR,,</ownDataTypeParameters>
<autoIncrementCycle>false</autoIncrementCycle>
</Column>
<Column name="fecha_inicio" id="78E180AC-2F5E-784C-A9D7-81C96B87A723">
<createdBy>ariel</createdBy>
<createdTime>2025-09-02 03:10:34 UTC</createdTime>
<generatorID>0EEBD0B0-5ED9-F777-4080-053CEA5AF762</generatorID>
<ownerDesignName>Encargo_Semanal</ownerDesignName>
<useDomainConstraints>false</useDomainConstraints>
<use>1</use>
<logicalDatatype>LOGDT007</logicalDatatype>
<ownDataTypeParameters>,,</ownDataTypeParameters>
<autoIncrementCycle>false</autoIncrementCycle>
</Column>
<Column name="fecha_termino" id="4B0E103D-CE1B-8CD9-BABC-D04304F829C2">
<createdBy>ariel</createdBy>
<createdTime>2025-09-02 03:10:34 UTC</createdTime>
<generatorID>59AA5741-6101-6148-C7EF-D1FEB2BF169C</generatorID>
<ownerDesignName>Encargo_Semanal</ownerDesignName>
<nullsAllowed>true</nullsAllowed>
<useDomainConstraints>false</useDomainConstraints>
<use>1</use>
<logicalDatatype>LOGDT007</logicalDatatype>
<ownDataTypeParameters>,,</ownDataTypeParameters>
<autoIncrementCycle>false</autoIncrementCycle>
</Column>
<Column name="numero_contacto" id="B86BE76A-1A88-B7E8-81D6-EC6C092FD3CE">
<createdBy>ariel</createdBy>
<createdTime>2025-09-02 03:10:34 UTC</createdTime>
<generatorID>A87AD68E-2590-D113-60C6-1146B7523177</generatorID>
<ownerDesignName>Encargo_Semanal</ownerDesignName>
<useDomainConstraints>false</useDomainConstraints>
<use>1</use>
<logicalDatatype>LOGDT024</logicalDatatype>
<dataTypeSize>50 CHAR</dataTypeSize>
<ownDataTypeParameters>50 CHAR,,</ownDataTypeParameters>
<autoIncrementCycle>false</autoIncrementCycle>
</Column>
<Column name="correo_electronico" id="A8F8C784-5C23-D374-2760-1CBCD0F10402">
<createdBy>ariel</createdBy>
<createdTime>2025-09-02 03:10:34 UTC</createdTime>
<generatorID>F6ED34C7-8992-4EEE-5A6D-DED0DAC56EFD</generatorID>
<ownerDesignName>Encargo_Semanal</ownerDesignName>
<useDomainConstraints>false</useDomainConstraints>
<use>1</use>
<logicalDatatype>LOGDT024</logicalDatatype>
<dataTypeSize>100 CHAR</dataTypeSize>
<ownDataTypeParameters>100 CHAR,,</ownDataTypeParameters>
<autoIncrementCycle>false</autoIncrementCycle>
</Column>
<Column name="direccion_residencia" id="68EB1885-8413-8662-B927-82C259EFAC8F">
<createdBy>ariel</createdBy>
<createdTime>2025-09-02 03:10:34 UTC</createdTime>
<generatorID>6ED88314-A383-9DCA-A9B8-D1DCAE21B074</generatorID>
<ownerDesignName>Encargo_Semanal</ownerDesignName>
<nullsAllowed>true</nullsAllowed>
<useDomainConstraints>false</useDomainConstraints>
<use>1</use>
<logicalDatatype>LOGDT024</logicalDatatype>
<dataTypeSize>200 CHAR</dataTypeSize>
<ownDataTypeParameters>200 CHAR,,</ownDataTypeParameters>
<autoIncrementCycle>false</autoIncrementCycle>
</Column>
<Column name="especialidad_medica" id="58F7B9E8-1E17-FE90-681C-2A00E1635E42">
<createdBy>ariel</createdBy>
<createdTime>2025-09-02 03:10:34 UTC</createdTime>
<generatorID>7F07FDBB-1248-07E5-BF87-A1A28F1B7F1F</generatorID>
<ownerDesignName>Encargo_Semanal</ownerDesignName>
<useDomainConstraints>false</useDomainConstraints>
<use>1</use>
<logicalDatatype>LOGDT024</logicalDatatype>
<dataTypeSize>100 CHAR</dataTypeSize>
<ownDataTypeParameters>100 CHAR,,</ownDataTypeParameters>
<autoIncrementCycle>false</autoIncrementCycle>
</Column>
<Column name="rut_supervisor" id="99752EF3-D365-D492-E5DA-71A86F6F09C7">
<createdBy>ariel</createdBy>
<createdTime>2025-09-02 03:10:34 UTC</createdTime>
<generatorID>64D38605-5A30-BBDD-E7C4-87FBB676647B</generatorID>
<ownerDesignName>Encargo_Semanal</ownerDesignName>
<nullsAllowed>true</nullsAllowed>
<use>0</use>
<ownDataTypeParameters>,,</ownDataTypeParameters>
<autoIncrementCycle>false</autoIncrementCycle>
<isRelationshipColumn>true</isRelationshipColumn>
<dependOnForeignKeyID>AFB3961D-35C0-DA08-2BCF-60FA1AF31945</dependOnForeignKeyID>
</Column>
</columns>
<indexes itemClass="oracle.dbtools.crest.model.design.relational.Index">
<ind_PK_UK id="8F8A7BDD-C5C5-A3E7-B29B-97598CB01C17" name="MEDICO_PK">
<createdBy>ariel</createdBy>
<createdTime>2025-09-02 03:10:34 UTC</createdTime>
<generatorID>C96D4099-5861-DD75-C299-95A5102F1C3B</generatorID>
<ownerDesignName>Encargo_Semanal</ownerDesignName>
<pk>true</pk>
<indexState>Primary Constraint</indexState>
<isSurrogateKey>false</isSurrogateKey>
<indexColumnUsage>
<colUsage columnID="46D44A0C-098C-C939-1C8F-0FB6A59FF966"/>
</indexColumnUsage>
</ind_PK_UK>
<ind_PK_UK id="33C49E8D-85C0-B0E8-A50D-CC8506692746" name="MEDICO_PKv1">
<createdBy>ariel</createdBy>
<createdTime>2025-09-02 03:10:34 UTC</createdTime>
<generatorID>B17B675D-18A7-F07A-CED5-F9798318AC26</generatorID>
<ownerDesignName>Encargo_Semanal</ownerDesignName>
<indexState>Unique Constraint</indexState>
<isSurrogateKey>false</isSurrogateKey>
</ind_PK_UK>
<ind_PK_UK id="FD0AB6A8-FF33-3DF3-AEFE-33D3766A3CA9" name="MEDICO_PERSONAL_FK">
<createdBy>ariel</createdBy>
<createdTime>2025-09-02 03:10:34 UTC</createdTime>
<generatorID>0C1B2615-6610-A156-2CDB-A5BFD69E9433</generatorID>
<ownerDesignName>Encargo_Semanal</ownerDesignName>
<indexState>Foreign Key</indexState>
<isSurrogateKey>false</isSurrogateKey>
<indexColumnUsage>
<colUsage columnID="46D44A0C-098C-C939-1C8F-0FB6A59FF966"/>
</indexColumnUsage>
</ind_PK_UK>
<ind_PK_UK id="4B19E11D-EB7E-A146-E3AD-4E11260F6D7D" name="MEDICO_MEDICO_FK">
<createdBy>ariel</createdBy>
<createdTime>2025-09-02 03:10:34 UTC</createdTime>
<generatorID>28E6FFBB-CE24-6400-04B0-6F7A7C70BD3E</generatorID>
<ownerDesignName>Encargo_Semanal</ownerDesignName>
<indexState>Foreign Key</indexState>
<isSurrogateKey>false</isSurrogateKey>
</ind_PK_UK>
</indexes>
</Table>