<?xml version = '1.0' encoding = 'UTF-8'?>
<Table class="oracle.dbtools.crest.model.design.relational.Table" directorySegmentName="seg_0" id="DF7707DF-88E2-1060-146D-B299B68CE997" name="ANEXO">
<createdBy>ariel</createdBy>
<createdTime>2025-09-02 03:10:34 UTC</createdTime>
<generatorID>2DE2083A-AEA5-5C1B-A456-BE4E90405DD5</generatorID>
<ownerDesignName>Encargo_Semanal</ownerDesignName>
<allowColumnReorder>false</allowColumnReorder>
<existDependencyGenerateInDDl>true</existDependencyGenerateInDDl>
<parsed>true</parsed>
<columns itemClass="oracle.dbtools.crest.model.design.relational.Column">
<Column name="id_anexo" id="BCD23F1B-1896-5705-45AC-1B45F5F93746">
<createdBy>ariel</createdBy>
<createdTime>2025-09-02 03:10:34 UTC</createdTime>
<generatorID>5C18A783-3CA2-9C66-7BF2-8A2D08B12651</generatorID>
<ownerDesignName>Encargo_Semanal</ownerDesignName>
<useDomainConstraints>false</useDomainConstraints>
<use>1</use>
<logicalDatatype>LOGDT024</logicalDatatype>
<dataTypeSize>50 CHAR</dataTypeSize>
<ownDataTypeParameters>50 CHAR,,</ownDataTypeParameters>
<autoIncrementCycle>false</autoIncrementCycle>
</Column>
<Column name="fecha_ingreso" id="ABED305B-084E-52E4-7B11-E0E17041D44C">
<createdBy>ariel</createdBy>
<createdTime>2025-09-02 03:10:34 UTC</createdTime>
<generatorID>CE5ED000-628D-1739-3616-A0BE33D9AC29</generatorID>
<ownerDesignName>Encargo_Semanal</ownerDesignName>
<useDomainConstraints>false</useDomainConstraints>
<use>1</use>
<logicalDatatype>LOGDT007</logicalDatatype>
<ownDataTypeParameters>,,</ownDataTypeParameters>
<autoIncrementCycle>false</autoIncrementCycle>
</Column>
<Column name="fecha_salida" id="89BA1536-450C-E0A7-FEE9-E799B89DFF61">
<createdBy>ariel</createdBy>
<createdTime>2025-09-02 03:10:34 UTC</createdTime>
<generatorID>8A932C83-E82B-F81B-4E3C-9DBD908CEEEB</generatorID>
<ownerDesignName>Encargo_Semanal</ownerDesignName>
<nullsAllowed>true</nullsAllowed>
<useDomainConstraints>false</useDomainConstraints>
<use>1</use>
<logicalDatatype>LOGDT007</logicalDatatype>
<ownDataTypeParameters>,,</ownDataTypeParameters>
<autoIncrementCycle>false</autoIncrementCycle>
</Column>
<Column name="observaciones" id="205C76D6-4E94-6047-1466-85F134C6EA62">
<createdBy>ariel</createdBy>
<createdTime>2025-09-02 03:10:34 UTC</createdTime>
<generatorID>7B87D1FF-3151-56FE-C467-971548AD0AB9</generatorID>
<ownerDesignName>Encargo_Semanal</ownerDesignName>
<nullsAllowed>true</nullsAllowed>
<useDomainConstraints>false</useDomainConstraints>
<use>1</use>
<logicalDatatype>LOGDT024</logicalDatatype>
<dataTypeSize>100 CHAR</dataTypeSize>
<ownDataTypeParameters>100 CHAR,,</ownDataTypeParameters>
<autoIncrementCycle>false</autoIncrementCycle>
</Column>
<Column name="CONTRATO_id_contrato" id="0606E01A-8020-966C-AFC6-08A8FFD73302">
<createdBy>ariel</createdBy>
<createdTime>2025-09-02 03:10:34 UTC</createdTime>
<generatorID>515B188C-CDB7-5749-BEE6-D256FFFBAD74</generatorID>
<ownerDesignName>Encargo_Semanal</ownerDesignName>
<useDomainConstraints>false</useDomainConstraints>
<use>1</use>
<logicalDatatype>LOGDT024</logicalDatatype>
<dataTypeSize>50 CHAR</dataTypeSize>
<ownDataTypeParameters>,,</ownDataTypeParameters>
<previousColumn>false</previousColumn>
<autoIncrementCycle>false</autoIncrementCycle>
<associations>
<colAssociation fkAssociation="661D3C01-2D6B-0E2F-1072-0CCC7642BCB9" referredColumn="588C9BC4-9854-CAFD-6CF4-6945C4B061E7"/>
</associations>
</Column>
<Column name="RESIDENTE_rut1" id="B5E70FEB-F130-3628-4A6F-D8BE60151FEE">
<createdBy>ariel</createdBy>
<createdTime>2025-09-02 03:10:34 UTC</createdTime>
<generatorID>46F66E48-2C02-CEB4-CB0D-0F99B666CFEA</generatorID>
<ownerDesignName>Encargo_Semanal</ownerDesignName>
<useDomainConstraints>false</useDomainConstraints>
<use>1</use>
<logicalDatatype>LOGDT024</logicalDatatype>
<dataTypeSize>50 CHAR</dataTypeSize>
<ownDataTypeParameters>,,</ownDataTypeParameters>
<previousColumn>false</previousColumn>
<autoIncrementCycle>false</autoIncrementCycle>
<associations>
<colAssociation fkAssociation="5A3A6CFA-5A1F-F976-60EC-526AD8616F85" referredColumn="9EA76DA7-7BA4-B860-E205-79EB51CDFF57"/>
</associations>
</Column>
</columns>
<indexes itemClass="oracle.dbtools.crest.model.design.relational.Index">
<ind_PK_UK id="DD1E79D6-859C-A49B-4103-7C50C8EFE3B7" name="ANEXO_PK">
<createdBy>ariel</createdBy>
<createdTime>2025-09-02 03:10:34 UTC</createdTime>
<generatorID>5343F528-74A1-7D45-9EF2-360CE0027EE8</generatorID>
<ownerDesignName>Encargo_Semanal</ownerDesignName>
<pk>true</pk>
<indexState>Primary Constraint</indexState>
<isSurrogateKey>false</isSurrogateKey>
<indexColumnUsage>
<colUsage columnID="BCD23F1B-1896-5705-45AC-1B45F5F93746"/>
</indexColumnUsage>
</ind_PK_UK>
<ind_PK_UK id="6305BC0E-BA9B-CE71-7992-DB58617EA0E2" name="ANEXO__IDX">
<createdBy>ariel</createdBy>
<createdTime>2025-09-02 03:10:34 UTC</createdTime>
<ownerDesignName>Encargo_Semanal</ownerDesignName>
<indexState>Unique Plain Index</indexState>
<isSurrogateKey>false</isSurrogateKey>
<relationGeneratorID>BB1DC192-FCDF-53E7-245F-6683014AB3A2</relationGeneratorID>
<indexColumnUsage>
<colUsage columnID="B5E70FEB-F130-3628-4A6F-D8BE60151FEE"/>
</indexColumnUsage>
</ind_PK_UK>
<ind_PK_UK id="A2ED0E4F-7A24-7B41-789D-C3AC8D2A25A2" name="ANEXO_CONTRATO_FK">
<createdBy>ariel</createdBy>
<createdTime>2025-09-02 03:10:34 UTC</createdTime>
<generatorID>69C93845-CB7A-8667-CEC2-FC78CEEF65EF</generatorID>
<ownerDesignName>Encargo_Semanal</ownerDesignName>
<indexState>Foreign Key</indexState>
<isSurrogateKey>false</isSurrogateKey>
<indexColumnUsage>
<colUsage columnID="0606E01A-8020-966C-AFC6-08A8FFD73302"/>
</indexColumnUsage>
</ind_PK_UK>
<ind_PK_UK id="2218ABA1-B9E5-F336-3A7F-E9DCC44C68A3" name="ANEXO_RESIDENTE_FK">
<createdBy>ariel</createdBy>
<createdTime>2025-09-02 03:10:34 UTC</createdTime>
<generatorID>BB1DC192-FCDF-53E7-245F-6683014AB3A2</generatorID>
<ownerDesignName>Encargo_Semanal</ownerDesignName>
<indexState>Foreign Key</indexState>
<isSurrogateKey>false</isSurrogateKey>
<indexColumnUsage>
<colUsage columnID="B5E70FEB-F130-3628-4A6F-D8BE60151FEE"/>
</indexColumnUsage>
</ind_PK_UK>
</indexes>
</Table>