<?xml version = '1.0' encoding = 'UTF-8'?>
<Table class="oracle.dbtools.crest.model.design.relational.Table" directorySegmentName="seg_0" id="E0168FB2-ADFA-6A9A-7EC0-86E456FBAFAF" name="APODERADO">
<createdBy>ariel</createdBy>
<createdTime>2025-09-02 03:10:34 UTC</createdTime>
<generatorID>15A967A6-DFB8-791A-7838-DE28A31EDEDF</generatorID>
<ownerDesignName>Encargo_Semanal</ownerDesignName>
<allowColumnReorder>false</allowColumnReorder>
<existDependencyGenerateInDDl>true</existDependencyGenerateInDDl>
<parsed>true</parsed>
<columns itemClass="oracle.dbtools.crest.model.design.relational.Column">
<Column name="rut" id="542F51EC-FE91-0593-4668-40E3820D9842">
<createdBy>ariel</createdBy>
<createdTime>2025-09-02 03:10:34 UTC</createdTime>
<generatorID>33A180BD-CCB9-01F0-950E-A1A93EC43246</generatorID>
<ownerDesignName>Encargo_Semanal</ownerDesignName>
<useDomainConstraints>false</useDomainConstraints>
<use>1</use>
<logicalDatatype>LOGDT024</logicalDatatype>
<dataTypeSize>50 CHAR</dataTypeSize>
<ownDataTypeParameters>,,</ownDataTypeParameters>
<autoIncrementCycle>false</autoIncrementCycle>
<associations>
<colAssociation fkAssociation="97BE8657-B495-B253-6986-27C8DCC2E29B" referredColumn="C8D8830C-5A57-A6D4-B7EA-41CEC6BE65EC"/>
</associations>
</Column>
<Column name="rut1" id="5A66A83A-EF1C-E3B3-5C0D-86890D2ADCEF">
<createdBy>ariel</createdBy>
<createdTime>2025-09-02 03:10:34 UTC</createdTime>
<generatorID>7B1AED29-9373-C63F-4EC5-9EEC055CA158</generatorID>
<ownerDesignName>Encargo_Semanal</ownerDesignName>
<useDomainConstraints>false</useDomainConstraints>
<use>1</use>
<logicalDatatype>LOGDT024</logicalDatatype>
<dataTypeSize>50 CHAR</dataTypeSize>
<ownDataTypeParameters>50 CHAR,,</ownDataTypeParameters>
<autoIncrementCycle>false</autoIncrementCycle>
</Column>
<Column name="tipo_relacion" id="E9C939B5-CB8F-5D97-7977-1873E0C3EA09">
<createdBy>ariel</createdBy>
<createdTime>2025-09-02 03:10:34 UTC</createdTime>
<generatorID>566EC997-0F7E-F16E-82A5-B90EF333A09D</generatorID>
<ownerDesignName>Encargo_Semanal</ownerDesignName>
<useDomainConstraints>false</useDomainConstraints>
<use>1</use>
<logicalDatatype>LOGDT024</logicalDatatype>
<dataTypeSize>200 CHAR</dataTypeSize>
<ownDataTypeParameters>200 CHAR,,</ownDataTypeParameters>
<autoIncrementCycle>false</autoIncrementCycle>
</Column>
</columns>
<indexes itemClass="oracle.dbtools.crest.model.design.relational.Index">
<ind_PK_UK id="0004B792-F8D5-D916-7062-B9B66CA26D76" name="APODERADO_PK">
<createdBy>ariel</createdBy>
<createdTime>2025-09-02 03:10:34 UTC</createdTime>
<generatorID>77993DFD-4E6D-5A20-B2B5-769292D1456B</generatorID>
<ownerDesignName>Encargo_Semanal</ownerDesignName>
<pk>true</pk>
<indexState>Primary Constraint</indexState>
<isSurrogateKey>false</isSurrogateKey>
<indexColumnUsage>
<colUsage columnID="542F51EC-FE91-0593-4668-40E3820D9842"/>
</indexColumnUsage>
</ind_PK_UK>
<ind_PK_UK id="7F3276BF-026A-974F-EC32-0579D83FA5D0" name="APODERADO_PKv1">
<createdBy>ariel</createdBy>
<createdTime>2025-09-02 03:10:34 UTC</createdTime>
<generatorID>46D8291F-3E17-4B4B-2674-49F803CB7829</generatorID>
<ownerDesignName>Encargo_Semanal</ownerDesignName>
<indexState>Unique Constraint</indexState>
<isSurrogateKey>false</isSurrogateKey>
<indexColumnUsage>
<colUsage columnID="5A66A83A-EF1C-E3B3-5C0D-86890D2ADCEF"/>
</indexColumnUsage>
</ind_PK_UK>
<ind_PK_UK id="6932DB52-42A5-FB3B-F655-8901FFEA73F6" name="APODERADO_PERSONA_FK">
<createdBy>ariel</createdBy>
<createdTime>2025-09-02 03:10:34 UTC</createdTime>
<generatorID>752A6D68-DAC0-3D73-BCF9-075230CEC594</generatorID>
<ownerDesignName>Encargo_Semanal</ownerDesignName>
<indexState>Foreign Key</indexState>
<isSurrogateKey>false</isSurrogateKey>
<indexColumnUsage>
<colUsage columnID="542F51EC-FE91-0593-4668-40E3820D9842"/>
</indexColumnUsage>
</ind_PK_UK>
</indexes>
</Table>