<?xml version = '1.0' encoding = 'UTF-8'?>
<Table class="oracle.dbtools.crest.model.design.relational.Table" directorySegmentName="seg_0" id="FB5C8D08-E58F-79B9-373D-60F7F84CF287" name="PERMANENTE">
<createdBy>ariel</createdBy>
<createdTime>2025-09-02 03:10:34 UTC</createdTime>
<generatorID>48BA94F3-B701-94C7-4F1D-947D85FEEC23</generatorID>
<ownerDesignName>Encargo_Semanal</ownerDesignName>
<allowColumnReorder>false</allowColumnReorder>
<existDependencyGenerateInDDl>true</existDependencyGenerateInDDl>
<parsed>true</parsed>
<columns itemClass="oracle.dbtools.crest.model.design.relational.Column">
<Column name="rut" id="3C62204A-82C3-6FA2-9C84-28CBACB7EEBC">
<createdBy>ariel</createdBy>
<createdTime>2025-09-02 03:10:34 UTC</createdTime>
<generatorID>33A180BD-CCB9-01F0-950E-A1A93EC43246</generatorID>
<ownerDesignName>Encargo_Semanal</ownerDesignName>
<useDomainConstraints>false</useDomainConstraints>
<use>1</use>
<logicalDatatype>LOGDT024</logicalDatatype>
<dataTypeSize>50 CHAR</dataTypeSize>
<ownDataTypeParameters>,,</ownDataTypeParameters>
<autoIncrementCycle>false</autoIncrementCycle>
<associations>
<colAssociation fkAssociation="847E9966-5F07-AFB2-3672-2D07D7871C03" referredColumn="B61654E1-44E9-DF3D-E009-BCDE823A86E0"/>
</associations>
</Column>
<Column name="historial_clinico" id="348FE179-2695-498E-B35D-7F5FF300633E">
<createdBy>ariel</createdBy>
<createdTime>2025-09-02 03:10:34 UTC</createdTime>
<generatorID>412BFD2F-043A-8AB3-649D-15CD54CAC1B6</generatorID>
<ownerDesignName>Encargo_Semanal</ownerDesignName>
<useDomainConstraints>false</useDomainConstraints>
<use>1</use>
<logicalDatatype>LOGDT024</logicalDatatype>
<dataTypeSize>500 CHAR</dataTypeSize>
<ownDataTypeParameters>500 CHAR,,</ownDataTypeParameters>
<autoIncrementCycle>false</autoIncrementCycle>
</Column>
</columns>
<indexes itemClass="oracle.dbtools.crest.model.design.relational.Index">
<ind_PK_UK id="057A5535-3464-BC94-3D3C-2617107F4E7C" name="PERMANENTE_PK">
<createdBy>ariel</createdBy>
<createdTime>2025-09-02 03:10:34 UTC</createdTime>
<generatorID>77993DFD-4E6D-5A20-B2B5-769292D1456B</generatorID>
<ownerDesignName>Encargo_Semanal</ownerDesignName>
<pk>true</pk>
<indexState>Primary Constraint</indexState>
<isSurrogateKey>false</isSurrogateKey>
<indexColumnUsage>
<colUsage columnID="3C62204A-82C3-6FA2-9C84-28CBACB7EEBC"/>
</indexColumnUsage>
</ind_PK_UK>
<ind_PK_UK id="2652A8BC-76F5-089E-57F8-0F47DBC7E7FB" name="PERMANENTE_RESIDENTE_FK">
<createdBy>ariel</createdBy>
<createdTime>2025-09-02 03:10:34 UTC</createdTime>
<generatorID>03C3DC1C-D01F-8EAB-756B-85C28FC93514</generatorID>
<ownerDesignName>Encargo_Semanal</ownerDesignName>
<indexState>Foreign Key</indexState>
<isSurrogateKey>false</isSurrogateKey>
<indexColumnUsage>
<colUsage columnID="3C62204A-82C3-6FA2-9C84-28CBACB7EEBC"/>
</indexColumnUsage>
</ind_PK_UK>
</indexes>
</Table>