<?xml version = '1.0' encoding = 'UTF-8'?>
<Entity class="oracle.dbtools.crest.model.design.logical.Entity" directorySegmentName="seg_0" id="60AE72CB-96B5-1310-C6DB-F12040E419AE" name="INSTITUCION_SALUD">
<createdBy>ariel</createdBy>
<createdTime>2025-09-15 21:29:03 UTC</createdTime>
<ownerDesignName>Exp2_S5_NicolasCavieres</ownerDesignName>
<engineerTo>
<item key="5FE5B6C2-B17F-D373-02BC-69F51A5E9CAF" value="true"/>
</engineerTo>
<adequatelyNormalized>NO</adequatelyNormalized>
<expectedVolumes>0</expectedVolumes>
<fwdEngineeringStrategyName>Single Table</fwdEngineeringStrategyName>
<growthPercent>0</growthPercent>
<growthType>Year</growthType>
<maxVolumes>9999999</maxVolumes>
<minVolumes>0</minVolumes>
<normalForm>Third</normalForm>
<attributes itemClass="oracle.dbtools.crest.model.design.logical.Attribute">
<Attribute name="id_institucion" id="DB94387E-2F4A-7A35-A873-F7F894985FCE">
<createdBy>ariel</createdBy>
<createdTime>2025-09-15 21:29:09 UTC</createdTime>
<ownerDesignName>Exp2_S5_NicolasCavieres</ownerDesignName>
<engineerTo>
<item key="5FE5B6C2-B17F-D373-02BC-69F51A5E9CAF" value="true"/>
</engineerTo>
<useDomainConstraints>false</useDomainConstraints>
<use>1</use>
<logicalDatatype>LOGDT011</logicalDatatype>
<ownDataTypeParameters>,,</ownDataTypeParameters>
</Attribute>
<Attribute name="codigo_institucion" id="1DF137E1-4889-7027-FB35-FE5680CF866A">
<createdBy>ariel</createdBy>
<createdTime>2025-09-15 21:29:32 UTC</createdTime>
<ownerDesignName>Exp2_S5_NicolasCavieres</ownerDesignName>
<engineerTo>
<item key="5FE5B6C2-B17F-D373-02BC-69F51A5E9CAF" value="true"/>
</engineerTo>
<useDomainConstraints>false</useDomainConstraints>
<use>1</use>
<logicalDatatype>LOGDT024</logicalDatatype>
<dataTypeSize>10 CHAR</dataTypeSize>
<ownDataTypeParameters>10 CHAR,,</ownDataTypeParameters>
</Attribute>
<Attribute name="nombre_institucion" id="C283B683-4C3F-8515-0416-39B3687C2254">
<createdBy>ariel</createdBy>
<createdTime>2025-09-15 21:29:55 UTC</createdTime>
<ownerDesignName>Exp2_S5_NicolasCavieres</ownerDesignName>
<engineerTo>
<item key="5FE5B6C2-B17F-D373-02BC-69F51A5E9CAF" value="true"/>
</engineerTo>
<useDomainConstraints>false</useDomainConstraints>
<use>1</use>
<logicalDatatype>LOGDT024</logicalDatatype>
<dataTypeSize>100 CHAR</dataTypeSize>
<ownDataTypeParameters>100 CHAR,,</ownDataTypeParameters>
</Attribute>
<Attribute name="tipo_institucion" id="0FE56019-8098-B485-7115-72AE4D37F165">
<createdBy>ariel</createdBy>
<createdTime>2025-09-15 21:30:10 UTC</createdTime>
<ownerDesignName>Exp2_S5_NicolasCavieres</ownerDesignName>
<engineerTo>
<item key="5FE5B6C2-B17F-D373-02BC-69F51A5E9CAF" value="true"/>
</engineerTo>
<useDomainConstraints>false</useDomainConstraints>
<use>1</use>
<logicalDatatype>LOGDT024</logicalDatatype>
<dataTypeSize>10 CHAR</dataTypeSize>
<ownDataTypeParameters>10 CHAR,,</ownDataTypeParameters>
</Attribute>
</attributes>
<identifiers itemClass="oracle.dbtools.crest.model.design.logical.CandidateKey">
<identifier id="4E2F05B4-3DBA-64F9-D297-D6813F9B24AA" name="INSTITUCION PK">
<createdBy>ariel</createdBy>
<createdTime>2025-09-15 21:29:32 UTC</createdTime>
<ownerDesignName>Exp2_S5_NicolasCavieres</ownerDesignName>
<engineerTo>
<item key="5FE5B6C2-B17F-D373-02BC-69F51A5E9CAF" value="true"/>
</engineerTo>
<pk>true</pk>
<usedAttributes>
<attributeRef>DB94387E-2F4A-7A35-A873-F7F894985FCE</attributeRef>
</usedAttributes>
</identifier>
</identifiers>
</Entity>