<?xml version = '1.0' encoding = 'UTF-8'?>
<Entity class="oracle.dbtools.crest.model.design.logical.Entity" directorySegmentName="seg_0" id="6D6DFD75-3637-7EFA-BC2A-816F3341A61E" name="SOLICITUD_EXAMEN">
<createdBy>ariel</createdBy>
<createdTime>2025-09-15 21:52:13 UTC</createdTime>
<ownerDesignName>Exp2_S5_NicolasCavieres</ownerDesignName>
<engineerTo>
<item key="5FE5B6C2-B17F-D373-02BC-69F51A5E9CAF" value="true"/>
</engineerTo>
<adequatelyNormalized>NO</adequatelyNormalized>
<expectedVolumes>0</expectedVolumes>
<fwdEngineeringStrategyName>Single Table</fwdEngineeringStrategyName>
<growthPercent>0</growthPercent>
<growthType>Year</growthType>
<maxVolumes>9999999</maxVolumes>
<minVolumes>0</minVolumes>
<normalForm>Third</normalForm>
<attributes itemClass="oracle.dbtools.crest.model.design.logical.Attribute">
<Attribute name="id_solicitud_examen" id="C33D6F40-08C1-AB17-1760-D403E5A4277D">
<createdBy>ariel</createdBy>
<createdTime>2025-09-15 21:52:23 UTC</createdTime>
<ownerDesignName>Exp2_S5_NicolasCavieres</ownerDesignName>
<engineerTo>
<item key="5FE5B6C2-B17F-D373-02BC-69F51A5E9CAF" value="true"/>
</engineerTo>
<useDomainConstraints>false</useDomainConstraints>
<use>1</use>
<logicalDatatype>LOGDT011</logicalDatatype>
<ownDataTypeParameters>,,</ownDataTypeParameters>
</Attribute>
<Attribute name="fecha_solicitud_examen" id="1D7F6D4B-2970-302D-B63C-8EB5E480511D">
<createdBy>ariel</createdBy>
<createdTime>2025-09-15 21:52:36 UTC</createdTime>
<commentInRDBMS><![CDATA[fecha y hora de la solicitud]]></commentInRDBMS>
<ownerDesignName>Exp2_S5_NicolasCavieres</ownerDesignName>
<engineerTo>
<item key="5FE5B6C2-B17F-D373-02BC-69F51A5E9CAF" value="true"/>
</engineerTo>
<useDomainConstraints>false</useDomainConstraints>
<use>1</use>
<logicalDatatype>LOGDT008</logicalDatatype>
<ownDataTypeParameters>,,</ownDataTypeParameters>
</Attribute>
<Attribute name="estado" id="8277ED0C-33A0-4CE7-877E-C52C142A4914">
<createdBy>ariel</createdBy>
<createdTime>2025-09-15 21:53:11 UTC</createdTime>
<ownerDesignName>Exp2_S5_NicolasCavieres</ownerDesignName>
<engineerTo>
<item key="5FE5B6C2-B17F-D373-02BC-69F51A5E9CAF" value="true"/>
</engineerTo>
<useDomainConstraints>false</useDomainConstraints>
<use>1</use>
<logicalDatatype>LOGDT024</logicalDatatype>
<dataTypeSize>10 CHAR</dataTypeSize>
<defaultValue>pendiente</defaultValue>
<ownDataTypeParameters>10 CHAR,,</ownDataTypeParameters>
</Attribute>
<Attribute name="observaciones" id="AD41637F-0BD4-03A3-6040-3445527F63D5">
<createdBy>ariel</createdBy>
<createdTime>2025-09-15 21:52:56 UTC</createdTime>
<ownerDesignName>Exp2_S5_NicolasCavieres</ownerDesignName>
<engineerTo>
<item key="5FE5B6C2-B17F-D373-02BC-69F51A5E9CAF" value="true"/>
</engineerTo>
<nullsAllowed>true</nullsAllowed>
<useDomainConstraints>false</useDomainConstraints>
<use>1</use>
<logicalDatatype>LOGDT040</logicalDatatype>
<ownDataTypeParameters>,,</ownDataTypeParameters>
</Attribute>
<Attribute name="rut" id="0F7C9D9E-0CB5-0A57-9F23-B018D2EF5F2E">
<createdBy>ariel</createdBy>
<createdTime>2025-09-15 23:44:02 UTC</createdTime>
<generatorID>C8DBE5A8-08F7-681E-F72A-B9A95BF2E120</generatorID>
<ownerDesignName>Exp2_S5_NicolasCavieres</ownerDesignName>
<engineerTo>
<item key="5FE5B6C2-B17F-D373-02BC-69F51A5E9CAF" value="true"/>
</engineerTo>
<referedAttribute>32FED717-99BE-2B3C-3839-1D63AD9600BB</referedAttribute>
<useDomainConstraints>false</useDomainConstraints>
<use>1</use>
<logicalDatatype>LOGDT024</logicalDatatype>
<dataTypeSize>12 CHAR</dataTypeSize>
<ownDataTypeParameters>12 CHAR,,</ownDataTypeParameters>
</Attribute>
<Attribute name="id_examen" id="0E30F423-885F-4001-2D00-1C02A7E0835F">
<createdBy>ariel</createdBy>
<createdTime>2025-09-15 23:51:01 UTC</createdTime>
<generatorID>6136CA48-4861-9B0E-138D-19DD565A2394</generatorID>
<ownerDesignName>Exp2_S5_NicolasCavieres</ownerDesignName>
<engineerTo>
<item key="5FE5B6C2-B17F-D373-02BC-69F51A5E9CAF" value="true"/>
</engineerTo>
<nullsAllowed>true</nullsAllowed>
<referedAttribute>EB2028BB-E910-A9FB-E1CA-9CCC91A1FB9A</referedAttribute>
<useDomainConstraints>false</useDomainConstraints>
<use>1</use>
<logicalDatatype>LOGDT011</logicalDatatype>
<ownDataTypeParameters>,,</ownDataTypeParameters>
</Attribute>
<Attribute name="id_medico" id="11DFA16D-7500-AB5C-1D91-978509968712">
<createdBy>ariel</createdBy>
<createdTime>2025-09-16 00:05:03 UTC</createdTime>
<generatorID>DD80CC1E-93F0-6600-5924-5C7AC57B70D2</generatorID>
<ownerDesignName>Exp2_S5_NicolasCavieres</ownerDesignName>
<engineerTo>
<item key="5FE5B6C2-B17F-D373-02BC-69F51A5E9CAF" value="true"/>
</engineerTo>
<nullsAllowed>true</nullsAllowed>
<referedAttribute>013534FD-E845-3746-C273-C3AE0E0EF7AF</referedAttribute>
<useDomainConstraints>false</useDomainConstraints>
<use>1</use>
<logicalDatatype>LOGDT011</logicalDatatype>
<ownDataTypeParameters>,,</ownDataTypeParameters>
</Attribute>
</attributes>
<identifiers itemClass="oracle.dbtools.crest.model.design.logical.CandidateKey">
<identifier id="E18C8DA3-3D47-CD8A-D098-42CC49B89B7D" name="SOLICITUD_EXAMEN PK">
<createdBy>ariel</createdBy>
<createdTime>2025-09-15 21:52:35 UTC</createdTime>
<ownerDesignName>Exp2_S5_NicolasCavieres</ownerDesignName>
<engineerTo>
<item key="5FE5B6C2-B17F-D373-02BC-69F51A5E9CAF" value="true"/>
</engineerTo>
<pk>true</pk>
<usedAttributes>
<attributeRef>C33D6F40-08C1-AB17-1760-D403E5A4277D</attributeRef>
</usedAttributes>
</identifier>
</identifiers>
</Entity>