<?xml version = '1.0' encoding = 'UTF-8'?>
<Entity class="oracle.dbtools.crest.model.design.logical.Entity" directorySegmentName="seg_0" id="A6783D94-D52C-ADC3-4EB8-C46E1DB33E51" name="ATENCION">
<createdBy>ariel</createdBy>
<createdTime>2025-09-15 21:45:58 UTC</createdTime>
<ownerDesignName>Exp2_S5_NicolasCavieres</ownerDesignName>
<engineerTo>
<item key="5FE5B6C2-B17F-D373-02BC-69F51A5E9CAF" value="true"/>
</engineerTo>
<adequatelyNormalized>NO</adequatelyNormalized>
<expectedVolumes>0</expectedVolumes>
<fwdEngineeringStrategyName>Single Table</fwdEngineeringStrategyName>
<growthPercent>0</growthPercent>
<growthType>Year</growthType>
<maxVolumes>9999999</maxVolumes>
<minVolumes>0</minVolumes>
<normalForm>Third</normalForm>
<attributes itemClass="oracle.dbtools.crest.model.design.logical.Attribute">
<Attribute name="id_atencion" id="C7A307A4-6B89-FAFB-6260-CAB80701667F">
<createdBy>ariel</createdBy>
<createdTime>2025-09-15 21:46:03 UTC</createdTime>
<ownerDesignName>Exp2_S5_NicolasCavieres</ownerDesignName>
<engineerTo>
<item key="5FE5B6C2-B17F-D373-02BC-69F51A5E9CAF" value="true"/>
</engineerTo>
<useDomainConstraints>false</useDomainConstraints>
<use>1</use>
<logicalDatatype>LOGDT011</logicalDatatype>
<ownDataTypeParameters>,,</ownDataTypeParameters>
</Attribute>
<Attribute name="fecha_atencion" id="26DD4868-07E1-9DAE-4CAD-B9934D420D86">
<createdBy>ariel</createdBy>
<createdTime>2025-09-15 21:46:12 UTC</createdTime>
<ownerDesignName>Exp2_S5_NicolasCavieres</ownerDesignName>
<engineerTo>
<item key="5FE5B6C2-B17F-D373-02BC-69F51A5E9CAF" value="true"/>
</engineerTo>
<useDomainConstraints>false</useDomainConstraints>
<use>1</use>
<logicalDatatype>LOGDT008</logicalDatatype>
<ownDataTypeParameters>,,</ownDataTypeParameters>
</Attribute>
<Attribute name="estado" id="1BEFF304-0030-D94A-C962-39104AD06C1C">
<createdBy>ariel</createdBy>
<createdTime>2025-09-15 21:47:41 UTC</createdTime>
<ownerDesignName>Exp2_S5_NicolasCavieres</ownerDesignName>
<engineerTo>
<item key="5FE5B6C2-B17F-D373-02BC-69F51A5E9CAF" value="true"/>
</engineerTo>
<useDomainConstraints>false</useDomainConstraints>
<use>1</use>
<logicalDatatype>LOGDT024</logicalDatatype>
<dataTypeSize>20 CHAR</dataTypeSize>
<defaultValue>pendiente</defaultValue>
<ownDataTypeParameters>20 CHAR,,</ownDataTypeParameters>
</Attribute>
<Attribute name="observaciones" id="654C7A08-22D0-7798-F805-C9AFAFFED79B">
<createdBy>ariel</createdBy>
<createdTime>2025-09-15 21:46:55 UTC</createdTime>
<ownerDesignName>Exp2_S5_NicolasCavieres</ownerDesignName>
<engineerTo>
<item key="5FE5B6C2-B17F-D373-02BC-69F51A5E9CAF" value="true"/>
</engineerTo>
<nullsAllowed>true</nullsAllowed>
<useDomainConstraints>false</useDomainConstraints>
<use>1</use>
<logicalDatatype>LOGDT040</logicalDatatype>
<ownDataTypeParameters>,,</ownDataTypeParameters>
</Attribute>
<Attribute name="diagnostico" id="3E36A800-9322-AF4A-45B8-B15798CBFAC3">
<createdBy>ariel</createdBy>
<createdTime>2025-09-15 21:47:35 UTC</createdTime>
<ownerDesignName>Exp2_S5_NicolasCavieres</ownerDesignName>
<engineerTo>
<item key="5FE5B6C2-B17F-D373-02BC-69F51A5E9CAF" value="true"/>
</engineerTo>
<nullsAllowed>true</nullsAllowed>
<useDomainConstraints>false</useDomainConstraints>
<use>1</use>
<logicalDatatype>LOGDT040</logicalDatatype>
<ownDataTypeParameters>,,</ownDataTypeParameters>
</Attribute>
<Attribute name="id_solicitud_atencion" id="2B287608-5320-3CC5-673F-CA7C73C0FE06">
<createdBy>ariel</createdBy>
<createdTime>2025-09-15 23:36:34 UTC</createdTime>
<generatorID>D297B148-5B3E-6037-A8D6-6D08BFB5ACC1</generatorID>
<ownerDesignName>Exp2_S5_NicolasCavieres</ownerDesignName>
<engineerTo>
<item key="5FE5B6C2-B17F-D373-02BC-69F51A5E9CAF" value="true"/>
</engineerTo>
<nullsAllowed>true</nullsAllowed>
<referedAttribute>F6181E9A-1503-3322-B2C2-EF753EE29D1B</referedAttribute>
<useDomainConstraints>false</useDomainConstraints>
<use>1</use>
<logicalDatatype>LOGDT011</logicalDatatype>
<ownDataTypeParameters>,,</ownDataTypeParameters>
</Attribute>
<Attribute name="id_medico" id="6E03CB2C-5250-89F0-A082-8FE4EB7AA55B">
<createdBy>ariel</createdBy>
<createdTime>2025-09-15 23:39:06 UTC</createdTime>
<generatorID>6AA0E003-1B5D-450C-0E41-DC546EE58B3B</generatorID>
<ownerDesignName>Exp2_S5_NicolasCavieres</ownerDesignName>
<engineerTo>
<item key="5FE5B6C2-B17F-D373-02BC-69F51A5E9CAF" value="true"/>
</engineerTo>
<referedAttribute>013534FD-E845-3746-C273-C3AE0E0EF7AF</referedAttribute>
<useDomainConstraints>false</useDomainConstraints>
<use>1</use>
<logicalDatatype>LOGDT011</logicalDatatype>
<ownDataTypeParameters>,,</ownDataTypeParameters>
</Attribute>
<Attribute name="id_ficha_medica" id="4E4FB849-22AF-6650-C76A-749B3F2FB20B">
<createdBy>ariel</createdBy>
<createdTime>2025-09-15 23:39:59 UTC</createdTime>
<generatorID>85EB5C9F-30F7-BE3F-C0FE-070FC84C7876</generatorID>
<ownerDesignName>Exp2_S5_NicolasCavieres</ownerDesignName>
<engineerTo>
<item key="5FE5B6C2-B17F-D373-02BC-69F51A5E9CAF" value="true"/>
</engineerTo>
<nullsAllowed>true</nullsAllowed>
<referedAttribute>45A5DA1B-5D04-642C-93B7-25D8A6AD35CE</referedAttribute>
<useDomainConstraints>false</useDomainConstraints>
<use>1</use>
<logicalDatatype>LOGDT011</logicalDatatype>
<ownDataTypeParameters>,,</ownDataTypeParameters>
</Attribute>
<Attribute name="id_tipo_atencion" id="58AFE375-1554-33D5-8721-25288CA9AEF3">
<createdBy>ariel</createdBy>
<createdTime>2025-09-15 23:49:25 UTC</createdTime>
<generatorID>CDEA444F-B21A-B92A-4E43-8CC36B50711D</generatorID>
<ownerDesignName>Exp2_S5_NicolasCavieres</ownerDesignName>
<engineerTo>
<item key="5FE5B6C2-B17F-D373-02BC-69F51A5E9CAF" value="true"/>
</engineerTo>
<nullsAllowed>true</nullsAllowed>
<referedAttribute>96EE3FBB-329D-FD53-1884-6A5C035CF8F7</referedAttribute>
<useDomainConstraints>false</useDomainConstraints>
<use>1</use>
<logicalDatatype>LOGDT011</logicalDatatype>
<ownDataTypeParameters>,,</ownDataTypeParameters>
</Attribute>
<Attribute name="id_modalidad_atencion" id="9F626219-337C-3AD6-4F69-AFC6E726B12F">
<createdBy>ariel</createdBy>
<createdTime>2025-09-15 23:50:18 UTC</createdTime>
<generatorID>EC2D805E-09C7-E0BB-03CD-1A38F00C9AB6</generatorID>
<ownerDesignName>Exp2_S5_NicolasCavieres</ownerDesignName>
<engineerTo>
<item key="5FE5B6C2-B17F-D373-02BC-69F51A5E9CAF" value="true"/>
</engineerTo>
<nullsAllowed>true</nullsAllowed>
<referedAttribute>8BBDC06E-443A-F3B8-89F3-FDF8BB392489</referedAttribute>
<useDomainConstraints>false</useDomainConstraints>
<use>1</use>
<logicalDatatype>LOGDT011</logicalDatatype>
<ownDataTypeParameters>,,</ownDataTypeParameters>
</Attribute>
<Attribute name="id_pago_atencion" id="03E0B30A-3F37-4C20-A1C6-8904E7C3F1F4">
<createdBy>ariel</createdBy>
<createdTime>2025-09-15 23:55:44 UTC</createdTime>
<generatorID>04E03044-7A9C-9290-6747-98D042739D15</generatorID>
<ownerDesignName>Exp2_S5_NicolasCavieres</ownerDesignName>
<engineerTo>
<item key="5FE5B6C2-B17F-D373-02BC-69F51A5E9CAF" value="true"/>
</engineerTo>
<referedAttribute>7283A6DF-437A-C564-A8EF-AB30057E5DF6</referedAttribute>
<useDomainConstraints>false</useDomainConstraints>
<use>1</use>
<logicalDatatype>LOGDT011</logicalDatatype>
<ownDataTypeParameters>,,</ownDataTypeParameters>
</Attribute>
</attributes>
<identifiers itemClass="oracle.dbtools.crest.model.design.logical.CandidateKey">
<identifier id="4E0F3F49-B993-207D-945A-63E4C25AE192" name="ATENCION PK">
<createdBy>ariel</createdBy>
<createdTime>2025-09-15 21:46:11 UTC</createdTime>
<ownerDesignName>Exp2_S5_NicolasCavieres</ownerDesignName>
<engineerTo>
<item key="5FE5B6C2-B17F-D373-02BC-69F51A5E9CAF" value="true"/>
</engineerTo>
<pk>true</pk>
<usedAttributes>
<attributeRef>C7A307A4-6B89-FAFB-6260-CAB80701667F</attributeRef>
</usedAttributes>
</identifier>
</identifiers>
</Entity>