<?xml version = '1.0' encoding = 'UTF-8'?>
<Entity class="oracle.dbtools.crest.model.design.logical.Entity" directorySegmentName="seg_0" id="CF5AB430-610F-1DCD-1FBE-C482739735CD" name="MEDICO">
<createdBy>ariel</createdBy>
<createdTime>2025-09-15 21:31:24 UTC</createdTime>
<ownerDesignName>Exp2_S5_NicolasCavieres</ownerDesignName>
<engineerTo>
<item key="5FE5B6C2-B17F-D373-02BC-69F51A5E9CAF" value="true"/>
</engineerTo>
<adequatelyNormalized>NO</adequatelyNormalized>
<expectedVolumes>0</expectedVolumes>
<fwdEngineeringStrategyName>Single Table</fwdEngineeringStrategyName>
<growthPercent>0</growthPercent>
<growthType>Year</growthType>
<hierarchicalParent>C08DFAFB-3533-7CC1-58CA-54DCF573F54A</hierarchicalParent>
<maxVolumes>9999999</maxVolumes>
<minVolumes>0</minVolumes>
<normalForm>Third</normalForm>
<attributes itemClass="oracle.dbtools.crest.model.design.logical.Attribute">
<Attribute name="id_medico" id="013534FD-E845-3746-C273-C3AE0E0EF7AF">
<createdBy>ariel</createdBy>
<createdTime>2025-09-15 21:31:30 UTC</createdTime>
<ownerDesignName>Exp2_S5_NicolasCavieres</ownerDesignName>
<engineerTo>
<item key="5FE5B6C2-B17F-D373-02BC-69F51A5E9CAF" value="true"/>
</engineerTo>
<useDomainConstraints>false</useDomainConstraints>
<use>1</use>
<logicalDatatype>LOGDT011</logicalDatatype>
<ownDataTypeParameters>,,</ownDataTypeParameters>
</Attribute>
<Attribute name="fecha_ingreso" id="B6F43F17-387E-B839-D44B-060A2279F47D">
<createdBy>ariel</createdBy>
<createdTime>2025-09-15 21:31:38 UTC</createdTime>
<ownerDesignName>Exp2_S5_NicolasCavieres</ownerDesignName>
<engineerTo>
<item key="5FE5B6C2-B17F-D373-02BC-69F51A5E9CAF" value="true"/>
</engineerTo>
<useDomainConstraints>false</useDomainConstraints>
<use>1</use>
<logicalDatatype>LOGDT007</logicalDatatype>
<ownDataTypeParameters>,,</ownDataTypeParameters>
</Attribute>
<Attribute name="id_unidad" id="9BE77C07-1EA5-8E33-7101-D867FA5BA235">
<createdBy>ariel</createdBy>
<createdTime>2025-09-15 23:24:40 UTC</createdTime>
<generatorID>A6B9E27D-D99C-B6BA-2021-256D67F89581</generatorID>
<ownerDesignName>Exp2_S5_NicolasCavieres</ownerDesignName>
<engineerTo>
<item key="5FE5B6C2-B17F-D373-02BC-69F51A5E9CAF" value="true"/>
</engineerTo>
<referedAttribute>5A1DAC3A-50B5-DB62-708F-1740D9A958F4</referedAttribute>
<useDomainConstraints>false</useDomainConstraints>
<use>1</use>
<logicalDatatype>LOGDT011</logicalDatatype>
<ownDataTypeParameters>,,</ownDataTypeParameters>
</Attribute>
<Attribute name="id_afp" id="B986B9F0-4DB3-B0EF-785C-F84BB4A4941D">
<createdBy>ariel</createdBy>
<createdTime>2025-09-15 23:26:06 UTC</createdTime>
<generatorID>233817D2-D65D-2707-79AA-35A6874FB1DD</generatorID>
<ownerDesignName>Exp2_S5_NicolasCavieres</ownerDesignName>
<engineerTo>
<item key="5FE5B6C2-B17F-D373-02BC-69F51A5E9CAF" value="true"/>
</engineerTo>
<referedAttribute>3083DC16-C6B0-ED26-A8AC-5994A868D669</referedAttribute>
<useDomainConstraints>false</useDomainConstraints>
<use>1</use>
<logicalDatatype>LOGDT011</logicalDatatype>
<ownDataTypeParameters>,,</ownDataTypeParameters>
</Attribute>
<Attribute name="id_especialidad" id="49AE99A7-B037-38E4-A666-30C75E709260">
<createdBy>ariel</createdBy>
<createdTime>2025-09-15 23:26:54 UTC</createdTime>
<generatorID>59B4037A-E570-EB00-19C9-8F699387A524</generatorID>
<ownerDesignName>Exp2_S5_NicolasCavieres</ownerDesignName>
<engineerTo>
<item key="5FE5B6C2-B17F-D373-02BC-69F51A5E9CAF" value="true"/>
</engineerTo>
<referedAttribute>425DF9EF-8138-84AA-F420-97B408D12129</referedAttribute>
<useDomainConstraints>false</useDomainConstraints>
<use>1</use>
<logicalDatatype>LOGDT011</logicalDatatype>
<ownDataTypeParameters>,,</ownDataTypeParameters>
</Attribute>
<Attribute name="id_institucion" id="2FF98AA1-A6A5-0611-685F-9E2F389135ED">
<createdBy>ariel</createdBy>
<createdTime>2025-09-15 23:27:53 UTC</createdTime>
<generatorID>FA44AADF-F1B0-1669-95E6-B708D339A600</generatorID>
<ownerDesignName>Exp2_S5_NicolasCavieres</ownerDesignName>
<engineerTo>
<item key="5FE5B6C2-B17F-D373-02BC-69F51A5E9CAF" value="true"/>
</engineerTo>
<referedAttribute>DB94387E-2F4A-7A35-A873-F7F894985FCE</referedAttribute>
<useDomainConstraints>false</useDomainConstraints>
<use>1</use>
<logicalDatatype>LOGDT011</logicalDatatype>
<ownDataTypeParameters>,,</ownDataTypeParameters>
</Attribute>
<Attribute name="id_medico1" id="74048FBD-61F4-3429-BBA0-ED13C6D8E5C3">
<createdBy>ariel</createdBy>
<createdTime>2025-09-15 23:29:34 UTC</createdTime>
<generatorID>F7CBFEAE-265C-A0A2-FFAB-E1F212F97738</generatorID>
<ownerDesignName>Exp2_S5_NicolasCavieres</ownerDesignName>
<engineerTo>
<item key="5FE5B6C2-B17F-D373-02BC-69F51A5E9CAF" value="true"/>
</engineerTo>
<nullsAllowed>true</nullsAllowed>
<referedAttribute>013534FD-E845-3746-C273-C3AE0E0EF7AF</referedAttribute>
<useDomainConstraints>false</useDomainConstraints>
<use>1</use>
<logicalDatatype>LOGDT011</logicalDatatype>
<ownDataTypeParameters>,,</ownDataTypeParameters>
</Attribute>
</attributes>
<identifiers itemClass="oracle.dbtools.crest.model.design.logical.CandidateKey">
<identifier id="9D977903-5EFA-1E98-EE27-F9B4B448F833" name="MEDICO PK">
<createdBy>ariel</createdBy>
<createdTime>2025-09-15 21:31:38 UTC</createdTime>
<ownerDesignName>Exp2_S5_NicolasCavieres</ownerDesignName>
<engineerTo>
<item key="5FE5B6C2-B17F-D373-02BC-69F51A5E9CAF" value="true"/>
</engineerTo>
<pk>true</pk>
<usedAttributes>
<attributeRef>013534FD-E845-3746-C273-C3AE0E0EF7AF</attributeRef>
</usedAttributes>
</identifier>
</identifiers>
</Entity>