<?xml version = '1.0' encoding = 'UTF-8'?>
<Entity class="oracle.dbtools.crest.model.design.logical.Entity" directorySegmentName="seg_0" id="DB8B3B04-39C8-D392-2A15-EDF26B96034F" name="PAGO_EXAMEN">
<createdBy>ariel</createdBy>
<createdTime>2025-09-15 22:24:21 UTC</createdTime>
<ownerDesignName>Exp2_S5_NicolasCavieres</ownerDesignName>
<engineerTo>
<item key="5FE5B6C2-B17F-D373-02BC-69F51A5E9CAF" value="true"/>
</engineerTo>
<adequatelyNormalized>NO</adequatelyNormalized>
<expectedVolumes>0</expectedVolumes>
<fwdEngineeringStrategyName>Single Table</fwdEngineeringStrategyName>
<growthPercent>0</growthPercent>
<growthType>Year</growthType>
<hierarchicalParent>27F295CA-E1E6-2642-7CA9-495064715AF0</hierarchicalParent>
<maxVolumes>9999999</maxVolumes>
<minVolumes>0</minVolumes>
<normalForm>Third</normalForm>
<attributes itemClass="oracle.dbtools.crest.model.design.logical.Attribute">
<Attribute name="id_pago_examen" id="87C1A9DC-4AE8-2A13-05F0-A4DC1A2DEE74">
<createdBy>ariel</createdBy>
<createdTime>2025-09-15 22:24:28 UTC</createdTime>
<ownerDesignName>Exp2_S5_NicolasCavieres</ownerDesignName>
<engineerTo>
<item key="5FE5B6C2-B17F-D373-02BC-69F51A5E9CAF" value="true"/>
</engineerTo>
<useDomainConstraints>false</useDomainConstraints>
<use>1</use>
<logicalDatatype>LOGDT011</logicalDatatype>
<ownDataTypeParameters>,,</ownDataTypeParameters>
</Attribute>
<Attribute name="estado" id="1990E10C-B3A8-38F7-F766-A3048C265936">
<createdBy>ariel</createdBy>
<createdTime>2025-09-15 22:24:34 UTC</createdTime>
<ownerDesignName>Exp2_S5_NicolasCavieres</ownerDesignName>
<engineerTo>
<item key="5FE5B6C2-B17F-D373-02BC-69F51A5E9CAF" value="true"/>
</engineerTo>
<useDomainConstraints>false</useDomainConstraints>
<use>1</use>
<logicalDatatype>LOGDT024</logicalDatatype>
<dataTypeSize>10 CHAR</dataTypeSize>
<defaultValue>pendiente</defaultValue>
<ownDataTypeParameters>10 CHAR,,</ownDataTypeParameters>
</Attribute>
<Attribute name="id_examen" id="2F6F1BED-363D-0327-BD38-E7FE5021BA82">
<createdBy>ariel</createdBy>
<createdTime>2025-09-16 00:00:13 UTC</createdTime>
<generatorID>6C54E7FE-A5DB-F689-99F5-8F687039CF61</generatorID>
<ownerDesignName>Exp2_S5_NicolasCavieres</ownerDesignName>
<engineerTo>
<item key="5FE5B6C2-B17F-D373-02BC-69F51A5E9CAF" value="true"/>
</engineerTo>
<referedAttribute>EB2028BB-E910-A9FB-E1CA-9CCC91A1FB9A</referedAttribute>
<useDomainConstraints>false</useDomainConstraints>
<use>1</use>
<logicalDatatype>LOGDT011</logicalDatatype>
<ownDataTypeParameters>,,</ownDataTypeParameters>
</Attribute>
</attributes>
<identifiers itemClass="oracle.dbtools.crest.model.design.logical.CandidateKey">
<identifier id="39D5EBA8-F72B-416B-AEED-A1CC8DA8FDDB" name="PAGO_EXAMEN PK">
<createdBy>ariel</createdBy>
<createdTime>2025-09-15 22:24:33 UTC</createdTime>
<ownerDesignName>Exp2_S5_NicolasCavieres</ownerDesignName>
<engineerTo>
<item key="5FE5B6C2-B17F-D373-02BC-69F51A5E9CAF" value="true"/>
</engineerTo>
<pk>true</pk>
<usedAttributes>
<attributeRef>87C1A9DC-4AE8-2A13-05F0-A4DC1A2DEE74</attributeRef>
</usedAttributes>
</identifier>
</identifiers>
</Entity>