<?xml version = '1.0' encoding = 'UTF-8'?>
<Entity class="oracle.dbtools.crest.model.design.logical.Entity" directorySegmentName="seg_0" id="E8B4BA3F-A941-5393-68D0-7B6C3265A453" name="RESULTADO_EXAMEN">
<createdBy>ariel</createdBy>
<createdTime>2025-09-15 21:54:44 UTC</createdTime>
<ownerDesignName>Exp2_S5_NicolasCavieres</ownerDesignName>
<engineerTo>
<item key="5FE5B6C2-B17F-D373-02BC-69F51A5E9CAF" value="true"/>
</engineerTo>
<adequatelyNormalized>NO</adequatelyNormalized>
<expectedVolumes>0</expectedVolumes>
<fwdEngineeringStrategyName>Single Table</fwdEngineeringStrategyName>
<growthPercent>0</growthPercent>
<growthType>Year</growthType>
<maxVolumes>9999999</maxVolumes>
<minVolumes>0</minVolumes>
<normalForm>Third</normalForm>
<attributes itemClass="oracle.dbtools.crest.model.design.logical.Attribute">
<Attribute name="id_resultado" id="75E85316-5CDE-C0A4-AFE6-82435A2B56C4">
<createdBy>ariel</createdBy>
<createdTime>2025-09-15 21:54:52 UTC</createdTime>
<ownerDesignName>Exp2_S5_NicolasCavieres</ownerDesignName>
<engineerTo>
<item key="5FE5B6C2-B17F-D373-02BC-69F51A5E9CAF" value="true"/>
</engineerTo>
<useDomainConstraints>false</useDomainConstraints>
<use>1</use>
<logicalDatatype>LOGDT011</logicalDatatype>
<ownDataTypeParameters>,,</ownDataTypeParameters>
</Attribute>
<Attribute name="fecha_resultado" id="FEF97E01-C030-FCBF-FDDD-8B82B336CC18">
<createdBy>ariel</createdBy>
<createdTime>2025-09-15 21:55:11 UTC</createdTime>
<ownerDesignName>Exp2_S5_NicolasCavieres</ownerDesignName>
<engineerTo>
<item key="5FE5B6C2-B17F-D373-02BC-69F51A5E9CAF" value="true"/>
</engineerTo>
<useDomainConstraints>false</useDomainConstraints>
<use>1</use>
<logicalDatatype>LOGDT008</logicalDatatype>
<ownDataTypeParameters>,,</ownDataTypeParameters>
</Attribute>
<Attribute name="valores_resultado" id="06AC5788-7B1F-0484-3F15-F352EADFB2FB">
<createdBy>ariel</createdBy>
<createdTime>2025-09-15 21:55:38 UTC</createdTime>
<ownerDesignName>Exp2_S5_NicolasCavieres</ownerDesignName>
<engineerTo>
<item key="5FE5B6C2-B17F-D373-02BC-69F51A5E9CAF" value="true"/>
</engineerTo>
<useDomainConstraints>false</useDomainConstraints>
<use>1</use>
<logicalDatatype>LOGDT040</logicalDatatype>
<ownDataTypeParameters>,,</ownDataTypeParameters>
</Attribute>
<Attribute name="valores_referencia" id="74754650-6A3C-3CFA-473B-94DDA34BC693">
<createdBy>ariel</createdBy>
<createdTime>2025-09-15 21:55:24 UTC</createdTime>
<ownerDesignName>Exp2_S5_NicolasCavieres</ownerDesignName>
<engineerTo>
<item key="5FE5B6C2-B17F-D373-02BC-69F51A5E9CAF" value="true"/>
</engineerTo>
<nullsAllowed>true</nullsAllowed>
<useDomainConstraints>false</useDomainConstraints>
<use>1</use>
<logicalDatatype>LOGDT040</logicalDatatype>
<ownDataTypeParameters>,,</ownDataTypeParameters>
</Attribute>
<Attribute name="interpretacion_resultado" id="943C9571-3B7E-B404-A20C-D64E1DE47BD4">
<createdBy>ariel</createdBy>
<createdTime>2025-09-15 21:56:03 UTC</createdTime>
<ownerDesignName>Exp2_S5_NicolasCavieres</ownerDesignName>
<engineerTo>
<item key="5FE5B6C2-B17F-D373-02BC-69F51A5E9CAF" value="true"/>
</engineerTo>
<useDomainConstraints>false</useDomainConstraints>
<use>1</use>
<logicalDatatype>LOGDT040</logicalDatatype>
<ownDataTypeParameters>,,</ownDataTypeParameters>
</Attribute>
<Attribute name="observaciones" id="335C8F24-BD47-0C3D-34B3-FA6A9C96E455">
<createdBy>ariel</createdBy>
<createdTime>2025-09-15 21:56:15 UTC</createdTime>
<ownerDesignName>Exp2_S5_NicolasCavieres</ownerDesignName>
<engineerTo>
<item key="5FE5B6C2-B17F-D373-02BC-69F51A5E9CAF" value="true"/>
</engineerTo>
<nullsAllowed>true</nullsAllowed>
<useDomainConstraints>false</useDomainConstraints>
<use>1</use>
<logicalDatatype>LOGDT040</logicalDatatype>
<ownDataTypeParameters>,,</ownDataTypeParameters>
</Attribute>
<Attribute name="id_examen" id="26DFC8F1-4E71-38E8-4376-01EBE055461B">
<createdBy>ariel</createdBy>
<createdTime>2025-09-15 23:42:40 UTC</createdTime>
<generatorID>9F7737F5-979C-496C-C5E3-B4EDBF53093B</generatorID>
<ownerDesignName>Exp2_S5_NicolasCavieres</ownerDesignName>
<engineerTo>
<item key="5FE5B6C2-B17F-D373-02BC-69F51A5E9CAF" value="true"/>
</engineerTo>
<referedAttribute>EB2028BB-E910-A9FB-E1CA-9CCC91A1FB9A</referedAttribute>
<useDomainConstraints>false</useDomainConstraints>
<use>1</use>
<logicalDatatype>LOGDT011</logicalDatatype>
<ownDataTypeParameters>,,</ownDataTypeParameters>
</Attribute>
<Attribute name="id_ficha_medica" id="CE3B0F1E-3DE0-F996-7E9F-DC50FEB16205">
<createdBy>ariel</createdBy>
<createdTime>2025-09-15 23:57:28 UTC</createdTime>
<generatorID>4B78EA86-25A0-1A9A-80F3-CF817B6E2AF8</generatorID>
<ownerDesignName>Exp2_S5_NicolasCavieres</ownerDesignName>
<engineerTo>
<item key="5FE5B6C2-B17F-D373-02BC-69F51A5E9CAF" value="true"/>
</engineerTo>
<nullsAllowed>true</nullsAllowed>
<referedAttribute>45A5DA1B-5D04-642C-93B7-25D8A6AD35CE</referedAttribute>
<useDomainConstraints>false</useDomainConstraints>
<use>1</use>
<logicalDatatype>LOGDT011</logicalDatatype>
<ownDataTypeParameters>,,</ownDataTypeParameters>
</Attribute>
</attributes>
<identifiers itemClass="oracle.dbtools.crest.model.design.logical.CandidateKey">
<identifier id="8906F2B7-ABF8-EE96-B37F-9354ADFF6120" name="RESULTADO_EXAMEN PK">
<createdBy>ariel</createdBy>
<createdTime>2025-09-15 21:55:09 UTC</createdTime>
<ownerDesignName>Exp2_S5_NicolasCavieres</ownerDesignName>
<engineerTo>
<item key="5FE5B6C2-B17F-D373-02BC-69F51A5E9CAF" value="true"/>
</engineerTo>
<pk>true</pk>
<usedAttributes>
<attributeRef>75E85316-5CDE-C0A4-AFE6-82435A2B56C4</attributeRef>
</usedAttributes>
</identifier>
</identifiers>
</Entity>