<?xml version = '1.0' encoding = 'UTF-8'?>
<Relation class="oracle.dbtools.crest.model.design.logical.Relation" name="PERSONA_RESIDENTE" directorySegmentName="seg_0" id="031C9EE8-CA0E-FF50-EA80-86DA6DB5142E">
<createdBy>ariel</createdBy>
<createdTime>2025-08-28 19:20:49 UTC</createdTime>
<ownerDesignName>Exp1_S3_Nicolas_Cavieres</ownerDesignName>
<engineerTo>
<item key="B4821E92-F4F8-8E48-F783-9117C44BA280" value="true"/>
</engineerTo>
<sourcePk>065C7584-F4B4-569F-387C-DAE1198C7D52</sourcePk>
<targetPk>E349A692-1037-450A-38FA-2484AE375B29</targetPk>
<identifying>false</identifying>
<optionalSource>false</optionalSource>
<optionalTarget>false</optionalTarget>
<sourceCardinality>1</sourceCardinality>
<sourceEntity>F945CA34-0E0E-DB48-F6B0-F852172D7FCA</sourceEntity>
<targetCardinalityString>1</targetCardinalityString>
<targetEntity>C6F7DDF3-6874-D298-BDF7-71521FEE8DD1</targetEntity>
<transferable>true</transferable>
<deleteRule>NO ACTION</deleteRule>
</Relation>