<?xml version = '1.0' encoding = 'UTF-8'?>
<Relation class="oracle.dbtools.crest.model.design.logical.Relation" name="Relation_13" directorySegmentName="seg_0" id="12702F8C-D8F0-BD5E-F325-0711F7ADB561">
<createdBy>ariel</createdBy>
<createdTime>2025-08-28 19:56:04 UTC</createdTime>
<ownerDesignName>Exp1_S3_Nicolas_Cavieres</ownerDesignName>
<engineerTo>
<item key="B4821E92-F4F8-8E48-F783-9117C44BA280" value="true"/>
</engineerTo>
<sourcePk>912249C5-2BF5-E6E1-AA5A-BE88C5743A29</sourcePk>
<targetPk>912249C5-2BF5-E6E1-AA5A-BE88C5743A29</targetPk>
<identifying>false</identifying>
<optionalSource>false</optionalSource>
<optionalTarget>false</optionalTarget>
<sourceCardinality>*</sourceCardinality>
<sourceEntity>D2E473BA-ACCD-1FA6-9CD7-6FFAEA30E4C3</sourceEntity>
<targetCardinalityString>1</targetCardinalityString>
<targetEntity>D2E473BA-ACCD-1FA6-9CD7-6FFAEA30E4C3</targetEntity>
<transferable>true</transferable>
<deleteRule>NO ACTION</deleteRule>
</Relation>