<?xml version = '1.0' encoding = 'UTF-8'?>
<Relation class="oracle.dbtools.crest.model.design.logical.Relation" name="RESIDENTE-HABITACION" directorySegmentName="seg_0" id="198F0F78-790A-35A7-55D6-EBF4AC1392FB">
<createdBy>ariel</createdBy>
<createdTime>2025-08-28 13:55:43 UTC</createdTime>
<ownerDesignName>Exp1_S3_Nicolas_Cavieres</ownerDesignName>
<engineerTo>
<item key="B4821E92-F4F8-8E48-F783-9117C44BA280" value="true"/>
</engineerTo>
<sourcePk>E349A692-1037-450A-38FA-2484AE375B29</sourcePk>
<targetPk>32C9A7C1-E0C3-4E19-80E0-6DB9ED1D145C</targetPk>
<identifying>false</identifying>
<optionalSource>false</optionalSource>
<optionalTarget>false</optionalTarget>
<sourceCardinality>1</sourceCardinality>
<sourceEntity>C6F7DDF3-6874-D298-BDF7-71521FEE8DD1</sourceEntity>
<targetCardinalityString>1</targetCardinalityString>
<targetEntity>9E871D9B-B4EB-6516-A159-B34D8C9F1B75</targetEntity>
<transferable>true</transferable>
<deleteRule>NO ACTION</deleteRule>
</Relation>