<?xml version = '1.0' encoding = 'UTF-8'?>
<Relation class="oracle.dbtools.crest.model.design.logical.Relation" name="HABITACION-RESIDENCIA" directorySegmentName="seg_0" id="19E1595E-316F-BB1E-99A1-2EA2DA5DBCDE">
<createdBy>ariel</createdBy>
<createdTime>2025-08-28 13:56:33 UTC</createdTime>
<ownerDesignName>Exp1_S3_Nicolas_Cavieres</ownerDesignName>
<engineerTo>
<item key="B4821E92-F4F8-8E48-F783-9117C44BA280" value="true"/>
</engineerTo>
<sourcePk>CD997639-11DC-B1EC-9E63-E66C9BD89D02</sourcePk>
<targetPk>32C9A7C1-E0C3-4E19-80E0-6DB9ED1D145C</targetPk>
<identifying>false</identifying>
<optionalSource>false</optionalSource>
<optionalTarget>false</optionalTarget>
<sourceCardinality>1</sourceCardinality>
<sourceEntity>2A6FEABE-32C9-F4E4-966A-2768BFC5FB42</sourceEntity>
<targetCardinalityString>*</targetCardinalityString>
<targetEntity>9E871D9B-B4EB-6516-A159-B34D8C9F1B75</targetEntity>
<transferable>true</transferable>
<deleteRule>NO ACTION</deleteRule>
</Relation>