<?xml version = '1.0' encoding = 'UTF-8'?>
<Relation class="oracle.dbtools.crest.model.design.logical.Relation" name="CONTRATO-ANEXO" directorySegmentName="seg_0" id="1C3E68BF-C870-2E50-ACD2-8C8980F4DFF4">
<createdBy>ariel</createdBy>
<createdTime>2025-08-28 13:50:01 UTC</createdTime>
<ownerDesignName>Exp1_S3_Nicolas_Cavieres</ownerDesignName>
<engineerTo>
<item key="B4821E92-F4F8-8E48-F783-9117C44BA280" value="true"/>
</engineerTo>
<sourcePk>D56DE344-4BA9-E4EC-574C-F61B844679A4</sourcePk>
<targetPk>25B8622B-7B96-F4C8-A650-2B22D5CD3A5C</targetPk>
<identifying>false</identifying>
<optionalSource>false</optionalSource>
<optionalTarget>false</optionalTarget>
<sourceCardinality>1</sourceCardinality>
<sourceEntity>8BE25DD8-7570-4DCE-4AB0-7E519BB9CF53</sourceEntity>
<targetCardinalityString>*</targetCardinalityString>
<targetEntity>FE017FEA-9CF7-72BD-C918-2309283B8B1B</targetEntity>
<transferable>true</transferable>
<deleteRule>NO ACTION</deleteRule>
</Relation>