<?xml version = '1.0' encoding = 'UTF-8'?>
<Relation class="oracle.dbtools.crest.model.design.logical.Relation" name="PERSONA_APODERADO" directorySegmentName="seg_0" id="2C9F8425-5BA1-3470-0502-D261D7C44515">
<createdBy>ariel</createdBy>
<createdTime>2025-08-28 19:21:07 UTC</createdTime>
<ownerDesignName>Exp1_S3_Nicolas_Cavieres</ownerDesignName>
<engineerTo>
<item key="B4821E92-F4F8-8E48-F783-9117C44BA280" value="true"/>
</engineerTo>
<sourcePk>065C7584-F4B4-569F-387C-DAE1198C7D52</sourcePk>
<targetPk>4D15E1D5-45F5-C622-1B93-C7482D937AF6</targetPk>
<identifying>false</identifying>
<optionalSource>false</optionalSource>
<optionalTarget>false</optionalTarget>
<sourceCardinality>1</sourceCardinality>
<sourceEntity>F945CA34-0E0E-DB48-F6B0-F852172D7FCA</sourceEntity>
<targetCardinalityString>1</targetCardinalityString>
<targetEntity>F599E98D-7EA6-0693-4B9A-7E33A429E47A</targetEntity>
<transferable>true</transferable>
<deleteRule>NO ACTION</deleteRule>
</Relation>