<?xml version = '1.0' encoding = 'UTF-8'?>
<Relation class="oracle.dbtools.crest.model.design.logical.Relation" name="PERSONAL-RESIDENCIA" directorySegmentName="seg_0" id="3BD4B076-2E5B-DE7B-5577-37A00F2F70AB">
<createdBy>ariel</createdBy>
<createdTime>2025-08-28 13:57:43 UTC</createdTime>
<ownerDesignName>Exp1_S3_Nicolas_Cavieres</ownerDesignName>
<engineerTo>
<item key="B4821E92-F4F8-8E48-F783-9117C44BA280" value="true"/>
</engineerTo>
<sourcePk>CD997639-11DC-B1EC-9E63-E66C9BD89D02</sourcePk>
<targetPk>37D645F5-7DCF-1ADD-CD44-E3E3976F63C7</targetPk>
<identifying>false</identifying>
<optionalSource>false</optionalSource>
<optionalTarget>false</optionalTarget>
<sourceCardinality>1</sourceCardinality>
<sourceEntity>2A6FEABE-32C9-F4E4-966A-2768BFC5FB42</sourceEntity>
<targetCardinalityString>*</targetCardinalityString>
<targetEntity>84D5AC33-F7EE-65DD-AF9C-10CF1F9756FE</targetEntity>
<transferable>true</transferable>
<deleteRule>NO ACTION</deleteRule>
</Relation>