<?xml version = '1.0' encoding = 'UTF-8'?>
<Relation class="oracle.dbtools.crest.model.design.logical.Relation" name="RESIDENCIA-COMUNA" directorySegmentName="seg_0" id="B1C7D6B4-62F6-3C1B-15C3-035268458A13">
<createdBy>ariel</createdBy>
<createdTime>2025-08-28 13:56:52 UTC</createdTime>
<ownerDesignName>Exp1_S3_Nicolas_Cavieres</ownerDesignName>
<engineerTo>
<item key="B4821E92-F4F8-8E48-F783-9117C44BA280" value="true"/>
</engineerTo>
<sourcePk>50A5DDF5-7E19-F7A9-4F9E-22CDA6C697C7</sourcePk>
<targetPk>CD997639-11DC-B1EC-9E63-E66C9BD89D02</targetPk>
<identifying>true</identifying>
<optionalSource>false</optionalSource>
<optionalTarget>false</optionalTarget>
<sourceCardinality>1</sourceCardinality>
<sourceEntity>FBE94FFA-F6BD-272D-2FBB-04E3E3BA5016</sourceEntity>
<targetCardinalityString>*</targetCardinalityString>
<targetEntity>2A6FEABE-32C9-F4E4-966A-2768BFC5FB42</targetEntity>
<transferable>true</transferable>
<deleteRule>NO ACTION</deleteRule>
</Relation>