<?xml version = '1.0' encoding = 'UTF-8'?>
<Relation class="oracle.dbtools.crest.model.design.logical.Relation" name="APODERADO-CONTRATO" directorySegmentName="seg_0" id="CA081492-9D9D-D0C0-506F-F9B661DA5A90">
<createdBy>ariel</createdBy>
<createdTime>2025-08-28 13:51:32 UTC</createdTime>
<ownerDesignName>Exp1_S3_Nicolas_Cavieres</ownerDesignName>
<engineerTo>
<item key="B4821E92-F4F8-8E48-F783-9117C44BA280" value="true"/>
</engineerTo>
<sourcePk>4D15E1D5-45F5-C622-1B93-C7482D937AF6</sourcePk>
<targetPk>D56DE344-4BA9-E4EC-574C-F61B844679A4</targetPk>
<identifying>false</identifying>
<optionalSource>false</optionalSource>
<optionalTarget>false</optionalTarget>
<sourceCardinality>1</sourceCardinality>
<sourceEntity>F599E98D-7EA6-0693-4B9A-7E33A429E47A</sourceEntity>
<targetCardinalityString>*</targetCardinalityString>
<targetEntity>8BE25DD8-7570-4DCE-4AB0-7E519BB9CF53</targetEntity>
<transferable>true</transferable>
<deleteRule>NO ACTION</deleteRule>
</Relation>