<?xml version = '1.0' encoding = 'UTF-8'?>
<Relation class="oracle.dbtools.crest.model.design.logical.Relation" name="PERSONAL_MEDICO" directorySegmentName="seg_0" id="EA0D13D5-BF43-A325-15D3-20AEE96F471C">
<createdBy>ariel</createdBy>
<createdTime>2025-08-28 19:53:32 UTC</createdTime>
<ownerDesignName>Exp1_S3_Nicolas_Cavieres</ownerDesignName>
<engineerTo>
<item key="B4821E92-F4F8-8E48-F783-9117C44BA280" value="true"/>
</engineerTo>
<sourcePk>065C7584-F4B4-569F-387C-DAE1198C7D52</sourcePk>
<targetPk>912249C5-2BF5-E6E1-AA5A-BE88C5743A29</targetPk>
<identifying>false</identifying>
<optionalSource>false</optionalSource>
<optionalTarget>false</optionalTarget>
<sourceCardinality>1</sourceCardinality>
<sourceEntity>84D5AC33-F7EE-65DD-AF9C-10CF1F9756FE</sourceEntity>
<targetCardinalityString>1</targetCardinalityString>
<targetEntity>D2E473BA-ACCD-1FA6-9CD7-6FFAEA30E4C3</targetEntity>
<transferable>true</transferable>
<deleteRule>NO ACTION</deleteRule>
</Relation>