<?xml version = '1.0' encoding = 'UTF-8'?>
<Relation class="oracle.dbtools.crest.model.design.logical.Relation" name="PERSONAL-CUIDADOR" directorySegmentName="seg_0" id="F7C80014-94F3-E150-2A46-34BE1D06DF34">
<createdBy>ariel</createdBy>
<createdTime>2025-08-28 19:53:05 UTC</createdTime>
<ownerDesignName>Exp1_S3_Nicolas_Cavieres</ownerDesignName>
<engineerTo>
<item key="B4821E92-F4F8-8E48-F783-9117C44BA280" value="true"/>
</engineerTo>
<sourcePk>065C7584-F4B4-569F-387C-DAE1198C7D52</sourcePk>
<targetPk>1D1E422F-8ED8-507B-76D7-4B43708819BB</targetPk>
<identifying>false</identifying>
<optionalSource>false</optionalSource>
<optionalTarget>false</optionalTarget>
<sourceCardinality>1</sourceCardinality>
<sourceEntity>84D5AC33-F7EE-65DD-AF9C-10CF1F9756FE</sourceEntity>
<targetCardinalityString>*</targetCardinalityString>
<targetEntity>ADE2E243-3D47-11DC-0562-150016D4B813</targetEntity>
<transferable>true</transferable>
<deleteRule>NO ACTION</deleteRule>
</Relation>