<?xml version = '1.0' encoding = 'UTF-8'?>
<Relation class="oracle.dbtools.crest.model.design.logical.Relation" name="RESIDENTE-ANEXO" directorySegmentName="seg_0" id="FF9F6507-84DB-C7B3-0664-427FEF85E7E3">
<createdBy>ariel</createdBy>
<createdTime>2025-08-28 13:51:17 UTC</createdTime>
<ownerDesignName>Exp1_S3_Nicolas_Cavieres</ownerDesignName>
<engineerTo>
<item key="B4821E92-F4F8-8E48-F783-9117C44BA280" value="true"/>
</engineerTo>
<sourcePk>E349A692-1037-450A-38FA-2484AE375B29</sourcePk>
<targetPk>25B8622B-7B96-F4C8-A650-2B22D5CD3A5C</targetPk>
<identifying>false</identifying>
<optionalSource>false</optionalSource>
<optionalTarget>false</optionalTarget>
<sourceCardinality>1</sourceCardinality>
<sourceEntity>C6F7DDF3-6874-D298-BDF7-71521FEE8DD1</sourceEntity>
<targetCardinalityString>1</targetCardinalityString>
<targetEntity>FE017FEA-9CF7-72BD-C918-2309283B8B1B</targetEntity>
<transferable>true</transferable>
<deleteRule>NO ACTION</deleteRule>
</Relation>