<?xml version = '1.0' encoding = 'UTF-8'?>
<Table class="oracle.dbtools.crest.model.design.relational.Table" directorySegmentName="seg_0" id="0C676CFD-3A82-DC26-EBBA-3C4633231AFA" name="Relation_8">
<createdBy>ariel</createdBy>
<createdTime>2025-09-16 01:07:42 UTC</createdTime>
<ownerDesignName>Exp2_S5_NicolasCavieres</ownerDesignName>
<allowColumnReorder>false</allowColumnReorder>
<existDependencyGenerateInDDl>true</existDependencyGenerateInDDl>
<parsed>true</parsed>
<columns itemClass="oracle.dbtools.crest.model.design.relational.Column">
<Column name="id_tipo_pago" id="033B794E-2E1B-91A5-63D2-3FFF136C6F01">
<createdBy>ariel</createdBy>
<createdTime>2025-09-16 01:07:42 UTC</createdTime>
<ownerDesignName>Exp2_S5_NicolasCavieres</ownerDesignName>
<useDomainConstraints>false</useDomainConstraints>
<use>1</use>
<logicalDatatype>LOGDT011</logicalDatatype>
<ownDataTypeParameters>,,</ownDataTypeParameters>
<previousColumn>false</previousColumn>
<autoIncrementCycle>false</autoIncrementCycle>
<associations>
<colAssociation fkAssociation="AC6F8F50-2D26-61FE-D0BD-D0DFA8835906" referredColumn="BCF51292-4D7F-FAFF-FF8E-05D4DF0D670E"/>
</associations>
</Column>
<Column name="id_pago" id="B292E6BB-4E60-A018-0AD7-93D171F56D6E">
<createdBy>ariel</createdBy>
<createdTime>2025-09-16 01:07:42 UTC</createdTime>
<ownerDesignName>Exp2_S5_NicolasCavieres</ownerDesignName>
<useDomainConstraints>false</useDomainConstraints>
<use>1</use>
<logicalDatatype>LOGDT011</logicalDatatype>
<ownDataTypeParameters>,,</ownDataTypeParameters>
<previousColumn>false</previousColumn>
<autoIncrementCycle>false</autoIncrementCycle>
<associations>
<colAssociation fkAssociation="472F424E-0148-FCBE-F5AD-77965311EAF6" referredColumn="6D0481CF-E362-F123-8F36-948AE123BDB5"/>
</associations>
</Column>
</columns>
<indexes itemClass="oracle.dbtools.crest.model.design.relational.Index">
<ind_PK_UK id="0D9693B8-4D37-B964-18F1-E59023CAAB3D" name="PK_REGISTRO_PAGOS">
<createdBy>ariel</createdBy>
<createdTime>2025-09-16 01:07:42 UTC</createdTime>
<ownerDesignName>Exp2_S5_NicolasCavieres</ownerDesignName>
<pk>true</pk>
<indexState>Primary Constraint</indexState>
<isSurrogateKey>false</isSurrogateKey>
<indexColumnUsage>
<colUsage columnID="033B794E-2E1B-91A5-63D2-3FFF136C6F01"/>
<colUsage columnID="B292E6BB-4E60-A018-0AD7-93D171F56D6E"/>
</indexColumnUsage>
</ind_PK_UK>
<ind_PK_UK id="8E783D6E-3B0F-2C35-30A0-218D0E781146" name="Relation_8_TIPO_PAGO_FK">
<createdBy>ariel</createdBy>
<createdTime>2025-09-16 01:07:42 UTC</createdTime>
<generatorID>7624567E-DF9A-FA8E-F0AC-59D7CCC67DD7</generatorID>
<ownerDesignName>Exp2_S5_NicolasCavieres</ownerDesignName>
<indexState>Foreign Key</indexState>
<isSurrogateKey>false</isSurrogateKey>
<indexColumnUsage>
<colUsage columnID="033B794E-2E1B-91A5-63D2-3FFF136C6F01"/>
</indexColumnUsage>
</ind_PK_UK>
<ind_PK_UK id="909CD07C-3C0E-58B2-8BE8-FF5C4082B5DE" name="Relation_8_PAGO_FK">
<createdBy>ariel</createdBy>
<createdTime>2025-09-16 01:07:42 UTC</createdTime>
<generatorID>7624567E-DF9A-FA8E-F0AC-59D7CCC67DD7</generatorID>
<ownerDesignName>Exp2_S5_NicolasCavieres</ownerDesignName>
<indexState>Foreign Key</indexState>
<isSurrogateKey>false</isSurrogateKey>
<indexColumnUsage>
<colUsage columnID="B292E6BB-4E60-A018-0AD7-93D171F56D6E"/>
</indexColumnUsage>
</ind_PK_UK>
</indexes>
</Table>