<?xml version = '1.0' encoding = 'UTF-8'?>
<Table class="oracle.dbtools.crest.model.design.relational.Table" directorySegmentName="seg_0" id="0FCA5006-5292-E470-6BF3-DEB0D372F356" name="MEDICO">
<createdBy>ariel</createdBy>
<createdTime>2025-09-16 01:07:42 UTC</createdTime>
<generatorID>CF5AB430-610F-1DCD-1FBE-C482739735CD</generatorID>
<ownerDesignName>Exp2_S5_NicolasCavieres</ownerDesignName>
<allowColumnReorder>false</allowColumnReorder>
<existDependencyGenerateInDDl>true</existDependencyGenerateInDDl>
<parsed>true</parsed>
<columns itemClass="oracle.dbtools.crest.model.design.relational.Column">
<Column name="rut" id="B859A021-94F2-6414-87E1-CBF59892D7C5">
<createdBy>ariel</createdBy>
<createdTime>2025-09-16 01:07:42 UTC</createdTime>
<generatorID>32FED717-99BE-2B3C-3839-1D63AD9600BB</generatorID>
<ownerDesignName>Exp2_S5_NicolasCavieres</ownerDesignName>
<useDomainConstraints>false</useDomainConstraints>
<use>1</use>
<logicalDatatype>LOGDT024</logicalDatatype>
<dataTypeSize>12 CHAR</dataTypeSize>
<ownDataTypeParameters>12 CHAR,,</ownDataTypeParameters>
<autoIncrementCycle>false</autoIncrementCycle>
<associations>
<colAssociation fkAssociation="4F8CCF92-8AE0-229C-51CF-BC072A72230D" referredColumn="0BD9154C-0BD6-CE27-01C8-38C8F9DC2E71"/>
</associations>
</Column>
<Column name="id_medico" id="A7167196-7400-0AA2-5178-A8A86C630D91">
<createdBy>ariel</createdBy>
<createdTime>2025-09-16 01:07:42 UTC</createdTime>
<generatorID>013534FD-E845-3746-C273-C3AE0E0EF7AF</generatorID>
<ownerDesignName>Exp2_S5_NicolasCavieres</ownerDesignName>
<useDomainConstraints>false</useDomainConstraints>
<use>1</use>
<logicalDatatype>LOGDT011</logicalDatatype>
<ownDataTypeParameters>,,</ownDataTypeParameters>
<autoIncrementCycle>false</autoIncrementCycle>
</Column>
<Column name="fecha_ingreso" id="B46ABB06-7A33-239A-9611-2F013FCA64AA">
<createdBy>ariel</createdBy>
<createdTime>2025-09-16 01:07:42 UTC</createdTime>
<generatorID>B6F43F17-387E-B839-D44B-060A2279F47D</generatorID>
<ownerDesignName>Exp2_S5_NicolasCavieres</ownerDesignName>
<useDomainConstraints>false</useDomainConstraints>
<use>1</use>
<logicalDatatype>LOGDT007</logicalDatatype>
<ownDataTypeParameters>,,</ownDataTypeParameters>
<autoIncrementCycle>false</autoIncrementCycle>
</Column>
<Column name="id_unidad" id="2E0C857B-2FB2-81C4-96BD-820E85D0B6F9">
<createdBy>ariel</createdBy>
<createdTime>2025-09-16 01:07:42 UTC</createdTime>
<generatorID>9BE77C07-1EA5-8E33-7101-D867FA5BA235</generatorID>
<ownerDesignName>Exp2_S5_NicolasCavieres</ownerDesignName>
<useDomainConstraints>false</useDomainConstraints>
<use>1</use>
<logicalDatatype>LOGDT011</logicalDatatype>
<ownDataTypeParameters>,,</ownDataTypeParameters>
<previousColumn>false</previousColumn>
<autoIncrementCycle>false</autoIncrementCycle>
<associations>
<colAssociation fkAssociation="E2FCFC11-22BE-5127-1BF8-C7CC10EA52F6" referredColumn="097A656D-12AE-53CF-0307-E492FFB1C665"/>
</associations>
</Column>
<Column name="id_afp" id="05FFFE47-A529-2009-F1D4-D3CE51E5B91B">
<createdBy>ariel</createdBy>
<createdTime>2025-09-16 01:07:42 UTC</createdTime>
<generatorID>B986B9F0-4DB3-B0EF-785C-F84BB4A4941D</generatorID>
<ownerDesignName>Exp2_S5_NicolasCavieres</ownerDesignName>
<useDomainConstraints>false</useDomainConstraints>
<use>1</use>
<logicalDatatype>LOGDT011</logicalDatatype>
<ownDataTypeParameters>,,</ownDataTypeParameters>
<previousColumn>false</previousColumn>
<autoIncrementCycle>false</autoIncrementCycle>
<associations>
<colAssociation fkAssociation="C219DB1D-D341-4A3B-34F7-E3E711572150" referredColumn="09A99F22-11D5-C03F-F0EF-EE7B44C62D2D"/>
</associations>
</Column>
<Column name="id_especialidad" id="ADFABEFC-A695-8956-47A0-41EC8143D2D7">
<createdBy>ariel</createdBy>
<createdTime>2025-09-16 01:07:42 UTC</createdTime>
<generatorID>49AE99A7-B037-38E4-A666-30C75E709260</generatorID>
<ownerDesignName>Exp2_S5_NicolasCavieres</ownerDesignName>
<useDomainConstraints>false</useDomainConstraints>
<use>1</use>
<logicalDatatype>LOGDT011</logicalDatatype>
<ownDataTypeParameters>,,</ownDataTypeParameters>
<previousColumn>false</previousColumn>
<autoIncrementCycle>false</autoIncrementCycle>
<associations>
<colAssociation fkAssociation="5820D55A-89F0-F130-828A-FCA8718AD5DB" referredColumn="BF29453A-1D89-92A6-B02C-50C9107E5002"/>
</associations>
</Column>
<Column name="id_institucion" id="2AA55E10-2E26-00EA-FE2D-34F34789D8B8">
<createdBy>ariel</createdBy>
<createdTime>2025-09-16 01:07:42 UTC</createdTime>
<generatorID>2FF98AA1-A6A5-0611-685F-9E2F389135ED</generatorID>
<ownerDesignName>Exp2_S5_NicolasCavieres</ownerDesignName>
<useDomainConstraints>false</useDomainConstraints>
<use>1</use>
<logicalDatatype>LOGDT011</logicalDatatype>
<ownDataTypeParameters>,,</ownDataTypeParameters>
<previousColumn>false</previousColumn>
<autoIncrementCycle>false</autoIncrementCycle>
<associations>
<colAssociation fkAssociation="8E4DC7F7-DA69-7908-79DA-5C48C066D5D9" referredColumn="41ED776C-0B0B-0AE4-5A1D-8C7615FF8DAD"/>
</associations>
</Column>
<Column name="id_medico_supervisor" id="0AF15185-8719-C5D2-3546-C4946D05150E">
<createdBy>ariel</createdBy>
<createdTime>2025-09-16 01:07:42 UTC</createdTime>
<generatorID>74048FBD-61F4-3429-BBA0-ED13C6D8E5C3</generatorID>
<ownerDesignName>Exp2_S5_NicolasCavieres</ownerDesignName>
<nullsAllowed>true</nullsAllowed>
<useDomainConstraints>false</useDomainConstraints>
<use>1</use>
<logicalDatatype>LOGDT011</logicalDatatype>
<ownDataTypeParameters>,,</ownDataTypeParameters>
<previousColumn>false</previousColumn>
<autoIncrementCycle>false</autoIncrementCycle>
<associations>
<colAssociation fkAssociation="3FFB9A78-32D2-70D6-FF62-DE9400B4F0C1" referredColumn="A7167196-7400-0AA2-5178-A8A86C630D91"/>
</associations>
</Column>
</columns>
<indexes itemClass="oracle.dbtools.crest.model.design.relational.Index">
<ind_PK_UK id="98938DA1-DEC6-A41D-3C40-9DDAC2A6540B" name="PK_MEDICO">
<createdBy>ariel</createdBy>
<createdTime>2025-09-16 01:07:42 UTC</createdTime>
<generatorID>6DF05D78-9934-2CD4-491D-D2D99A5F5D95</generatorID>
<ownerDesignName>Exp2_S5_NicolasCavieres</ownerDesignName>
<pk>true</pk>
<indexState>Primary Constraint</indexState>
<isSurrogateKey>false</isSurrogateKey>
<indexColumnUsage>
<colUsage columnID="B859A021-94F2-6414-87E1-CBF59892D7C5"/>
</indexColumnUsage>
</ind_PK_UK>
<ind_PK_UK id="F44EB599-739C-6EE0-5958-25382B976A2D" name="MEDICO_PKv1">
<createdBy>ariel</createdBy>
<createdTime>2025-09-16 01:07:42 UTC</createdTime>
<generatorID>9D977903-5EFA-1E98-EE27-F9B4B448F833</generatorID>
<ownerDesignName>Exp2_S5_NicolasCavieres</ownerDesignName>
<indexState>Unique Constraint</indexState>
<isSurrogateKey>false</isSurrogateKey>
<indexColumnUsage>
<colUsage columnID="A7167196-7400-0AA2-5178-A8A86C630D91"/>
</indexColumnUsage>
</ind_PK_UK>
<ind_PK_UK id="38799C46-D819-04C2-3950-E8E990C0F059" name="FK_PERSONAv3">
<createdBy>ariel</createdBy>
<createdTime>2025-09-16 01:07:42 UTC</createdTime>
<generatorID>E4DBE6AE-4692-8A5B-A93F-65CFDE662C8A</generatorID>
<ownerDesignName>Exp2_S5_NicolasCavieres</ownerDesignName>
<indexState>Foreign Key</indexState>
<isSurrogateKey>false</isSurrogateKey>
<indexColumnUsage>
<colUsage columnID="B859A021-94F2-6414-87E1-CBF59892D7C5"/>
</indexColumnUsage>
</ind_PK_UK>
<ind_PK_UK id="804FFDDC-D089-54E5-FF11-DBE2DE2E31D2" name="FK_AFP">
<createdBy>ariel</createdBy>
<createdTime>2025-09-16 01:07:42 UTC</createdTime>
<generatorID>233817D2-D65D-2707-79AA-35A6874FB1DD</generatorID>
<ownerDesignName>Exp2_S5_NicolasCavieres</ownerDesignName>
<indexState>Foreign Key</indexState>
<isSurrogateKey>false</isSurrogateKey>
<indexColumnUsage>
<colUsage columnID="05FFFE47-A529-2009-F1D4-D3CE51E5B91B"/>
</indexColumnUsage>
</ind_PK_UK>
<ind_PK_UK id="82073D42-170C-A48D-2B50-BA14AFB6B5E2" name="FK_ESPECIALIDAD">
<createdBy>ariel</createdBy>
<createdTime>2025-09-16 01:07:42 UTC</createdTime>
<generatorID>59B4037A-E570-EB00-19C9-8F699387A524</generatorID>
<ownerDesignName>Exp2_S5_NicolasCavieres</ownerDesignName>
<indexState>Foreign Key</indexState>
<isSurrogateKey>false</isSurrogateKey>
<indexColumnUsage>
<colUsage columnID="ADFABEFC-A695-8956-47A0-41EC8143D2D7"/>
</indexColumnUsage>
</ind_PK_UK>
<ind_PK_UK id="12234392-1BCB-0BF2-0F08-289000FA2D37" name="FK_INSTITUCION_SALUD">
<createdBy>ariel</createdBy>
<createdTime>2025-09-16 01:07:42 UTC</createdTime>
<generatorID>FA44AADF-F1B0-1669-95E6-B708D339A600</generatorID>
<ownerDesignName>Exp2_S5_NicolasCavieres</ownerDesignName>
<indexState>Foreign Key</indexState>
<isSurrogateKey>false</isSurrogateKey>
<indexColumnUsage>
<colUsage columnID="2AA55E10-2E26-00EA-FE2D-34F34789D8B8"/>
</indexColumnUsage>
</ind_PK_UK>
<ind_PK_UK id="F931C6F9-AC9C-C2C5-EE9B-D8571E6C3879" name="FK_MEDICO_SUPERVISOR">
<createdBy>ariel</createdBy>
<createdTime>2025-09-16 01:07:42 UTC</createdTime>
<generatorID>F7CBFEAE-265C-A0A2-FFAB-E1F212F97738</generatorID>
<ownerDesignName>Exp2_S5_NicolasCavieres</ownerDesignName>
<indexState>Foreign Key</indexState>
<isSurrogateKey>false</isSurrogateKey>
<indexColumnUsage>
<colUsage columnID="0AF15185-8719-C5D2-3546-C4946D05150E"/>
</indexColumnUsage>
</ind_PK_UK>
<ind_PK_UK id="22752AAB-2D1B-D53A-DFAB-31370B77FC6A" name="FK_UNIDAD">
<createdBy>ariel</createdBy>
<createdTime>2025-09-16 01:07:42 UTC</createdTime>
<generatorID>A6B9E27D-D99C-B6BA-2021-256D67F89581</generatorID>
<ownerDesignName>Exp2_S5_NicolasCavieres</ownerDesignName>
<indexState>Foreign Key</indexState>
<isSurrogateKey>false</isSurrogateKey>
<indexColumnUsage>
<colUsage columnID="2E0C857B-2FB2-81C4-96BD-820E85D0B6F9"/>
</indexColumnUsage>
</ind_PK_UK>
</indexes>
</Table>