<?xml version = '1.0' encoding = 'UTF-8'?>
<Table class="oracle.dbtools.crest.model.design.relational.Table" directorySegmentName="seg_0" id="240F7061-B2DC-7CC9-A848-24ED9A2C5700" name="EXAMEN">
<createdBy>ariel</createdBy>
<createdTime>2025-09-16 01:07:42 UTC</createdTime>
<generatorID>E2682E11-7DD6-0775-A0E9-C335AA78149E</generatorID>
<ownerDesignName>Exp2_S5_NicolasCavieres</ownerDesignName>
<allowColumnReorder>false</allowColumnReorder>
<existDependencyGenerateInDDl>true</existDependencyGenerateInDDl>
<parsed>true</parsed>
<columns itemClass="oracle.dbtools.crest.model.design.relational.Column">
<Column name="id_examen" id="FA2B1098-39C9-8C57-6905-934DC5F69289">
<createdBy>ariel</createdBy>
<createdTime>2025-09-16 01:07:42 UTC</createdTime>
<generatorID>EB2028BB-E910-A9FB-E1CA-9CCC91A1FB9A</generatorID>
<ownerDesignName>Exp2_S5_NicolasCavieres</ownerDesignName>
<useDomainConstraints>false</useDomainConstraints>
<use>1</use>
<logicalDatatype>LOGDT011</logicalDatatype>
<ownDataTypeParameters>,,</ownDataTypeParameters>
<autoIncrementCycle>false</autoIncrementCycle>
</Column>
<Column name="codigo_examen" id="7C8880DD-512B-4E3F-75AA-CD1E8FA4056F">
<createdBy>ariel</createdBy>
<createdTime>2025-09-16 01:07:42 UTC</createdTime>
<generatorID>57A8964D-01C7-383E-83FA-4160EE676A36</generatorID>
<ownerDesignName>Exp2_S5_NicolasCavieres</ownerDesignName>
<useDomainConstraints>false</useDomainConstraints>
<use>1</use>
<logicalDatatype>LOGDT024</logicalDatatype>
<dataTypeSize>10 CHAR</dataTypeSize>
<ownDataTypeParameters>10 CHAR,,</ownDataTypeParameters>
<autoIncrementCycle>false</autoIncrementCycle>
</Column>
<Column name="nombre_examen" id="933B7F82-2D19-6FB7-B646-92BB38260224">
<createdBy>ariel</createdBy>
<createdTime>2025-09-16 01:07:42 UTC</createdTime>
<generatorID>94EB7ED1-AE2A-8BBD-FDE7-18E418365530</generatorID>
<ownerDesignName>Exp2_S5_NicolasCavieres</ownerDesignName>
<useDomainConstraints>false</useDomainConstraints>
<use>1</use>
<logicalDatatype>LOGDT024</logicalDatatype>
<dataTypeSize>50 CHAR</dataTypeSize>
<ownDataTypeParameters>50 CHAR,,</ownDataTypeParameters>
<autoIncrementCycle>false</autoIncrementCycle>
</Column>
<Column name="tipo_muestra" id="ECCD6F96-F235-00B7-D314-10994D8394DB">
<createdBy>ariel</createdBy>
<createdTime>2025-09-16 01:07:42 UTC</createdTime>
<generatorID>77B8028F-AEAF-86C1-65BA-81EC940EAFCB</generatorID>
<ownerDesignName>Exp2_S5_NicolasCavieres</ownerDesignName>
<useDomainConstraints>false</useDomainConstraints>
<use>1</use>
<logicalDatatype>LOGDT024</logicalDatatype>
<dataTypeSize>50 CHAR</dataTypeSize>
<ownDataTypeParameters>50 CHAR,,</ownDataTypeParameters>
<autoIncrementCycle>false</autoIncrementCycle>
</Column>
<Column name="condiciones_preparacion" id="89C250F2-7578-E87F-0A3C-D5BB2B457CFA">
<createdBy>ariel</createdBy>
<createdTime>2025-09-16 01:07:42 UTC</createdTime>
<generatorID>AC4BFD93-AE4F-4BD3-BDF7-B0107EA61BD9</generatorID>
<ownerDesignName>Exp2_S5_NicolasCavieres</ownerDesignName>
<useDomainConstraints>false</useDomainConstraints>
<use>1</use>
<logicalDatatype>LOGDT040</logicalDatatype>
<ownDataTypeParameters>,,</ownDataTypeParameters>
<autoIncrementCycle>false</autoIncrementCycle>
</Column>
<Column name="estado" id="684AE83D-9D9A-6EB3-83F4-02D3AA69219C">
<createdBy>ariel</createdBy>
<createdTime>2025-09-16 01:07:42 UTC</createdTime>
<generatorID>4E42F16E-584C-DC44-BD3C-B834B7547E7D</generatorID>
<ownerDesignName>Exp2_S5_NicolasCavieres</ownerDesignName>
<useDomainConstraints>false</useDomainConstraints>
<use>1</use>
<logicalDatatype>LOGDT024</logicalDatatype>
<dataTypeSize>10 CHAR</dataTypeSize>
<defaultValue>pendiente</defaultValue>
<ownDataTypeParameters>10 CHAR,,</ownDataTypeParameters>
<autoIncrementCycle>false</autoIncrementCycle>
</Column>
<Column name="id_ficha_medica" id="94AFEC56-10E5-4902-FE0B-C6F702BE5572">
<createdBy>ariel</createdBy>
<createdTime>2025-09-16 01:07:42 UTC</createdTime>
<generatorID>960BCE2D-E310-C5AE-220C-18F3E3379E13</generatorID>
<ownerDesignName>Exp2_S5_NicolasCavieres</ownerDesignName>
<nullsAllowed>true</nullsAllowed>
<useDomainConstraints>false</useDomainConstraints>
<use>1</use>
<logicalDatatype>LOGDT011</logicalDatatype>
<ownDataTypeParameters>,,</ownDataTypeParameters>
<previousColumn>false</previousColumn>
<autoIncrementCycle>false</autoIncrementCycle>
<associations>
<colAssociation fkAssociation="A391CDEF-1EFD-7C84-EA38-09F9A3DDBD06" referredColumn="EA7CC101-E6DC-EE30-509F-C0E34F3C9C3F"/>
</associations>
</Column>
<Column name="id_pago_examen" id="ECF8E161-4F70-440D-D9F3-9C221B143EDB">
<createdBy>ariel</createdBy>
<createdTime>2025-09-16 01:07:42 UTC</createdTime>
<generatorID>2FAC2262-75CB-AD84-87D6-89DB494DDB63</generatorID>
<ownerDesignName>Exp2_S5_NicolasCavieres</ownerDesignName>
<useDomainConstraints>false</useDomainConstraints>
<use>1</use>
<logicalDatatype>LOGDT011</logicalDatatype>
<ownDataTypeParameters>,,</ownDataTypeParameters>
<previousColumn>false</previousColumn>
<autoIncrementCycle>false</autoIncrementCycle>
<associations>
<colAssociation fkAssociation="EDBE6608-4412-C805-7AD7-C0A122751D14" referredColumn="1B90B974-0FDA-9DBB-723D-564A896FCE41"/>
</associations>
</Column>
<Column name="id_medico" id="5D387581-16F2-DF5B-1809-EEBCCF035865">
<createdBy>ariel</createdBy>
<createdTime>2025-09-16 01:07:42 UTC</createdTime>
<generatorID>89CF1529-79F1-8945-DFAA-A14F28055DA3</generatorID>
<ownerDesignName>Exp2_S5_NicolasCavieres</ownerDesignName>
<nullsAllowed>true</nullsAllowed>
<useDomainConstraints>false</useDomainConstraints>
<use>1</use>
<logicalDatatype>LOGDT011</logicalDatatype>
<ownDataTypeParameters>,,</ownDataTypeParameters>
<previousColumn>false</previousColumn>
<autoIncrementCycle>false</autoIncrementCycle>
<associations>
<colAssociation fkAssociation="0E6AC140-2D45-EF0C-A2B4-E74159BEEC10" referredColumn="A7167196-7400-0AA2-5178-A8A86C630D91"/>
</associations>
</Column>
<Column name="rut" id="957CC408-A7BC-D221-03E0-6F20C881C3CE">
<createdBy>ariel</createdBy>
<createdTime>2025-09-16 01:07:42 UTC</createdTime>
<generatorID>3AE0F5F2-CF8D-B3AD-B664-1331ADB79BD7</generatorID>
<ownerDesignName>Exp2_S5_NicolasCavieres</ownerDesignName>
<useDomainConstraints>false</useDomainConstraints>
<use>1</use>
<logicalDatatype>LOGDT024</logicalDatatype>
<dataTypeSize>12 CHAR</dataTypeSize>
<ownDataTypeParameters>12 CHAR,,</ownDataTypeParameters>
<previousColumn>false</previousColumn>
<autoIncrementCycle>false</autoIncrementCycle>
<associations>
<colAssociation fkAssociation="3F65435F-8031-FD46-C984-016564FFF1EF" referredColumn="9434A19A-F6E6-B01B-4FCC-19E557E96886"/>
</associations>
</Column>
</columns>
<indexes itemClass="oracle.dbtools.crest.model.design.relational.Index">
<ind_PK_UK id="1F99BD28-37DE-557D-068B-ABB9EE8B920E" name="PK_EXAMEN">
<createdBy>ariel</createdBy>
<createdTime>2025-09-16 01:07:42 UTC</createdTime>
<generatorID>145C756F-59EB-F5EE-5837-6509144CA9BF</generatorID>
<ownerDesignName>Exp2_S5_NicolasCavieres</ownerDesignName>
<pk>true</pk>
<indexState>Primary Constraint</indexState>
<isSurrogateKey>false</isSurrogateKey>
<indexColumnUsage>
<colUsage columnID="FA2B1098-39C9-8C57-6905-934DC5F69289"/>
</indexColumnUsage>
</ind_PK_UK>
<ind_PK_UK id="74A9CA21-ADE5-FADF-18CF-9D3AB0883D51" name="EXAMEN__IDX">
<createdBy>ariel</createdBy>
<createdTime>2025-09-16 01:07:42 UTC</createdTime>
<ownerDesignName>Exp2_S5_NicolasCavieres</ownerDesignName>
<indexState>Unique Plain Index</indexState>
<isSurrogateKey>false</isSurrogateKey>
<relationGeneratorID>6C54E7FE-A5DB-F689-99F5-8F687039CF61</relationGeneratorID>
<indexColumnUsage>
<colUsage columnID="ECF8E161-4F70-440D-D9F3-9C221B143EDB"/>
</indexColumnUsage>
</ind_PK_UK>
<ind_PK_UK id="0A4A5A44-DAEC-177E-FA9F-46726024F912" name="FK_MEDICA">
<createdBy>ariel</createdBy>
<createdTime>2025-09-16 01:07:42 UTC</createdTime>
<generatorID>36FE9AAC-45CE-9240-B0A3-DA16F9D7E5F3</generatorID>
<ownerDesignName>Exp2_S5_NicolasCavieres</ownerDesignName>
<indexState>Foreign Key</indexState>
<isSurrogateKey>false</isSurrogateKey>
<indexColumnUsage>
<colUsage columnID="94AFEC56-10E5-4902-FE0B-C6F702BE5572"/>
</indexColumnUsage>
</ind_PK_UK>
<ind_PK_UK id="F675F086-142C-4ECC-5885-3E9B910C99E5" name="FK_MEDICOv3">
<createdBy>ariel</createdBy>
<createdTime>2025-09-16 01:07:42 UTC</createdTime>
<generatorID>7D3FAC92-DDD5-A520-BF43-9B2D330C237B</generatorID>
<ownerDesignName>Exp2_S5_NicolasCavieres</ownerDesignName>
<indexState>Foreign Key</indexState>
<isSurrogateKey>false</isSurrogateKey>
<indexColumnUsage>
<colUsage columnID="5D387581-16F2-DF5B-1809-EEBCCF035865"/>
</indexColumnUsage>
</ind_PK_UK>
<ind_PK_UK id="3E8A821D-180C-8233-3ADA-F6F111E2478F" name="FK_PACIENTEv3">
<createdBy>ariel</createdBy>
<createdTime>2025-09-16 01:07:42 UTC</createdTime>
<generatorID>41594D90-5923-650C-99BD-7A29007067F3</generatorID>
<ownerDesignName>Exp2_S5_NicolasCavieres</ownerDesignName>
<indexState>Foreign Key</indexState>
<isSurrogateKey>false</isSurrogateKey>
<indexColumnUsage>
<colUsage columnID="957CC408-A7BC-D221-03E0-6F20C881C3CE"/>
</indexColumnUsage>
</ind_PK_UK>
<ind_PK_UK id="9C2F9447-D73A-9CE6-B7E0-BD73D925BF2F" name="FK_EXAMENv3">
<createdBy>ariel</createdBy>
<createdTime>2025-09-16 01:07:42 UTC</createdTime>
<generatorID>6C54E7FE-A5DB-F689-99F5-8F687039CF61</generatorID>
<ownerDesignName>Exp2_S5_NicolasCavieres</ownerDesignName>
<indexState>Foreign Key</indexState>
<isSurrogateKey>false</isSurrogateKey>
<indexColumnUsage>
<colUsage columnID="ECF8E161-4F70-440D-D9F3-9C221B143EDB"/>
</indexColumnUsage>
</ind_PK_UK>
</indexes>
</Table>