<?xml version = '1.0' encoding = 'UTF-8'?>
<Table class="oracle.dbtools.crest.model.design.relational.Table" directorySegmentName="seg_0" id="27453E04-93ED-2893-570E-8F4EBFCFED46" name="PACIENTE">
<createdBy>ariel</createdBy>
<createdTime>2025-09-16 01:07:42 UTC</createdTime>
<generatorID>DAD59786-E591-27FA-50E8-B64A2377DCAD</generatorID>
<ownerDesignName>Exp2_S5_NicolasCavieres</ownerDesignName>
<allowColumnReorder>false</allowColumnReorder>
<existDependencyGenerateInDDl>true</existDependencyGenerateInDDl>
<parsed>true</parsed>
<columns itemClass="oracle.dbtools.crest.model.design.relational.Column">
<Column name="rut" id="9434A19A-F6E6-B01B-4FCC-19E557E96886">
<createdBy>ariel</createdBy>
<createdTime>2025-09-16 01:07:42 UTC</createdTime>
<generatorID>32FED717-99BE-2B3C-3839-1D63AD9600BB</generatorID>
<ownerDesignName>Exp2_S5_NicolasCavieres</ownerDesignName>
<useDomainConstraints>false</useDomainConstraints>
<use>1</use>
<logicalDatatype>LOGDT024</logicalDatatype>
<dataTypeSize>12 CHAR</dataTypeSize>
<ownDataTypeParameters>,,</ownDataTypeParameters>
<autoIncrementCycle>false</autoIncrementCycle>
<associations>
<colAssociation fkAssociation="2D420B6D-3F91-3C2B-22FB-ACD68EE65001" referredColumn="0BD9154C-0BD6-CE27-01C8-38C8F9DC2E71"/>
</associations>
</Column>
<Column name="tipo_paciente" id="2ADC96DD-ABD9-5EE5-5F4A-AF35827E1C1A">
<createdBy>ariel</createdBy>
<createdTime>2025-09-16 01:07:42 UTC</createdTime>
<generatorID>8D2F6E75-CDAF-DB31-A842-AE07C52B8E4D</generatorID>
<ownerDesignName>Exp2_S5_NicolasCavieres</ownerDesignName>
<useDomainConstraints>false</useDomainConstraints>
<use>1</use>
<logicalDatatype>LOGDT024</logicalDatatype>
<dataTypeSize>20 CHAR</dataTypeSize>
<ownDataTypeParameters>20 CHAR,,</ownDataTypeParameters>
<autoIncrementCycle>false</autoIncrementCycle>
</Column>
<Column name="fecha_registro" id="4E8330C0-20D0-4500-7276-8583011C96CA">
<createdBy>ariel</createdBy>
<createdTime>2025-09-16 01:07:42 UTC</createdTime>
<generatorID>9DDD9617-CBDE-1BAA-1684-DA3BA9B281B5</generatorID>
<ownerDesignName>Exp2_S5_NicolasCavieres</ownerDesignName>
<useDomainConstraints>false</useDomainConstraints>
<use>1</use>
<logicalDatatype>LOGDT007</logicalDatatype>
<ownDataTypeParameters>,,</ownDataTypeParameters>
<autoIncrementCycle>false</autoIncrementCycle>
</Column>
<Column name="id_ficha_medica" id="F7EF7793-ABD9-CF24-CC87-E7E7AD8CB97C">
<createdBy>ariel</createdBy>
<createdTime>2025-09-16 01:07:42 UTC</createdTime>
<generatorID>3224E412-4869-AD06-1E30-F40ECDBF3E70</generatorID>
<ownerDesignName>Exp2_S5_NicolasCavieres</ownerDesignName>
<useDomainConstraints>false</useDomainConstraints>
<use>1</use>
<logicalDatatype>LOGDT011</logicalDatatype>
<ownDataTypeParameters>,,</ownDataTypeParameters>
<previousColumn>false</previousColumn>
<autoIncrementCycle>false</autoIncrementCycle>
<associations>
<colAssociation fkAssociation="2EFE34A0-F63A-9675-C5E1-CF3104BF729D" referredColumn="EA7CC101-E6DC-EE30-509F-C0E34F3C9C3F"/>
</associations>
</Column>
</columns>
<indexes itemClass="oracle.dbtools.crest.model.design.relational.Index">
<ind_PK_UK id="B3865D5B-6229-CC3F-E0C7-74F01B592B60" name="PK_PACIENTE">
<createdBy>ariel</createdBy>
<createdTime>2025-09-16 01:07:42 UTC</createdTime>
<generatorID>6DF05D78-9934-2CD4-491D-D2D99A5F5D95</generatorID>
<ownerDesignName>Exp2_S5_NicolasCavieres</ownerDesignName>
<pk>true</pk>
<indexState>Primary Constraint</indexState>
<isSurrogateKey>false</isSurrogateKey>
<indexColumnUsage>
<colUsage columnID="9434A19A-F6E6-B01B-4FCC-19E557E96886"/>
</indexColumnUsage>
</ind_PK_UK>
<ind_PK_UK id="536E824B-D274-916C-B461-0C1E8B8DE1C6" name="PACIENTE__IDX">
<createdBy>ariel</createdBy>
<createdTime>2025-09-16 01:07:42 UTC</createdTime>
<ownerDesignName>Exp2_S5_NicolasCavieres</ownerDesignName>
<indexState>Unique Plain Index</indexState>
<isSurrogateKey>false</isSurrogateKey>
<relationGeneratorID>5F9318F6-403F-5089-1A65-5DE15B9B84C2</relationGeneratorID>
<indexColumnUsage>
<colUsage columnID="F7EF7793-ABD9-CF24-CC87-E7E7AD8CB97C"/>
</indexColumnUsage>
</ind_PK_UK>
<ind_PK_UK id="A8A98DFF-FDDC-2E0D-3131-BAF24ED2F0C7" name="FK_PERSONAv2">
<createdBy>ariel</createdBy>
<createdTime>2025-09-16 01:07:42 UTC</createdTime>
<generatorID>1D952F78-A47B-BC26-2DF5-664BA094663A</generatorID>
<ownerDesignName>Exp2_S5_NicolasCavieres</ownerDesignName>
<indexState>Foreign Key</indexState>
<isSurrogateKey>false</isSurrogateKey>
<indexColumnUsage>
<colUsage columnID="9434A19A-F6E6-B01B-4FCC-19E557E96886"/>
</indexColumnUsage>
</ind_PK_UK>
<ind_PK_UK id="F4656499-6C58-5F32-9030-BAA32B2ABC6B" name="FK_FICHA_MEDICA">
<createdBy>ariel</createdBy>
<createdTime>2025-09-16 01:07:42 UTC</createdTime>
<generatorID>5F9318F6-403F-5089-1A65-5DE15B9B84C2</generatorID>
<ownerDesignName>Exp2_S5_NicolasCavieres</ownerDesignName>
<indexState>Foreign Key</indexState>
<isSurrogateKey>false</isSurrogateKey>
<indexColumnUsage>
<colUsage columnID="F7EF7793-ABD9-CF24-CC87-E7E7AD8CB97C"/>
</indexColumnUsage>
</ind_PK_UK>
</indexes>
</Table>