<?xml version = '1.0' encoding = 'UTF-8'?>
<Table class="oracle.dbtools.crest.model.design.relational.Table" directorySegmentName="seg_0" id="5FCBFBBF-4A9D-47A1-FBAE-9D72059B0E6B" name="ATENCION">
<createdBy>ariel</createdBy>
<createdTime>2025-09-16 01:07:42 UTC</createdTime>
<generatorID>A6783D94-D52C-ADC3-4EB8-C46E1DB33E51</generatorID>
<ownerDesignName>Exp2_S5_NicolasCavieres</ownerDesignName>
<allowColumnReorder>false</allowColumnReorder>
<existDependencyGenerateInDDl>true</existDependencyGenerateInDDl>
<parsed>true</parsed>
<columns itemClass="oracle.dbtools.crest.model.design.relational.Column">
<Column name="id_atencion" id="38FE8C75-63A5-B098-24BF-FCC9352FF081">
<createdBy>ariel</createdBy>
<createdTime>2025-09-16 01:07:42 UTC</createdTime>
<generatorID>C7A307A4-6B89-FAFB-6260-CAB80701667F</generatorID>
<ownerDesignName>Exp2_S5_NicolasCavieres</ownerDesignName>
<useDomainConstraints>false</useDomainConstraints>
<use>1</use>
<logicalDatatype>LOGDT011</logicalDatatype>
<ownDataTypeParameters>,,</ownDataTypeParameters>
<autoIncrementCycle>false</autoIncrementCycle>
</Column>
<Column name="fecha_atencion" id="F71E2B9B-8F69-629D-13A0-49BD9102F648">
<createdBy>ariel</createdBy>
<createdTime>2025-09-16 01:07:42 UTC</createdTime>
<generatorID>26DD4868-07E1-9DAE-4CAD-B9934D420D86</generatorID>
<ownerDesignName>Exp2_S5_NicolasCavieres</ownerDesignName>
<useDomainConstraints>false</useDomainConstraints>
<use>1</use>
<logicalDatatype>LOGDT008</logicalDatatype>
<ownDataTypeParameters>,,</ownDataTypeParameters>
<autoIncrementCycle>false</autoIncrementCycle>
</Column>
<Column name="estado" id="4A0FD00C-BACD-E349-93BB-B342B18A94A2">
<createdBy>ariel</createdBy>
<createdTime>2025-09-16 01:07:42 UTC</createdTime>
<generatorID>1BEFF304-0030-D94A-C962-39104AD06C1C</generatorID>
<ownerDesignName>Exp2_S5_NicolasCavieres</ownerDesignName>
<useDomainConstraints>false</useDomainConstraints>
<use>1</use>
<logicalDatatype>LOGDT024</logicalDatatype>
<dataTypeSize>20 CHAR</dataTypeSize>
<defaultValue>pendiente</defaultValue>
<ownDataTypeParameters>20 CHAR,,</ownDataTypeParameters>
<autoIncrementCycle>false</autoIncrementCycle>
</Column>
<Column name="observaciones" id="E60BF6FA-DDAE-289D-221F-C913FC6B34FA">
<createdBy>ariel</createdBy>
<createdTime>2025-09-16 01:07:42 UTC</createdTime>
<generatorID>654C7A08-22D0-7798-F805-C9AFAFFED79B</generatorID>
<ownerDesignName>Exp2_S5_NicolasCavieres</ownerDesignName>
<nullsAllowed>true</nullsAllowed>
<useDomainConstraints>false</useDomainConstraints>
<use>1</use>
<logicalDatatype>LOGDT040</logicalDatatype>
<ownDataTypeParameters>,,</ownDataTypeParameters>
<autoIncrementCycle>false</autoIncrementCycle>
</Column>
<Column name="diagnostico" id="9D0F8794-B888-E183-5128-B3F9611FFB1D">
<createdBy>ariel</createdBy>
<createdTime>2025-09-16 01:07:42 UTC</createdTime>
<generatorID>3E36A800-9322-AF4A-45B8-B15798CBFAC3</generatorID>
<ownerDesignName>Exp2_S5_NicolasCavieres</ownerDesignName>
<nullsAllowed>true</nullsAllowed>
<useDomainConstraints>false</useDomainConstraints>
<use>1</use>
<logicalDatatype>LOGDT040</logicalDatatype>
<ownDataTypeParameters>,,</ownDataTypeParameters>
<autoIncrementCycle>false</autoIncrementCycle>
</Column>
<Column name="id_medico" id="E15F0359-2FCE-3205-4FA2-BCC0AAF96FEA">
<createdBy>ariel</createdBy>
<createdTime>2025-09-16 01:07:42 UTC</createdTime>
<generatorID>6E03CB2C-5250-89F0-A082-8FE4EB7AA55B</generatorID>
<ownerDesignName>Exp2_S5_NicolasCavieres</ownerDesignName>
<useDomainConstraints>false</useDomainConstraints>
<use>1</use>
<logicalDatatype>LOGDT011</logicalDatatype>
<ownDataTypeParameters>,,</ownDataTypeParameters>
<previousColumn>false</previousColumn>
<autoIncrementCycle>false</autoIncrementCycle>
<associations>
<colAssociation fkAssociation="B2BBC095-0022-AEBF-6BD9-5A3CF21359F0" referredColumn="A7167196-7400-0AA2-5178-A8A86C630D91"/>
</associations>
</Column>
<Column name="id_ficha_medica" id="A39440C6-E939-E046-82D6-DFC847C2B111">
<createdBy>ariel</createdBy>
<createdTime>2025-09-16 01:07:42 UTC</createdTime>
<generatorID>4E4FB849-22AF-6650-C76A-749B3F2FB20B</generatorID>
<ownerDesignName>Exp2_S5_NicolasCavieres</ownerDesignName>
<nullsAllowed>true</nullsAllowed>
<useDomainConstraints>false</useDomainConstraints>
<use>1</use>
<logicalDatatype>LOGDT011</logicalDatatype>
<ownDataTypeParameters>,,</ownDataTypeParameters>
<previousColumn>false</previousColumn>
<autoIncrementCycle>false</autoIncrementCycle>
<associations>
<colAssociation fkAssociation="18261411-C135-5269-BF46-6D67360C77EF" referredColumn="EA7CC101-E6DC-EE30-509F-C0E34F3C9C3F"/>
</associations>
</Column>
<Column name="id_tipo_atencion" id="86F74CE2-3D7F-2DAE-0376-151C5527E9B5">
<createdBy>ariel</createdBy>
<createdTime>2025-09-16 01:07:42 UTC</createdTime>
<generatorID>58AFE375-1554-33D5-8721-25288CA9AEF3</generatorID>
<ownerDesignName>Exp2_S5_NicolasCavieres</ownerDesignName>
<nullsAllowed>true</nullsAllowed>
<useDomainConstraints>false</useDomainConstraints>
<use>1</use>
<logicalDatatype>LOGDT011</logicalDatatype>
<ownDataTypeParameters>,,</ownDataTypeParameters>
<previousColumn>false</previousColumn>
<autoIncrementCycle>false</autoIncrementCycle>
<associations>
<colAssociation fkAssociation="33FC5AAE-D68C-0EDD-265A-4A8E281ADD79" referredColumn="C0975CBA-5BFD-2C73-CA39-E8061AEB766A"/>
</associations>
</Column>
<Column name="id_modalidad_atencion" id="7B9CE5C6-7E72-4A2A-D7F4-07C0D0E7EA2E">
<createdBy>ariel</createdBy>
<createdTime>2025-09-16 01:07:42 UTC</createdTime>
<generatorID>9F626219-337C-3AD6-4F69-AFC6E726B12F</generatorID>
<ownerDesignName>Exp2_S5_NicolasCavieres</ownerDesignName>
<nullsAllowed>true</nullsAllowed>
<useDomainConstraints>false</useDomainConstraints>
<use>1</use>
<logicalDatatype>LOGDT011</logicalDatatype>
<ownDataTypeParameters>,,</ownDataTypeParameters>
<previousColumn>false</previousColumn>
<autoIncrementCycle>false</autoIncrementCycle>
<associations>
<colAssociation fkAssociation="48518432-0AF7-FD7D-6211-36C827A80BAC" referredColumn="6323D1FA-0CC0-9289-A1C6-912188E44F54"/>
</associations>
</Column>
</columns>
<indexes itemClass="oracle.dbtools.crest.model.design.relational.Index">
<ind_PK_UK id="EA12E9A3-0817-DED2-C130-31BEE5E962D0" name="PK_ATENCION">
<createdBy>ariel</createdBy>
<createdTime>2025-09-16 01:07:42 UTC</createdTime>
<generatorID>4E0F3F49-B993-207D-945A-63E4C25AE192</generatorID>
<ownerDesignName>Exp2_S5_NicolasCavieres</ownerDesignName>
<pk>true</pk>
<indexState>Primary Constraint</indexState>
<isSurrogateKey>false</isSurrogateKey>
<indexColumnUsage>
<colUsage columnID="38FE8C75-63A5-B098-24BF-FCC9352FF081"/>
</indexColumnUsage>
</ind_PK_UK>
<ind_PK_UK id="9CB0EF5A-A436-8542-BE56-78B06266830D" name="ATENCION__IDX">
<createdBy>ariel</createdBy>
<createdTime>2025-09-16 01:07:42 UTC</createdTime>
<ownerDesignName>Exp2_S5_NicolasCavieres</ownerDesignName>
<indexState>Unique Plain Index</indexState>
<isSurrogateKey>false</isSurrogateKey>
<relationGeneratorID>D297B148-5B3E-6037-A8D6-6D08BFB5ACC1</relationGeneratorID>
</ind_PK_UK>
<ind_PK_UK id="BF881F82-43CA-C86A-4578-24A94816E11E" name="ATENCION__IDXv1">
<createdBy>ariel</createdBy>
<createdTime>2025-09-16 01:07:42 UTC</createdTime>
<ownerDesignName>Exp2_S5_NicolasCavieres</ownerDesignName>
<indexState>Unique Plain Index</indexState>
<isSurrogateKey>false</isSurrogateKey>
<relationGeneratorID>04E03044-7A9C-9290-6747-98D042739D15</relationGeneratorID>
</ind_PK_UK>
<ind_PK_UK id="93997EBB-0337-668E-8E23-876F96F41503" name="FK_FICHA_MEDICAv1">
<createdBy>ariel</createdBy>
<createdTime>2025-09-16 01:07:42 UTC</createdTime>
<generatorID>85EB5C9F-30F7-BE3F-C0FE-070FC84C7876</generatorID>
<ownerDesignName>Exp2_S5_NicolasCavieres</ownerDesignName>
<indexState>Foreign Key</indexState>
<isSurrogateKey>false</isSurrogateKey>
<indexColumnUsage>
<colUsage columnID="A39440C6-E939-E046-82D6-DFC847C2B111"/>
</indexColumnUsage>
</ind_PK_UK>
<ind_PK_UK id="DD2D67E3-162B-F50F-8CC6-5F91CAAF1D09" name="FK_MEDICOv2">
<createdBy>ariel</createdBy>
<createdTime>2025-09-16 01:07:42 UTC</createdTime>
<generatorID>6AA0E003-1B5D-450C-0E41-DC546EE58B3B</generatorID>
<ownerDesignName>Exp2_S5_NicolasCavieres</ownerDesignName>
<indexState>Foreign Key</indexState>
<isSurrogateKey>false</isSurrogateKey>
<indexColumnUsage>
<colUsage columnID="E15F0359-2FCE-3205-4FA2-BCC0AAF96FEA"/>
</indexColumnUsage>
</ind_PK_UK>
<ind_PK_UK id="C42418F7-9569-A077-7C2E-8EE8D7794D63" name="FK_MODALIDAD_ATENCION">
<createdBy>ariel</createdBy>
<createdTime>2025-09-16 01:07:42 UTC</createdTime>
<generatorID>EC2D805E-09C7-E0BB-03CD-1A38F00C9AB6</generatorID>
<ownerDesignName>Exp2_S5_NicolasCavieres</ownerDesignName>
<indexState>Foreign Key</indexState>
<isSurrogateKey>false</isSurrogateKey>
<indexColumnUsage>
<colUsage columnID="7B9CE5C6-7E72-4A2A-D7F4-07C0D0E7EA2E"/>
</indexColumnUsage>
</ind_PK_UK>
<ind_PK_UK id="113A8DC7-8B35-A36D-DD57-8DB01BE9DBD5" name="FK_TIPO_ATENCION">
<createdBy>ariel</createdBy>
<createdTime>2025-09-16 01:07:42 UTC</createdTime>
<generatorID>CDEA444F-B21A-B92A-4E43-8CC36B50711D</generatorID>
<ownerDesignName>Exp2_S5_NicolasCavieres</ownerDesignName>
<indexState>Foreign Key</indexState>
<isSurrogateKey>false</isSurrogateKey>
<indexColumnUsage>
<colUsage columnID="86F74CE2-3D7F-2DAE-0376-151C5527E9B5"/>
</indexColumnUsage>
</ind_PK_UK>
</indexes>
</Table>