<?xml version = '1.0' encoding = 'UTF-8'?>
<Table class="oracle.dbtools.crest.model.design.relational.Table" directorySegmentName="seg_0" id="6126AD67-47F7-3E4E-EC65-B6AFC575F6B3" name="SOLICITUD_ATENCION">
<createdBy>ariel</createdBy>
<createdTime>2025-09-16 01:07:42 UTC</createdTime>
<generatorID>B5CC82E2-3187-F204-7F61-A492954D6714</generatorID>
<ownerDesignName>Exp2_S5_NicolasCavieres</ownerDesignName>
<allowColumnReorder>false</allowColumnReorder>
<existDependencyGenerateInDDl>true</existDependencyGenerateInDDl>
<parsed>true</parsed>
<columns itemClass="oracle.dbtools.crest.model.design.relational.Column">
<Column name="id_solicitud_atencion" id="FA1CE94F-82AD-1A29-B729-176CE8EA9FC1">
<createdBy>ariel</createdBy>
<createdTime>2025-09-16 01:07:42 UTC</createdTime>
<generatorID>F6181E9A-1503-3322-B2C2-EF753EE29D1B</generatorID>
<ownerDesignName>Exp2_S5_NicolasCavieres</ownerDesignName>
<useDomainConstraints>false</useDomainConstraints>
<use>1</use>
<logicalDatatype>LOGDT011</logicalDatatype>
<ownDataTypeParameters>,,</ownDataTypeParameters>
<autoIncrementCycle>false</autoIncrementCycle>
</Column>
<Column name="fecha_solicitud_atencion" id="05489BB4-B9F1-02DF-2962-29374F7B2CAF">
<createdBy>ariel</createdBy>
<createdTime>2025-09-16 01:07:42 UTC</createdTime>
<commentInRDBMS><![CDATA[fecha y hora de solicitud de atención]]></commentInRDBMS>
<generatorID>51C886DE-08A4-A6D0-B261-0F26B96144B6</generatorID>
<ownerDesignName>Exp2_S5_NicolasCavieres</ownerDesignName>
<useDomainConstraints>false</useDomainConstraints>
<use>1</use>
<logicalDatatype>LOGDT008</logicalDatatype>
<ownDataTypeParameters>,,</ownDataTypeParameters>
<autoIncrementCycle>false</autoIncrementCycle>
</Column>
<Column name="fecha_solicitada" id="A5098350-17ED-191F-4160-0A571FEA77C1">
<createdBy>ariel</createdBy>
<createdTime>2025-09-16 01:07:42 UTC</createdTime>
<generatorID>86834F53-FA48-CB2A-FFE9-9D0ABC5A3101</generatorID>
<ownerDesignName>Exp2_S5_NicolasCavieres</ownerDesignName>
<useDomainConstraints>false</useDomainConstraints>
<use>1</use>
<logicalDatatype>LOGDT008</logicalDatatype>
<ownDataTypeParameters>,,</ownDataTypeParameters>
<autoIncrementCycle>false</autoIncrementCycle>
</Column>
<Column name="estado" id="CC6254E7-61CF-C605-4B49-2B458A738EA2">
<createdBy>ariel</createdBy>
<createdTime>2025-09-16 01:07:42 UTC</createdTime>
<generatorID>15BBFE32-11F9-0C36-7645-9B12E6442CF0</generatorID>
<ownerDesignName>Exp2_S5_NicolasCavieres</ownerDesignName>
<useDomainConstraints>false</useDomainConstraints>
<use>1</use>
<logicalDatatype>LOGDT024</logicalDatatype>
<dataTypeSize>20 CHAR</dataTypeSize>
<defaultValue>pendiente</defaultValue>
<ownDataTypeParameters>20 CHAR,,</ownDataTypeParameters>
<autoIncrementCycle>false</autoIncrementCycle>
</Column>
<Column name="id_atencion" id="17404ED4-95BC-D1EF-C19E-459C7F3FDCD4">
<createdBy>ariel</createdBy>
<createdTime>2025-09-16 01:38:42 UTC</createdTime>
<generatorID>DB75C2B2-1339-D1BB-0926-9A68F3913D31</generatorID>
<ownerDesignName>Exp2_S5_NicolasCavieres</ownerDesignName>
<nullsAllowed>true</nullsAllowed>
<useDomainConstraints>false</useDomainConstraints>
<use>1</use>
<logicalDatatype>LOGDT011</logicalDatatype>
<ownDataTypeParameters>,,</ownDataTypeParameters>
<previousColumn>false</previousColumn>
<autoIncrementCycle>false</autoIncrementCycle>
</Column>
<Column name="rut" id="27B2D574-7C12-089D-5B09-D049A5A9BCEE">
<createdBy>ariel</createdBy>
<createdTime>2025-09-16 01:07:42 UTC</createdTime>
<generatorID>E1951004-CDE9-39F5-4D1C-68636E444CFB</generatorID>
<ownerDesignName>Exp2_S5_NicolasCavieres</ownerDesignName>
<useDomainConstraints>false</useDomainConstraints>
<use>1</use>
<logicalDatatype>LOGDT024</logicalDatatype>
<dataTypeSize>12 CHAR</dataTypeSize>
<ownDataTypeParameters>12 CHAR,,</ownDataTypeParameters>
<previousColumn>false</previousColumn>
<autoIncrementCycle>false</autoIncrementCycle>
<associations>
<colAssociation fkAssociation="E5B2DF2D-AC36-EDD0-790C-FD512E5900EC" referredColumn="9434A19A-F6E6-B01B-4FCC-19E557E96886"/>
</associations>
</Column>
<Column name="id_atencion2" id="1DB49604-353D-13A1-4061-20DCFCB747BD">
<createdBy>ariel</createdBy>
<createdTime>2025-09-16 01:54:54 UTC</createdTime>
<ownerDesignName>Exp2_S5_NicolasCavieres</ownerDesignName>
<useDomainConstraints>false</useDomainConstraints>
<use>1</use>
<logicalDatatype>LOGDT011</logicalDatatype>
<ownDataTypeParameters>,,</ownDataTypeParameters>
<previousColumn>false</previousColumn>
<autoIncrementCycle>false</autoIncrementCycle>
<associations>
<colAssociation fkAssociation="D02FDE4C-70B6-B5F7-7CBE-7D127C3A7F16" referredColumn="38FE8C75-63A5-B098-24BF-FCC9352FF081"/>
</associations>
</Column>
</columns>
<indexes itemClass="oracle.dbtools.crest.model.design.relational.Index">
<ind_PK_UK id="47078ABC-4274-12C2-DE81-327E23069852" name="PK_SOLICITUD_ATENCION">
<createdBy>ariel</createdBy>
<createdTime>2025-09-16 01:07:42 UTC</createdTime>
<generatorID>7C26B2F7-9F52-DEEC-31C3-6ECD2CD62975</generatorID>
<ownerDesignName>Exp2_S5_NicolasCavieres</ownerDesignName>
<pk>true</pk>
<indexState>Primary Constraint</indexState>
<isSurrogateKey>false</isSurrogateKey>
<indexColumnUsage>
<colUsage columnID="FA1CE94F-82AD-1A29-B729-176CE8EA9FC1"/>
</indexColumnUsage>
</ind_PK_UK>
<ind_PK_UK id="92E9529A-F9B8-E2EF-98C5-EAE5E470A593" name="SOLICITUD_ATENCION__IDX">
<createdBy>ariel</createdBy>
<createdTime>2025-09-16 01:07:42 UTC</createdTime>
<ownerDesignName>Exp2_S5_NicolasCavieres</ownerDesignName>
<indexState>Unique Plain Index</indexState>
<isSurrogateKey>false</isSurrogateKey>
<relationGeneratorID>D297B148-5B3E-6037-A8D6-6D08BFB5ACC1</relationGeneratorID>
<indexColumnUsage>
<colUsage columnID="17404ED4-95BC-D1EF-C19E-459C7F3FDCD4"/>
</indexColumnUsage>
</ind_PK_UK>
<ind_PK_UK id="7F8076FD-03AC-D73A-6DC4-D6389889871D" name="FK_PACIENTEv2">
<createdBy>ariel</createdBy>
<createdTime>2025-09-16 01:07:42 UTC</createdTime>
<generatorID>61A81DB8-42C8-871E-C4FA-452B2EB3F27D</generatorID>
<ownerDesignName>Exp2_S5_NicolasCavieres</ownerDesignName>
<indexState>Foreign Key</indexState>
<isSurrogateKey>false</isSurrogateKey>
<indexColumnUsage>
<colUsage columnID="27B2D574-7C12-089D-5B09-D049A5A9BCEE"/>
</indexColumnUsage>
</ind_PK_UK>
<ind_PK_UK id="DBB37C88-D5A0-7AEA-9BC1-6D1D3325BD3A" name="FK_ATENCIONv2">
<createdBy>ariel</createdBy>
<createdTime>2025-09-16 01:54:54 UTC</createdTime>
<generatorID>4E0F3F49-B993-207D-945A-63E4C25AE192</generatorID>
<ownerDesignName>Exp2_S5_NicolasCavieres</ownerDesignName>
<indexState>Foreign Key</indexState>
<isSurrogateKey>false</isSurrogateKey>
<indexColumnUsage>
<colUsage columnID="1DB49604-353D-13A1-4061-20DCFCB747BD"/>
</indexColumnUsage>
</ind_PK_UK>
</indexes>
</Table>