<?xml version = '1.0' encoding = 'UTF-8'?>
<Table class="oracle.dbtools.crest.model.design.relational.Table" directorySegmentName="seg_0" id="6F20848B-658B-B627-6A20-8E35EFF9B8AD" name="PERSONA">
<createdBy>ariel</createdBy>
<createdTime>2025-09-16 01:07:42 UTC</createdTime>
<generatorID>C08DFAFB-3533-7CC1-58CA-54DCF573F54A</generatorID>
<ownerDesignName>Exp2_S5_NicolasCavieres</ownerDesignName>
<allowColumnReorder>false</allowColumnReorder>
<existDependencyGenerateInDDl>true</existDependencyGenerateInDDl>
<parsed>true</parsed>
<columns itemClass="oracle.dbtools.crest.model.design.relational.Column">
<Column name="rut" id="0BD9154C-0BD6-CE27-01C8-38C8F9DC2E71">
<createdBy>ariel</createdBy>
<createdTime>2025-09-16 01:07:42 UTC</createdTime>
<generatorID>32FED717-99BE-2B3C-3839-1D63AD9600BB</generatorID>
<ownerDesignName>Exp2_S5_NicolasCavieres</ownerDesignName>
<useDomainConstraints>false</useDomainConstraints>
<use>1</use>
<logicalDatatype>LOGDT024</logicalDatatype>
<dataTypeSize>12 CHAR</dataTypeSize>
<ownDataTypeParameters>12 CHAR,,</ownDataTypeParameters>
<autoIncrementCycle>false</autoIncrementCycle>
</Column>
<Column name="nombres" id="B4A83704-2EA9-E39A-A1FF-4CE38E3787FA">
<createdBy>ariel</createdBy>
<createdTime>2025-09-16 01:07:42 UTC</createdTime>
<generatorID>8BE230C8-B76D-A4FC-8FA2-6A90A22F069E</generatorID>
<ownerDesignName>Exp2_S5_NicolasCavieres</ownerDesignName>
<useDomainConstraints>false</useDomainConstraints>
<use>1</use>
<logicalDatatype>LOGDT024</logicalDatatype>
<dataTypeSize>100 CHAR</dataTypeSize>
<ownDataTypeParameters>100 CHAR,,</ownDataTypeParameters>
<autoIncrementCycle>false</autoIncrementCycle>
</Column>
<Column name="apellido_paterno" id="4B4B4945-6DE6-67B9-4F59-F60113653399">
<createdBy>ariel</createdBy>
<createdTime>2025-09-16 01:07:42 UTC</createdTime>
<generatorID>BB50EBFD-646A-EE99-0A40-2C1EE45AF56E</generatorID>
<ownerDesignName>Exp2_S5_NicolasCavieres</ownerDesignName>
<useDomainConstraints>false</useDomainConstraints>
<use>1</use>
<logicalDatatype>LOGDT024</logicalDatatype>
<dataTypeSize>100 CHAR</dataTypeSize>
<ownDataTypeParameters>100 CHAR,,</ownDataTypeParameters>
<autoIncrementCycle>false</autoIncrementCycle>
</Column>
<Column name="apellido_materno" id="CDB9B5CF-0F6D-0292-71AC-80C606A7B09B">
<createdBy>ariel</createdBy>
<createdTime>2025-09-16 01:07:42 UTC</createdTime>
<generatorID>84CB29BF-410E-7B8D-B768-AC2292A7A177</generatorID>
<ownerDesignName>Exp2_S5_NicolasCavieres</ownerDesignName>
<nullsAllowed>true</nullsAllowed>
<useDomainConstraints>false</useDomainConstraints>
<use>1</use>
<logicalDatatype>LOGDT024</logicalDatatype>
<dataTypeSize>100 CHAR</dataTypeSize>
<ownDataTypeParameters>100 CHAR,,</ownDataTypeParameters>
<autoIncrementCycle>false</autoIncrementCycle>
</Column>
<Column name="fecha_nacimiento" id="7224AFBD-8A3F-5C1D-9EC6-499492CFE87D">
<createdBy>ariel</createdBy>
<createdTime>2025-09-16 01:07:42 UTC</createdTime>
<generatorID>08AECABA-813E-2DFB-75CF-6B67A93F3870</generatorID>
<ownerDesignName>Exp2_S5_NicolasCavieres</ownerDesignName>
<useDomainConstraints>false</useDomainConstraints>
<use>1</use>
<logicalDatatype>LOGDT007</logicalDatatype>
<ownDataTypeParameters>,,</ownDataTypeParameters>
<autoIncrementCycle>false</autoIncrementCycle>
</Column>
<Column name="id_direccion" id="B44F1D29-8E41-C952-F080-775E6BB7DAA9">
<createdBy>ariel</createdBy>
<createdTime>2025-09-16 01:07:42 UTC</createdTime>
<generatorID>79D7BDAB-567E-D3CA-9BC2-D946A0DC2D24</generatorID>
<ownerDesignName>Exp2_S5_NicolasCavieres</ownerDesignName>
<useDomainConstraints>false</useDomainConstraints>
<use>1</use>
<logicalDatatype>LOGDT011</logicalDatatype>
<ownDataTypeParameters>,,</ownDataTypeParameters>
<previousColumn>false</previousColumn>
<autoIncrementCycle>false</autoIncrementCycle>
<associations>
<colAssociation fkAssociation="CBC80FD3-17CD-B13B-5B80-C03460D3F220" referredColumn="E211D9E3-EEDE-8524-EF3C-582BC53F1E6A"/>
</associations>
</Column>
<Column name="id_nacionalidad" id="7B26FF1B-63B8-EA73-8132-B8B607080FD4">
<createdBy>ariel</createdBy>
<createdTime>2025-09-16 01:07:42 UTC</createdTime>
<generatorID>D5D95408-4BEB-0430-D3B3-EC24E8FA8014</generatorID>
<ownerDesignName>Exp2_S5_NicolasCavieres</ownerDesignName>
<nullsAllowed>true</nullsAllowed>
<useDomainConstraints>false</useDomainConstraints>
<use>1</use>
<logicalDatatype>LOGDT011</logicalDatatype>
<ownDataTypeParameters>,,</ownDataTypeParameters>
<previousColumn>false</previousColumn>
<autoIncrementCycle>false</autoIncrementCycle>
<associations>
<colAssociation fkAssociation="376E613F-5FA2-1842-8723-1CAED588EB5F" referredColumn="2B9970B0-0421-0FF4-0BDD-AE7614BE51F0"/>
</associations>
</Column>
<Column name="id_estado_civil" id="3B91E22A-A2C8-F8D8-E892-7BA18ABC400B">
<createdBy>ariel</createdBy>
<createdTime>2025-09-16 01:07:42 UTC</createdTime>
<generatorID>EE5108F9-D8B5-60D6-E821-062AC3ABEB50</generatorID>
<ownerDesignName>Exp2_S5_NicolasCavieres</ownerDesignName>
<useDomainConstraints>false</useDomainConstraints>
<use>1</use>
<logicalDatatype>LOGDT011</logicalDatatype>
<ownDataTypeParameters>,,</ownDataTypeParameters>
<previousColumn>false</previousColumn>
<autoIncrementCycle>false</autoIncrementCycle>
<associations>
<colAssociation fkAssociation="ECD1197F-CFAC-B4C4-F2F2-A873A5A65853" referredColumn="1BD08406-63C3-7B90-77C3-73DF06E7EEA6"/>
</associations>
</Column>
<Column name="id_genero" id="11E658C1-CB1D-D95C-7A3B-20E032902820">
<createdBy>ariel</createdBy>
<createdTime>2025-09-16 01:07:42 UTC</createdTime>
<generatorID>B855E14B-6B75-60F6-47D5-3A08478A8DB7</generatorID>
<ownerDesignName>Exp2_S5_NicolasCavieres</ownerDesignName>
<useDomainConstraints>false</useDomainConstraints>
<use>1</use>
<logicalDatatype>LOGDT011</logicalDatatype>
<ownDataTypeParameters>,,</ownDataTypeParameters>
<previousColumn>false</previousColumn>
<autoIncrementCycle>false</autoIncrementCycle>
<associations>
<colAssociation fkAssociation="5DD16ECD-6828-BD39-2C77-750097DF603B" referredColumn="5AC5AF48-F6E2-AB50-D155-AF62A85C21A5"/>
</associations>
</Column>
</columns>
<indexes itemClass="oracle.dbtools.crest.model.design.relational.Index">
<ind_PK_UK id="7433CE92-FAD0-C076-A485-7CC4EF2E7D09" name="PK_PERSONA">
<createdBy>ariel</createdBy>
<createdTime>2025-09-16 01:07:42 UTC</createdTime>
<generatorID>6DF05D78-9934-2CD4-491D-D2D99A5F5D95</generatorID>
<ownerDesignName>Exp2_S5_NicolasCavieres</ownerDesignName>
<pk>true</pk>
<indexState>Primary Constraint</indexState>
<isSurrogateKey>false</isSurrogateKey>
<indexColumnUsage>
<colUsage columnID="0BD9154C-0BD6-CE27-01C8-38C8F9DC2E71"/>
</indexColumnUsage>
</ind_PK_UK>
<ind_PK_UK id="ED86DEBC-E514-D128-FD94-123854BC0213" name="FK_DIRECCION">
<createdBy>ariel</createdBy>
<createdTime>2025-09-16 01:07:42 UTC</createdTime>
<generatorID>DB5B8FAE-0401-1856-B306-5194D4E97A07</generatorID>
<ownerDesignName>Exp2_S5_NicolasCavieres</ownerDesignName>
<indexState>Foreign Key</indexState>
<isSurrogateKey>false</isSurrogateKey>
<indexColumnUsage>
<colUsage columnID="B44F1D29-8E41-C952-F080-775E6BB7DAA9"/>
</indexColumnUsage>
</ind_PK_UK>
<ind_PK_UK id="5D67B71C-5173-07B1-4ECC-876A6E46D351" name="FK_ESTADO_CIVIL">
<createdBy>ariel</createdBy>
<createdTime>2025-09-16 01:07:42 UTC</createdTime>
<generatorID>AB0B1420-A7C4-6A79-CE30-84098E686475</generatorID>
<ownerDesignName>Exp2_S5_NicolasCavieres</ownerDesignName>
<indexState>Foreign Key</indexState>
<isSurrogateKey>false</isSurrogateKey>
<indexColumnUsage>
<colUsage columnID="3B91E22A-A2C8-F8D8-E892-7BA18ABC400B"/>
</indexColumnUsage>
</ind_PK_UK>
<ind_PK_UK id="F51D94BA-0E22-48CC-35B2-EEAD3306D0DF" name="FK_GENERO">
<createdBy>ariel</createdBy>
<createdTime>2025-09-16 01:07:42 UTC</createdTime>
<generatorID>67F36275-2BBD-D0A0-4B0D-D2D58C7FDD9E</generatorID>
<ownerDesignName>Exp2_S5_NicolasCavieres</ownerDesignName>
<indexState>Foreign Key</indexState>
<isSurrogateKey>false</isSurrogateKey>
<indexColumnUsage>
<colUsage columnID="11E658C1-CB1D-D95C-7A3B-20E032902820"/>
</indexColumnUsage>
</ind_PK_UK>
<ind_PK_UK id="89987333-0502-4C90-88F7-0C18F9616BF4" name="FK_NACIONALIDAD">
<createdBy>ariel</createdBy>
<createdTime>2025-09-16 01:07:42 UTC</createdTime>
<generatorID>E1320A54-BD91-7D04-3C5A-806580C71174</generatorID>
<ownerDesignName>Exp2_S5_NicolasCavieres</ownerDesignName>
<indexState>Foreign Key</indexState>
<isSurrogateKey>false</isSurrogateKey>
<indexColumnUsage>
<colUsage columnID="7B26FF1B-63B8-EA73-8132-B8B607080FD4"/>
</indexColumnUsage>
</ind_PK_UK>
</indexes>
</Table>