<?xml version = '1.0' encoding = 'UTF-8'?>
<Table class="oracle.dbtools.crest.model.design.relational.Table" directorySegmentName="seg_0" id="75B6ABA1-31F7-147F-D4EB-6DC3AF42B72D" name="PAGO_EXAMEN">
<createdBy>ariel</createdBy>
<createdTime>2025-09-16 01:07:42 UTC</createdTime>
<generatorID>DB8B3B04-39C8-D392-2A15-EDF26B96034F</generatorID>
<ownerDesignName>Exp2_S5_NicolasCavieres</ownerDesignName>
<allowColumnReorder>false</allowColumnReorder>
<existDependencyGenerateInDDl>true</existDependencyGenerateInDDl>
<parsed>true</parsed>
<columns itemClass="oracle.dbtools.crest.model.design.relational.Column">
<Column name="id_pago_examen" id="1B90B974-0FDA-9DBB-723D-564A896FCE41">
<createdBy>ariel</createdBy>
<createdTime>2025-09-16 01:07:42 UTC</createdTime>
<generatorID>87C1A9DC-4AE8-2A13-05F0-A4DC1A2DEE74</generatorID>
<ownerDesignName>Exp2_S5_NicolasCavieres</ownerDesignName>
<useDomainConstraints>false</useDomainConstraints>
<use>1</use>
<logicalDatatype>LOGDT011</logicalDatatype>
<ownDataTypeParameters>,,</ownDataTypeParameters>
<autoIncrementCycle>false</autoIncrementCycle>
</Column>
<Column name="id_pago" id="11BF628C-144A-3BFD-1F4F-2856A52B5A28">
<createdBy>ariel</createdBy>
<createdTime>2025-09-16 01:07:42 UTC</createdTime>
<generatorID>0E7DAED6-EC01-5D46-D650-F621E1E9B0FB</generatorID>
<ownerDesignName>Exp2_S5_NicolasCavieres</ownerDesignName>
<useDomainConstraints>false</useDomainConstraints>
<use>1</use>
<logicalDatatype>LOGDT011</logicalDatatype>
<ownDataTypeParameters>,,</ownDataTypeParameters>
<autoIncrementCycle>false</autoIncrementCycle>
<associations>
<colAssociation fkAssociation="C58C541C-A99E-E8AC-7F7E-7B843B1EBB34" referredColumn="6D0481CF-E362-F123-8F36-948AE123BDB5"/>
</associations>
</Column>
<Column name="estado" id="9B12C198-3EDB-FEE8-65EC-C37FD7B9816B">
<createdBy>ariel</createdBy>
<createdTime>2025-09-16 01:07:42 UTC</createdTime>
<generatorID>1990E10C-B3A8-38F7-F766-A3048C265936</generatorID>
<ownerDesignName>Exp2_S5_NicolasCavieres</ownerDesignName>
<useDomainConstraints>false</useDomainConstraints>
<use>1</use>
<logicalDatatype>LOGDT024</logicalDatatype>
<dataTypeSize>10 CHAR</dataTypeSize>
<defaultValue>pendiente</defaultValue>
<ownDataTypeParameters>10 CHAR,,</ownDataTypeParameters>
<autoIncrementCycle>false</autoIncrementCycle>
</Column>
</columns>
<indexes itemClass="oracle.dbtools.crest.model.design.relational.Index">
<ind_PK_UK id="9BFB0141-AEA8-7257-45FE-2DDA08E8D18C" name="PK_PAGO_EXAMEN">
<createdBy>ariel</createdBy>
<createdTime>2025-09-16 01:07:42 UTC</createdTime>
<generatorID>059E8256-65DC-E553-E71A-CB340444B98A</generatorID>
<ownerDesignName>Exp2_S5_NicolasCavieres</ownerDesignName>
<pk>true</pk>
<indexState>Primary Constraint</indexState>
<isSurrogateKey>false</isSurrogateKey>
<indexColumnUsage>
<colUsage columnID="1B90B974-0FDA-9DBB-723D-564A896FCE41"/>
</indexColumnUsage>
</ind_PK_UK>
<ind_PK_UK id="EF8FB2FE-5020-3081-68DB-BDCAC7BA9162" name="PAGO_EXAMEN_PKv1">
<createdBy>ariel</createdBy>
<createdTime>2025-09-16 01:07:42 UTC</createdTime>
<generatorID>39D5EBA8-F72B-416B-AEED-A1CC8DA8FDDB</generatorID>
<ownerDesignName>Exp2_S5_NicolasCavieres</ownerDesignName>
<indexState>Unique Constraint</indexState>
<isSurrogateKey>false</isSurrogateKey>
<indexColumnUsage>
<colUsage columnID="1B90B974-0FDA-9DBB-723D-564A896FCE41"/>
</indexColumnUsage>
</ind_PK_UK>
<ind_PK_UK id="81B2A1B5-B16B-3BAD-BDFA-2DDC800B92D6" name="PAGO_EXAMEN__IDX">
<createdBy>ariel</createdBy>
<createdTime>2025-09-16 01:07:42 UTC</createdTime>
<ownerDesignName>Exp2_S5_NicolasCavieres</ownerDesignName>
<indexState>Unique Plain Index</indexState>
<isSurrogateKey>false</isSurrogateKey>
<relationGeneratorID>6C54E7FE-A5DB-F689-99F5-8F687039CF61</relationGeneratorID>
</ind_PK_UK>
<ind_PK_UK id="35D4A081-689F-B563-864E-86BB8C10E6D5" name="FK_PAGO">
<createdBy>ariel</createdBy>
<createdTime>2025-09-16 01:07:42 UTC</createdTime>
<generatorID>7D4F22D5-F79E-6E53-9690-F2370D87A27A</generatorID>
<ownerDesignName>Exp2_S5_NicolasCavieres</ownerDesignName>
<indexState>Foreign Key</indexState>
<isSurrogateKey>false</isSurrogateKey>
<indexColumnUsage>
<colUsage columnID="11BF628C-144A-3BFD-1F4F-2856A52B5A28"/>
</indexColumnUsage>
</ind_PK_UK>
</indexes>
</Table>