<?xml version = '1.0' encoding = 'UTF-8'?>
<Table class="oracle.dbtools.crest.model.design.relational.Table" directorySegmentName="seg_0" id="B59ED0AF-CDAD-270B-8415-4C12AD82B07B" name="SOLICITUD_EXAMEN">
<createdBy>ariel</createdBy>
<createdTime>2025-09-16 01:07:42 UTC</createdTime>
<generatorID>6D6DFD75-3637-7EFA-BC2A-816F3341A61E</generatorID>
<ownerDesignName>Exp2_S5_NicolasCavieres</ownerDesignName>
<allowColumnReorder>false</allowColumnReorder>
<existDependencyGenerateInDDl>true</existDependencyGenerateInDDl>
<parsed>true</parsed>
<columns itemClass="oracle.dbtools.crest.model.design.relational.Column">
<Column name="id_solicitud_examen" id="8CF76D1B-BCB7-4B7B-54EB-3F4E1CE2BFE4">
<createdBy>ariel</createdBy>
<createdTime>2025-09-16 01:07:42 UTC</createdTime>
<generatorID>C33D6F40-08C1-AB17-1760-D403E5A4277D</generatorID>
<ownerDesignName>Exp2_S5_NicolasCavieres</ownerDesignName>
<useDomainConstraints>false</useDomainConstraints>
<use>1</use>
<logicalDatatype>LOGDT011</logicalDatatype>
<ownDataTypeParameters>,,</ownDataTypeParameters>
<autoIncrementCycle>false</autoIncrementCycle>
</Column>
<Column name="fecha_solicitud_examen" id="8EDC4742-E998-CCE9-7434-E4E33523A400">
<createdBy>ariel</createdBy>
<createdTime>2025-09-16 01:07:42 UTC</createdTime>
<commentInRDBMS><![CDATA[fecha y hora de la solicitud]]></commentInRDBMS>
<generatorID>1D7F6D4B-2970-302D-B63C-8EB5E480511D</generatorID>
<ownerDesignName>Exp2_S5_NicolasCavieres</ownerDesignName>
<useDomainConstraints>false</useDomainConstraints>
<use>1</use>
<logicalDatatype>LOGDT008</logicalDatatype>
<ownDataTypeParameters>,,</ownDataTypeParameters>
<autoIncrementCycle>false</autoIncrementCycle>
</Column>
<Column name="estado" id="C8A6AD16-AEF6-20AB-3281-1A046812D08B">
<createdBy>ariel</createdBy>
<createdTime>2025-09-16 01:07:42 UTC</createdTime>
<generatorID>8277ED0C-33A0-4CE7-877E-C52C142A4914</generatorID>
<ownerDesignName>Exp2_S5_NicolasCavieres</ownerDesignName>
<useDomainConstraints>false</useDomainConstraints>
<use>1</use>
<logicalDatatype>LOGDT024</logicalDatatype>
<dataTypeSize>10 CHAR</dataTypeSize>
<defaultValue>pendiente</defaultValue>
<ownDataTypeParameters>10 CHAR,,</ownDataTypeParameters>
<autoIncrementCycle>false</autoIncrementCycle>
</Column>
<Column name="observaciones" id="6CC65CB5-2BEF-7265-A415-903E646134A6">
<createdBy>ariel</createdBy>
<createdTime>2025-09-16 01:07:42 UTC</createdTime>
<generatorID>AD41637F-0BD4-03A3-6040-3445527F63D5</generatorID>
<ownerDesignName>Exp2_S5_NicolasCavieres</ownerDesignName>
<nullsAllowed>true</nullsAllowed>
<useDomainConstraints>false</useDomainConstraints>
<use>1</use>
<logicalDatatype>LOGDT040</logicalDatatype>
<ownDataTypeParameters>,,</ownDataTypeParameters>
<autoIncrementCycle>false</autoIncrementCycle>
</Column>
<Column name="rut" id="C550F5CD-899C-80D0-A7C8-8AC4BEA3761D">
<createdBy>ariel</createdBy>
<createdTime>2025-09-16 01:07:42 UTC</createdTime>
<generatorID>0F7C9D9E-0CB5-0A57-9F23-B018D2EF5F2E</generatorID>
<ownerDesignName>Exp2_S5_NicolasCavieres</ownerDesignName>
<useDomainConstraints>false</useDomainConstraints>
<use>1</use>
<logicalDatatype>LOGDT024</logicalDatatype>
<dataTypeSize>12 CHAR</dataTypeSize>
<ownDataTypeParameters>12 CHAR,,</ownDataTypeParameters>
<previousColumn>false</previousColumn>
<autoIncrementCycle>false</autoIncrementCycle>
<associations>
<colAssociation fkAssociation="755F828C-7AC4-FF3D-5826-F41FC3FDD3A7" referredColumn="9434A19A-F6E6-B01B-4FCC-19E557E96886"/>
</associations>
</Column>
<Column name="id_examen" id="8BF2FBEB-B90F-73A8-4524-4F4BFEC000B9">
<createdBy>ariel</createdBy>
<createdTime>2025-09-16 01:07:42 UTC</createdTime>
<generatorID>0E30F423-885F-4001-2D00-1C02A7E0835F</generatorID>
<ownerDesignName>Exp2_S5_NicolasCavieres</ownerDesignName>
<nullsAllowed>true</nullsAllowed>
<useDomainConstraints>false</useDomainConstraints>
<use>1</use>
<logicalDatatype>LOGDT011</logicalDatatype>
<ownDataTypeParameters>,,</ownDataTypeParameters>
<previousColumn>false</previousColumn>
<autoIncrementCycle>false</autoIncrementCycle>
<associations>
<colAssociation fkAssociation="B89636BB-D3FF-F817-2429-6071DE4AC223" referredColumn="FA2B1098-39C9-8C57-6905-934DC5F69289"/>
</associations>
</Column>
<Column name="id_medico" id="EBFD41EE-D678-2FE7-DB3A-09EA3F491386">
<createdBy>ariel</createdBy>
<createdTime>2025-09-16 01:07:42 UTC</createdTime>
<generatorID>11DFA16D-7500-AB5C-1D91-978509968712</generatorID>
<ownerDesignName>Exp2_S5_NicolasCavieres</ownerDesignName>
<nullsAllowed>true</nullsAllowed>
<useDomainConstraints>false</useDomainConstraints>
<use>1</use>
<logicalDatatype>LOGDT011</logicalDatatype>
<ownDataTypeParameters>,,</ownDataTypeParameters>
<previousColumn>false</previousColumn>
<autoIncrementCycle>false</autoIncrementCycle>
<associations>
<colAssociation fkAssociation="7C8FBD7D-ACBA-DA23-7BE1-04D386EE5713" referredColumn="A7167196-7400-0AA2-5178-A8A86C630D91"/>
</associations>
</Column>
</columns>
<indexes itemClass="oracle.dbtools.crest.model.design.relational.Index">
<ind_PK_UK id="DC316B9D-C867-4F67-F5EE-2B85C1CBD9B7" name="PK_SOLICITUD_EXAMEN">
<createdBy>ariel</createdBy>
<createdTime>2025-09-16 01:07:42 UTC</createdTime>
<generatorID>E18C8DA3-3D47-CD8A-D098-42CC49B89B7D</generatorID>
<ownerDesignName>Exp2_S5_NicolasCavieres</ownerDesignName>
<pk>true</pk>
<indexState>Primary Constraint</indexState>
<isSurrogateKey>false</isSurrogateKey>
<indexColumnUsage>
<colUsage columnID="8CF76D1B-BCB7-4B7B-54EB-3F4E1CE2BFE4"/>
</indexColumnUsage>
</ind_PK_UK>
<ind_PK_UK id="4CAA5982-71F8-4E7F-49D2-198F7DDC4ECE" name="FK_EXAMENv1">
<createdBy>ariel</createdBy>
<createdTime>2025-09-16 01:07:42 UTC</createdTime>
<generatorID>6136CA48-4861-9B0E-138D-19DD565A2394</generatorID>
<ownerDesignName>Exp2_S5_NicolasCavieres</ownerDesignName>
<indexState>Foreign Key</indexState>
<isSurrogateKey>false</isSurrogateKey>
<indexColumnUsage>
<colUsage columnID="8BF2FBEB-B90F-73A8-4524-4F4BFEC000B9"/>
</indexColumnUsage>
</ind_PK_UK>
<ind_PK_UK id="FD81AEC0-CCEF-5CB6-D09C-7B84500E35B0" name="FK_MEDICOv1">
<createdBy>ariel</createdBy>
<createdTime>2025-09-16 01:07:42 UTC</createdTime>
<generatorID>DD80CC1E-93F0-6600-5924-5C7AC57B70D2</generatorID>
<ownerDesignName>Exp2_S5_NicolasCavieres</ownerDesignName>
<indexState>Foreign Key</indexState>
<isSurrogateKey>false</isSurrogateKey>
<indexColumnUsage>
<colUsage columnID="EBFD41EE-D678-2FE7-DB3A-09EA3F491386"/>
</indexColumnUsage>
</ind_PK_UK>
<ind_PK_UK id="DD51C58D-8D81-5698-74BD-26D877B5D608" name="FK_PACIENTEv1">
<createdBy>ariel</createdBy>
<createdTime>2025-09-16 01:07:42 UTC</createdTime>
<generatorID>C8DBE5A8-08F7-681E-F72A-B9A95BF2E120</generatorID>
<ownerDesignName>Exp2_S5_NicolasCavieres</ownerDesignName>
<indexState>Foreign Key</indexState>
<isSurrogateKey>false</isSurrogateKey>
<indexColumnUsage>
<colUsage columnID="C550F5CD-899C-80D0-A7C8-8AC4BEA3761D"/>
</indexColumnUsage>
</ind_PK_UK>
</indexes>
</Table>