<?xml version = '1.0' encoding = 'UTF-8'?>
<Table class="oracle.dbtools.crest.model.design.relational.Table" directorySegmentName="seg_0" id="BD90C64C-0A19-A47D-DFEC-09F29223D8C8" name="FICHA_MEDICA">
<createdBy>ariel</createdBy>
<createdTime>2025-09-16 01:07:42 UTC</createdTime>
<generatorID>C54CAF97-C9FB-076B-8C7C-9B43B0F64EE1</generatorID>
<ownerDesignName>Exp2_S5_NicolasCavieres</ownerDesignName>
<allowColumnReorder>false</allowColumnReorder>
<existDependencyGenerateInDDl>true</existDependencyGenerateInDDl>
<parsed>true</parsed>
<columns itemClass="oracle.dbtools.crest.model.design.relational.Column">
<Column name="id_ficha_medica" id="EA7CC101-E6DC-EE30-509F-C0E34F3C9C3F">
<createdBy>ariel</createdBy>
<createdTime>2025-09-16 01:07:42 UTC</createdTime>
<generatorID>45A5DA1B-5D04-642C-93B7-25D8A6AD35CE</generatorID>
<ownerDesignName>Exp2_S5_NicolasCavieres</ownerDesignName>
<useDomainConstraints>false</useDomainConstraints>
<use>1</use>
<logicalDatatype>LOGDT011</logicalDatatype>
<ownDataTypeParameters>,,</ownDataTypeParameters>
<autoIncrementCycle>false</autoIncrementCycle>
</Column>
<Column name="fecha_apertura" id="1B009646-9D78-0E7F-DC4D-7323FA4008E9">
<createdBy>ariel</createdBy>
<createdTime>2025-09-16 01:07:42 UTC</createdTime>
<generatorID>E3C70C06-ABB0-56F3-26EF-300F9FC8E2DC</generatorID>
<ownerDesignName>Exp2_S5_NicolasCavieres</ownerDesignName>
<useDomainConstraints>false</useDomainConstraints>
<use>1</use>
<logicalDatatype>LOGDT007</logicalDatatype>
<ownDataTypeParameters>,,</ownDataTypeParameters>
<autoIncrementCycle>false</autoIncrementCycle>
</Column>
<Column name="observaciones" id="E202F5FE-B345-8DD8-3BD8-CD55DB4E8FFB">
<createdBy>ariel</createdBy>
<createdTime>2025-09-16 01:07:42 UTC</createdTime>
<generatorID>BFFE3BC0-AB5B-5063-1C13-D5421A854675</generatorID>
<ownerDesignName>Exp2_S5_NicolasCavieres</ownerDesignName>
<nullsAllowed>true</nullsAllowed>
<useDomainConstraints>false</useDomainConstraints>
<use>1</use>
<logicalDatatype>LOGDT040</logicalDatatype>
<ownDataTypeParameters>,,</ownDataTypeParameters>
<autoIncrementCycle>false</autoIncrementCycle>
</Column>
<Column name="rut" id="A0537CF6-2A7B-BCC9-04A8-76C142ABE654">
<createdBy>ariel</createdBy>
<createdTime>2025-09-16 01:07:42 UTC</createdTime>
<generatorID>8E773CF4-4376-D7F9-08B3-F7CEC4531739</generatorID>
<ownerDesignName>Exp2_S5_NicolasCavieres</ownerDesignName>
<useDomainConstraints>false</useDomainConstraints>
<use>1</use>
<logicalDatatype>LOGDT024</logicalDatatype>
<dataTypeSize>12 CHAR</dataTypeSize>
<ownDataTypeParameters>12 CHAR,,</ownDataTypeParameters>
<previousColumn>false</previousColumn>
<autoIncrementCycle>false</autoIncrementCycle>
<associations>
<colAssociation fkAssociation="7D316559-F798-5822-8213-9B2E4A65BDEF" referredColumn="9434A19A-F6E6-B01B-4FCC-19E557E96886"/>
</associations>
</Column>
</columns>
<indexes itemClass="oracle.dbtools.crest.model.design.relational.Index">
<ind_PK_UK id="576275A0-14FD-0C03-6CBC-6D5987CC87CC" name="PK_FICHA_MEDICA">
<createdBy>ariel</createdBy>
<createdTime>2025-09-16 01:07:42 UTC</createdTime>
<generatorID>C625EA15-7FA4-09F9-D839-45FC73519ECA</generatorID>
<ownerDesignName>Exp2_S5_NicolasCavieres</ownerDesignName>
<pk>true</pk>
<indexState>Primary Constraint</indexState>
<isSurrogateKey>false</isSurrogateKey>
<indexColumnUsage>
<colUsage columnID="EA7CC101-E6DC-EE30-509F-C0E34F3C9C3F"/>
</indexColumnUsage>
</ind_PK_UK>
<ind_PK_UK id="9CF5E34E-8674-E361-3214-CD4A400B9460" name="FICHA_MEDICA__IDX">
<createdBy>ariel</createdBy>
<createdTime>2025-09-16 01:07:42 UTC</createdTime>
<ownerDesignName>Exp2_S5_NicolasCavieres</ownerDesignName>
<indexState>Unique Plain Index</indexState>
<isSurrogateKey>false</isSurrogateKey>
<relationGeneratorID>5F9318F6-403F-5089-1A65-5DE15B9B84C2</relationGeneratorID>
<indexColumnUsage>
<colUsage columnID="A0537CF6-2A7B-BCC9-04A8-76C142ABE654"/>
</indexColumnUsage>
</ind_PK_UK>
<ind_PK_UK id="0C8876E3-4597-A7BB-FA2D-D61A8E6790BB" name="FK_PACIENTEv5">
<createdBy>ariel</createdBy>
<createdTime>2025-09-16 01:07:42 UTC</createdTime>
<generatorID>5F9318F6-403F-5089-1A65-5DE15B9B84C2</generatorID>
<ownerDesignName>Exp2_S5_NicolasCavieres</ownerDesignName>
<indexState>Foreign Key</indexState>
<isSurrogateKey>false</isSurrogateKey>
<indexColumnUsage>
<colUsage columnID="A0537CF6-2A7B-BCC9-04A8-76C142ABE654"/>
</indexColumnUsage>
</ind_PK_UK>
</indexes>
</Table>