<?xml version = '1.0' encoding = 'UTF-8'?>
<Table class="oracle.dbtools.crest.model.design.relational.Table" directorySegmentName="seg_0" id="CA5CC4E8-D22F-D0D7-2BA2-C7ED57AB2B8F" name="RESULTADO_EXAMEN">
<createdBy>ariel</createdBy>
<createdTime>2025-09-16 01:07:42 UTC</createdTime>
<generatorID>E8B4BA3F-A941-5393-68D0-7B6C3265A453</generatorID>
<ownerDesignName>Exp2_S5_NicolasCavieres</ownerDesignName>
<allowColumnReorder>false</allowColumnReorder>
<existDependencyGenerateInDDl>true</existDependencyGenerateInDDl>
<parsed>true</parsed>
<columns itemClass="oracle.dbtools.crest.model.design.relational.Column">
<Column name="id_resultado" id="A1681786-A407-7079-4351-54113ED3010A">
<createdBy>ariel</createdBy>
<createdTime>2025-09-16 01:07:42 UTC</createdTime>
<generatorID>75E85316-5CDE-C0A4-AFE6-82435A2B56C4</generatorID>
<ownerDesignName>Exp2_S5_NicolasCavieres</ownerDesignName>
<useDomainConstraints>false</useDomainConstraints>
<use>1</use>
<logicalDatatype>LOGDT011</logicalDatatype>
<ownDataTypeParameters>,,</ownDataTypeParameters>
<autoIncrementCycle>false</autoIncrementCycle>
</Column>
<Column name="fecha_resultado" id="218DB1EB-1B04-2FA4-EE78-4F9CC28D226F">
<createdBy>ariel</createdBy>
<createdTime>2025-09-16 01:07:42 UTC</createdTime>
<generatorID>FEF97E01-C030-FCBF-FDDD-8B82B336CC18</generatorID>
<ownerDesignName>Exp2_S5_NicolasCavieres</ownerDesignName>
<useDomainConstraints>false</useDomainConstraints>
<use>1</use>
<logicalDatatype>LOGDT008</logicalDatatype>
<ownDataTypeParameters>,,</ownDataTypeParameters>
<autoIncrementCycle>false</autoIncrementCycle>
</Column>
<Column name="valores_resultado" id="EF4A88B7-0D2C-AE44-37D9-57599480EC7C">
<createdBy>ariel</createdBy>
<createdTime>2025-09-16 01:07:42 UTC</createdTime>
<generatorID>06AC5788-7B1F-0484-3F15-F352EADFB2FB</generatorID>
<ownerDesignName>Exp2_S5_NicolasCavieres</ownerDesignName>
<useDomainConstraints>false</useDomainConstraints>
<use>1</use>
<logicalDatatype>LOGDT040</logicalDatatype>
<ownDataTypeParameters>,,</ownDataTypeParameters>
<autoIncrementCycle>false</autoIncrementCycle>
</Column>
<Column name="valores_referencia" id="A2D96652-752E-0740-D43E-0792F15A7606">
<createdBy>ariel</createdBy>
<createdTime>2025-09-16 01:07:42 UTC</createdTime>
<generatorID>74754650-6A3C-3CFA-473B-94DDA34BC693</generatorID>
<ownerDesignName>Exp2_S5_NicolasCavieres</ownerDesignName>
<nullsAllowed>true</nullsAllowed>
<useDomainConstraints>false</useDomainConstraints>
<use>1</use>
<logicalDatatype>LOGDT040</logicalDatatype>
<ownDataTypeParameters>,,</ownDataTypeParameters>
<autoIncrementCycle>false</autoIncrementCycle>
</Column>
<Column name="interpretacion_resultado" id="613E68F4-2028-2504-422E-AE8264A631D6">
<createdBy>ariel</createdBy>
<createdTime>2025-09-16 01:07:42 UTC</createdTime>
<generatorID>943C9571-3B7E-B404-A20C-D64E1DE47BD4</generatorID>
<ownerDesignName>Exp2_S5_NicolasCavieres</ownerDesignName>
<useDomainConstraints>false</useDomainConstraints>
<use>1</use>
<logicalDatatype>LOGDT040</logicalDatatype>
<ownDataTypeParameters>,,</ownDataTypeParameters>
<autoIncrementCycle>false</autoIncrementCycle>
</Column>
<Column name="observaciones" id="2493CB9F-E3D0-F551-9E0A-3DE11FDA3B99">
<createdBy>ariel</createdBy>
<createdTime>2025-09-16 01:07:42 UTC</createdTime>
<generatorID>335C8F24-BD47-0C3D-34B3-FA6A9C96E455</generatorID>
<ownerDesignName>Exp2_S5_NicolasCavieres</ownerDesignName>
<nullsAllowed>true</nullsAllowed>
<useDomainConstraints>false</useDomainConstraints>
<use>1</use>
<logicalDatatype>LOGDT040</logicalDatatype>
<ownDataTypeParameters>,,</ownDataTypeParameters>
<autoIncrementCycle>false</autoIncrementCycle>
</Column>
<Column name="id_examen" id="39F8674A-A8D5-E20C-962E-93A5EF15D051">
<createdBy>ariel</createdBy>
<createdTime>2025-09-16 01:07:42 UTC</createdTime>
<generatorID>26DFC8F1-4E71-38E8-4376-01EBE055461B</generatorID>
<ownerDesignName>Exp2_S5_NicolasCavieres</ownerDesignName>
<useDomainConstraints>false</useDomainConstraints>
<use>1</use>
<logicalDatatype>LOGDT011</logicalDatatype>
<ownDataTypeParameters>,,</ownDataTypeParameters>
<previousColumn>false</previousColumn>
<autoIncrementCycle>false</autoIncrementCycle>
<associations>
<colAssociation fkAssociation="B5825D44-1E8B-B916-D280-DE421546C133" referredColumn="FA2B1098-39C9-8C57-6905-934DC5F69289"/>
</associations>
</Column>
<Column name="id_ficha_medica" id="89DB1F7A-56B6-3A66-6C2B-95AC56009269">
<createdBy>ariel</createdBy>
<createdTime>2025-09-16 01:07:42 UTC</createdTime>
<generatorID>CE3B0F1E-3DE0-F996-7E9F-DC50FEB16205</generatorID>
<ownerDesignName>Exp2_S5_NicolasCavieres</ownerDesignName>
<nullsAllowed>true</nullsAllowed>
<useDomainConstraints>false</useDomainConstraints>
<use>1</use>
<logicalDatatype>LOGDT011</logicalDatatype>
<ownDataTypeParameters>,,</ownDataTypeParameters>
<previousColumn>false</previousColumn>
<autoIncrementCycle>false</autoIncrementCycle>
<associations>
<colAssociation fkAssociation="AF35A0B9-185D-CFE9-8650-433C218676D0" referredColumn="EA7CC101-E6DC-EE30-509F-C0E34F3C9C3F"/>
</associations>
</Column>
</columns>
<indexes itemClass="oracle.dbtools.crest.model.design.relational.Index">
<ind_PK_UK id="8BB5F56F-9A99-47C9-1578-31BAC605AB05" name="PK_RESULTADO_EXAMEN">
<createdBy>ariel</createdBy>
<createdTime>2025-09-16 01:07:42 UTC</createdTime>
<generatorID>8906F2B7-ABF8-EE96-B37F-9354ADFF6120</generatorID>
<ownerDesignName>Exp2_S5_NicolasCavieres</ownerDesignName>
<pk>true</pk>
<indexState>Primary Constraint</indexState>
<isSurrogateKey>false</isSurrogateKey>
<indexColumnUsage>
<colUsage columnID="A1681786-A407-7079-4351-54113ED3010A"/>
</indexColumnUsage>
</ind_PK_UK>
<ind_PK_UK id="9B264BC9-3A22-94CF-2AA6-F39A996FBCC9" name="RESULTADO_EXAMEN__IDX">
<createdBy>ariel</createdBy>
<createdTime>2025-09-16 01:07:42 UTC</createdTime>
<ownerDesignName>Exp2_S5_NicolasCavieres</ownerDesignName>
<indexState>Unique Plain Index</indexState>
<isSurrogateKey>false</isSurrogateKey>
<relationGeneratorID>9F7737F5-979C-496C-C5E3-B4EDBF53093B</relationGeneratorID>
<indexColumnUsage>
<colUsage columnID="39F8674A-A8D5-E20C-962E-93A5EF15D051"/>
</indexColumnUsage>
</ind_PK_UK>
<ind_PK_UK id="AC0BBB50-6F68-9D91-0902-D50C12BE3DA3" name="FK_EXAMENv4">
<createdBy>ariel</createdBy>
<createdTime>2025-09-16 01:07:42 UTC</createdTime>
<generatorID>9F7737F5-979C-496C-C5E3-B4EDBF53093B</generatorID>
<ownerDesignName>Exp2_S5_NicolasCavieres</ownerDesignName>
<indexState>Foreign Key</indexState>
<isSurrogateKey>false</isSurrogateKey>
<indexColumnUsage>
<colUsage columnID="39F8674A-A8D5-E20C-962E-93A5EF15D051"/>
</indexColumnUsage>
</ind_PK_UK>
<ind_PK_UK id="5B78549B-C40E-8817-FAF4-971F71685827" name="FK_FICHA_MEDICAv2">
<createdBy>ariel</createdBy>
<createdTime>2025-09-16 01:07:42 UTC</createdTime>
<generatorID>4B78EA86-25A0-1A9A-80F3-CF817B6E2AF8</generatorID>
<ownerDesignName>Exp2_S5_NicolasCavieres</ownerDesignName>
<indexState>Foreign Key</indexState>
<isSurrogateKey>false</isSurrogateKey>
<indexColumnUsage>
<colUsage columnID="89DB1F7A-56B6-3A66-6C2B-95AC56009269"/>
</indexColumnUsage>
</ind_PK_UK>
</indexes>
</Table>