<?xml version = '1.0' encoding = 'UTF-8'?>
<Table class="oracle.dbtools.crest.model.design.relational.Table" directorySegmentName="seg_0" id="D35CDB7B-ACD1-8B28-8278-0C7B8A10BB80" name="PAGO_ATENCION">
<createdBy>ariel</createdBy>
<createdTime>2025-09-16 01:07:42 UTC</createdTime>
<generatorID>10620F14-02E1-07E6-42E8-99EB1E8AF993</generatorID>
<ownerDesignName>Exp2_S5_NicolasCavieres</ownerDesignName>
<allowColumnReorder>false</allowColumnReorder>
<existDependencyGenerateInDDl>true</existDependencyGenerateInDDl>
<parsed>true</parsed>
<columns itemClass="oracle.dbtools.crest.model.design.relational.Column">
<Column name="id_pago_atencion" id="28633F92-641D-24F4-D057-FCFA7C87362C">
<createdBy>ariel</createdBy>
<createdTime>2025-09-16 01:07:42 UTC</createdTime>
<generatorID>7283A6DF-437A-C564-A8EF-AB30057E5DF6</generatorID>
<ownerDesignName>Exp2_S5_NicolasCavieres</ownerDesignName>
<useDomainConstraints>false</useDomainConstraints>
<use>1</use>
<logicalDatatype>LOGDT011</logicalDatatype>
<ownDataTypeParameters>,,</ownDataTypeParameters>
<autoIncrementCycle>false</autoIncrementCycle>
</Column>
<Column name="id_pago" id="8A2136DD-18A1-EE4C-04BF-42DA16818D7B">
<createdBy>ariel</createdBy>
<createdTime>2025-09-16 01:07:42 UTC</createdTime>
<generatorID>0E7DAED6-EC01-5D46-D650-F621E1E9B0FB</generatorID>
<ownerDesignName>Exp2_S5_NicolasCavieres</ownerDesignName>
<useDomainConstraints>false</useDomainConstraints>
<use>1</use>
<logicalDatatype>LOGDT011</logicalDatatype>
<ownDataTypeParameters>,,</ownDataTypeParameters>
<autoIncrementCycle>false</autoIncrementCycle>
<associations>
<colAssociation fkAssociation="E5A6C7C9-D478-79CA-86E4-DC587B35EE6F" referredColumn="6D0481CF-E362-F123-8F36-948AE123BDB5"/>
</associations>
</Column>
<Column name="estado" id="B921689A-CA3E-8D2E-F807-ECAE16322E7E">
<createdBy>ariel</createdBy>
<createdTime>2025-09-16 01:07:42 UTC</createdTime>
<generatorID>87DC4E47-F072-690D-0036-436DE08E791D</generatorID>
<ownerDesignName>Exp2_S5_NicolasCavieres</ownerDesignName>
<useDomainConstraints>false</useDomainConstraints>
<use>1</use>
<logicalDatatype>LOGDT024</logicalDatatype>
<dataTypeSize>10 CHAR</dataTypeSize>
<defaultValue>pendiente</defaultValue>
<ownDataTypeParameters>10 CHAR,,</ownDataTypeParameters>
<autoIncrementCycle>false</autoIncrementCycle>
</Column>
<Column name="id_atencion" id="94C63738-8E1E-961D-63A9-11C149363151">
<createdBy>ariel</createdBy>
<createdTime>2025-09-16 01:07:42 UTC</createdTime>
<generatorID>69DCEE6E-F0E3-0983-AADA-9E42096793DB</generatorID>
<ownerDesignName>Exp2_S5_NicolasCavieres</ownerDesignName>
<useDomainConstraints>false</useDomainConstraints>
<use>1</use>
<logicalDatatype>LOGDT011</logicalDatatype>
<ownDataTypeParameters>,,</ownDataTypeParameters>
<previousColumn>false</previousColumn>
<autoIncrementCycle>false</autoIncrementCycle>
<associations>
<colAssociation fkAssociation="ED924221-B317-C17A-DDE4-406C879FDE33" referredColumn="38FE8C75-63A5-B098-24BF-FCC9352FF081"/>
</associations>
</Column>
</columns>
<indexes itemClass="oracle.dbtools.crest.model.design.relational.Index">
<ind_PK_UK id="29137FEF-CAF5-B4C7-451F-676F8D8329E4" name="PAGO_ATENCION_PK">
<createdBy>ariel</createdBy>
<createdTime>2025-09-16 01:07:42 UTC</createdTime>
<generatorID>059E8256-65DC-E553-E71A-CB340444B98A</generatorID>
<ownerDesignName>Exp2_S5_NicolasCavieres</ownerDesignName>
<pk>true</pk>
<indexState>Primary Constraint</indexState>
<isSurrogateKey>false</isSurrogateKey>
<indexColumnUsage>
<colUsage columnID="28633F92-641D-24F4-D057-FCFA7C87362C"/>
</indexColumnUsage>
</ind_PK_UK>
<ind_PK_UK id="2E978215-51E2-5339-CCC8-2E1E959C2473" name="PAGO_ATENCION_PKv1">
<createdBy>ariel</createdBy>
<createdTime>2025-09-16 01:07:42 UTC</createdTime>
<generatorID>C35B1803-3266-9FA9-A9A3-2089ED73A3E0</generatorID>
<ownerDesignName>Exp2_S5_NicolasCavieres</ownerDesignName>
<indexState>Unique Constraint</indexState>
<isSurrogateKey>false</isSurrogateKey>
<indexColumnUsage>
<colUsage columnID="28633F92-641D-24F4-D057-FCFA7C87362C"/>
</indexColumnUsage>
</ind_PK_UK>
<ind_PK_UK id="3499F9D6-9B74-97EB-86FE-359A12CF8555" name="PAGO_ATENCION__IDX">
<createdBy>ariel</createdBy>
<createdTime>2025-09-16 01:07:42 UTC</createdTime>
<ownerDesignName>Exp2_S5_NicolasCavieres</ownerDesignName>
<indexState>Unique Plain Index</indexState>
<isSurrogateKey>false</isSurrogateKey>
<relationGeneratorID>04E03044-7A9C-9290-6747-98D042739D15</relationGeneratorID>
<indexColumnUsage>
<colUsage columnID="94C63738-8E1E-961D-63A9-11C149363151"/>
</indexColumnUsage>
</ind_PK_UK>
<ind_PK_UK id="FDFAC8C7-3F16-DAB6-02F1-86B1076757AD" name="FK_PAGOv2">
<createdBy>ariel</createdBy>
<createdTime>2025-09-16 01:07:42 UTC</createdTime>
<generatorID>99F4F3C6-58C1-89BA-D2AB-F0601CBBCB29</generatorID>
<ownerDesignName>Exp2_S5_NicolasCavieres</ownerDesignName>
<indexState>Foreign Key</indexState>
<isSurrogateKey>false</isSurrogateKey>
<indexColumnUsage>
<colUsage columnID="8A2136DD-18A1-EE4C-04BF-42DA16818D7B"/>
</indexColumnUsage>
</ind_PK_UK>
<ind_PK_UK id="4D028FB7-1544-7FF8-6100-666202293D3F" name="FK_ATENCION">
<createdBy>ariel</createdBy>
<createdTime>2025-09-16 01:07:42 UTC</createdTime>
<generatorID>04E03044-7A9C-9290-6747-98D042739D15</generatorID>
<ownerDesignName>Exp2_S5_NicolasCavieres</ownerDesignName>
<indexState>Foreign Key</indexState>
<isSurrogateKey>false</isSurrogateKey>
<indexColumnUsage>
<colUsage columnID="94C63738-8E1E-961D-63A9-11C149363151"/>
</indexColumnUsage>
</ind_PK_UK>
</indexes>
</Table>