<?xml version = '1.0' encoding = 'UTF-8'?>
<Table class="oracle.dbtools.crest.model.design.relational.Table" directorySegmentName="seg_0" id="DC97A03A-CBF2-E80C-1D4C-B12DD2A091BB" name="DIRECCION">
<createdBy>ariel</createdBy>
<createdTime>2025-09-16 01:07:42 UTC</createdTime>
<generatorID>BCE29E90-163C-26FD-4531-370437330F6F</generatorID>
<ownerDesignName>Exp2_S5_NicolasCavieres</ownerDesignName>
<allowColumnReorder>false</allowColumnReorder>
<existDependencyGenerateInDDl>true</existDependencyGenerateInDDl>
<parsed>true</parsed>
<columns itemClass="oracle.dbtools.crest.model.design.relational.Column">
<Column name="id_direccion" id="E211D9E3-EEDE-8524-EF3C-582BC53F1E6A">
<createdBy>ariel</createdBy>
<createdTime>2025-09-16 01:07:42 UTC</createdTime>
<generatorID>DDCA81B8-0B52-E4C3-C75F-3CEAC9B73A92</generatorID>
<ownerDesignName>Exp2_S5_NicolasCavieres</ownerDesignName>
<useDomainConstraints>false</useDomainConstraints>
<use>1</use>
<logicalDatatype>LOGDT011</logicalDatatype>
<ownDataTypeParameters>,,</ownDataTypeParameters>
<autoIncrementCycle>false</autoIncrementCycle>
</Column>
<Column name="calle" id="B029C14C-738C-081B-81F0-3077092395E3">
<createdBy>ariel</createdBy>
<createdTime>2025-09-16 01:07:42 UTC</createdTime>
<generatorID>7FD937D1-5C83-0055-776A-6887D50A24D3</generatorID>
<ownerDesignName>Exp2_S5_NicolasCavieres</ownerDesignName>
<useDomainConstraints>false</useDomainConstraints>
<use>1</use>
<logicalDatatype>LOGDT024</logicalDatatype>
<dataTypeSize>100 CHAR</dataTypeSize>
<ownDataTypeParameters>100 CHAR,,</ownDataTypeParameters>
<autoIncrementCycle>false</autoIncrementCycle>
</Column>
<Column name="numero" id="D9453059-7FA8-B8DB-624B-DB5586117ABA">
<createdBy>ariel</createdBy>
<createdTime>2025-09-16 01:07:42 UTC</createdTime>
<generatorID>BFFD8552-C835-0C10-0EDA-5E74FB0C527B</generatorID>
<ownerDesignName>Exp2_S5_NicolasCavieres</ownerDesignName>
<useDomainConstraints>false</useDomainConstraints>
<use>1</use>
<logicalDatatype>LOGDT011</logicalDatatype>
<ownDataTypeParameters>,,</ownDataTypeParameters>
<autoIncrementCycle>false</autoIncrementCycle>
</Column>
<Column name="piso" id="BAE97126-5C85-7ED8-EC3E-5DCE96925216">
<createdBy>ariel</createdBy>
<createdTime>2025-09-16 01:07:42 UTC</createdTime>
<generatorID>C85D96A3-FB4B-A824-15C4-465B9959C79C</generatorID>
<ownerDesignName>Exp2_S5_NicolasCavieres</ownerDesignName>
<nullsAllowed>true</nullsAllowed>
<useDomainConstraints>false</useDomainConstraints>
<use>1</use>
<logicalDatatype>LOGDT024</logicalDatatype>
<dataTypeSize>5 CHAR</dataTypeSize>
<ownDataTypeParameters>5 CHAR,,</ownDataTypeParameters>
<autoIncrementCycle>false</autoIncrementCycle>
</Column>
<Column name="departemento" id="0A65117D-2221-619D-445F-5614BCD63201">
<createdBy>ariel</createdBy>
<createdTime>2025-09-16 01:07:42 UTC</createdTime>
<generatorID>14F6536C-206F-35C9-4C65-F2C4D5E1ACFD</generatorID>
<ownerDesignName>Exp2_S5_NicolasCavieres</ownerDesignName>
<nullsAllowed>true</nullsAllowed>
<useDomainConstraints>false</useDomainConstraints>
<use>1</use>
<logicalDatatype>LOGDT011</logicalDatatype>
<ownDataTypeParameters>,,</ownDataTypeParameters>
<autoIncrementCycle>false</autoIncrementCycle>
</Column>
<Column name="block" id="3CBA0A50-230B-DA5F-1776-82F0D97DF397">
<createdBy>ariel</createdBy>
<createdTime>2025-09-16 01:07:42 UTC</createdTime>
<generatorID>4AFF282C-65E8-5672-F068-33E679747594</generatorID>
<ownerDesignName>Exp2_S5_NicolasCavieres</ownerDesignName>
<nullsAllowed>true</nullsAllowed>
<useDomainConstraints>false</useDomainConstraints>
<use>1</use>
<logicalDatatype>LOGDT024</logicalDatatype>
<dataTypeSize>5 CHAR</dataTypeSize>
<ownDataTypeParameters>5 CHAR,,</ownDataTypeParameters>
<autoIncrementCycle>false</autoIncrementCycle>
</Column>
<Column name="id_comuna" id="5F65E4ED-F1F9-B81C-BACC-3450BF1BFBFA">
<createdBy>ariel</createdBy>
<createdTime>2025-09-16 01:07:42 UTC</createdTime>
<generatorID>8E13E248-5BD8-F69F-3B42-A967952BEB12</generatorID>
<ownerDesignName>Exp2_S5_NicolasCavieres</ownerDesignName>
<useDomainConstraints>false</useDomainConstraints>
<use>1</use>
<logicalDatatype>LOGDT011</logicalDatatype>
<ownDataTypeParameters>,,</ownDataTypeParameters>
<previousColumn>false</previousColumn>
<autoIncrementCycle>false</autoIncrementCycle>
<associations>
<colAssociation fkAssociation="8C452878-C045-8845-0F24-74AA36C29B06" referredColumn="6B9CBD05-C71F-85E6-A864-4B209E571C7E"/>
</associations>
</Column>
</columns>
<indexes itemClass="oracle.dbtools.crest.model.design.relational.Index">
<ind_PK_UK id="AF09BBAA-63B3-84BB-747B-D8236ABF9FEE" name="PK_DIRECCION">
<createdBy>ariel</createdBy>
<createdTime>2025-09-16 01:07:42 UTC</createdTime>
<generatorID>83527D5A-04DC-2200-BDB6-3721F21D81DA</generatorID>
<ownerDesignName>Exp2_S5_NicolasCavieres</ownerDesignName>
<pk>true</pk>
<indexState>Primary Constraint</indexState>
<isSurrogateKey>false</isSurrogateKey>
<indexColumnUsage>
<colUsage columnID="E211D9E3-EEDE-8524-EF3C-582BC53F1E6A"/>
</indexColumnUsage>
</ind_PK_UK>
<ind_PK_UK id="C9AB019B-E745-7815-B19F-E4049D7752DD" name="FK_COMUNA">
<createdBy>ariel</createdBy>
<createdTime>2025-09-16 01:07:42 UTC</createdTime>
<generatorID>8B9D92FB-1252-4B3F-5746-3EC178A887CC</generatorID>
<ownerDesignName>Exp2_S5_NicolasCavieres</ownerDesignName>
<indexState>Foreign Key</indexState>
<isSurrogateKey>false</isSurrogateKey>
<indexColumnUsage>
<colUsage columnID="5F65E4ED-F1F9-B81C-BACC-3450BF1BFBFA"/>
</indexColumnUsage>
</ind_PK_UK>
</indexes>
</Table>