<?xml version = '1.0' encoding = 'UTF-8'?>
<Table class="oracle.dbtools.crest.model.design.relational.Table" directorySegmentName="seg_0" id="FC0E61DA-026E-2F30-1425-35FBD508A1AF" name="UNIDAD">
<createdBy>ariel</createdBy>
<createdTime>2025-09-16 01:07:42 UTC</createdTime>
<generatorID>2FA4225B-BD0E-74DC-8577-D50E50DCDC7A</generatorID>
<ownerDesignName>Exp2_S5_NicolasCavieres</ownerDesignName>
<allowColumnReorder>false</allowColumnReorder>
<existDependencyGenerateInDDl>true</existDependencyGenerateInDDl>
<parsed>true</parsed>
<columns itemClass="oracle.dbtools.crest.model.design.relational.Column">
<Column name="id_unidad" id="097A656D-12AE-53CF-0307-E492FFB1C665">
<createdBy>ariel</createdBy>
<createdTime>2025-09-16 01:07:42 UTC</createdTime>
<generatorID>5A1DAC3A-50B5-DB62-708F-1740D9A958F4</generatorID>
<ownerDesignName>Exp2_S5_NicolasCavieres</ownerDesignName>
<useDomainConstraints>false</useDomainConstraints>
<use>1</use>
<logicalDatatype>LOGDT011</logicalDatatype>
<ownDataTypeParameters>,,</ownDataTypeParameters>
<autoIncrementCycle>false</autoIncrementCycle>
</Column>
<Column name="codigo_unidad" id="D79BCA4F-D4E4-3FA6-C832-C350FB803DE2">
<createdBy>ariel</createdBy>
<createdTime>2025-09-16 01:07:42 UTC</createdTime>
<generatorID>B1C47556-3252-8B3E-965B-72D01C6B7F00</generatorID>
<ownerDesignName>Exp2_S5_NicolasCavieres</ownerDesignName>
<useDomainConstraints>false</useDomainConstraints>
<use>1</use>
<logicalDatatype>LOGDT024</logicalDatatype>
<dataTypeSize>10 CHAR</dataTypeSize>
<ownDataTypeParameters>10 CHAR,,</ownDataTypeParameters>
<autoIncrementCycle>false</autoIncrementCycle>
</Column>
<Column name="nombre_unidad" id="90F3D222-001A-F092-50A5-C0814F753609">
<createdBy>ariel</createdBy>
<createdTime>2025-09-16 01:07:42 UTC</createdTime>
<generatorID>CACC4704-E03C-EC91-7199-6260F43923EF</generatorID>
<ownerDesignName>Exp2_S5_NicolasCavieres</ownerDesignName>
<useDomainConstraints>false</useDomainConstraints>
<use>1</use>
<logicalDatatype>LOGDT024</logicalDatatype>
<dataTypeSize>100 CHAR</dataTypeSize>
<ownDataTypeParameters>100 CHAR,,</ownDataTypeParameters>
<autoIncrementCycle>false</autoIncrementCycle>
</Column>
<Column name="tipo_unidad" id="0C5B3184-2D10-3BA8-58E3-3C3D10BD9A1A">
<createdBy>ariel</createdBy>
<createdTime>2025-09-16 01:07:42 UTC</createdTime>
<generatorID>63FD1BFC-C485-FEB4-A8E1-FF3ECE2C2C8C</generatorID>
<ownerDesignName>Exp2_S5_NicolasCavieres</ownerDesignName>
<useDomainConstraints>false</useDomainConstraints>
<use>1</use>
<logicalDatatype>LOGDT024</logicalDatatype>
<dataTypeSize>20 CHAR</dataTypeSize>
<ownDataTypeParameters>20 CHAR,,</ownDataTypeParameters>
<autoIncrementCycle>false</autoIncrementCycle>
</Column>
</columns>
<indexes itemClass="oracle.dbtools.crest.model.design.relational.Index">
<ind_PK_UK id="96CF1758-D889-53CE-4B90-F651AD0B904B" name="PK_UNIDAD">
<createdBy>ariel</createdBy>
<createdTime>2025-09-16 01:07:42 UTC</createdTime>
<generatorID>3167D5C5-28DF-A4B4-349E-0806CA2F0B7E</generatorID>
<ownerDesignName>Exp2_S5_NicolasCavieres</ownerDesignName>
<pk>true</pk>
<indexState>Primary Constraint</indexState>
<isSurrogateKey>false</isSurrogateKey>
<indexColumnUsage>
<colUsage columnID="097A656D-12AE-53CF-0307-E492FFB1C665"/>
</indexColumnUsage>
</ind_PK_UK>
</indexes>
</Table>