<?xml version = '1.0' encoding = 'UTF-8'?>
<Arc class="oracle.dbtools.crest.model.design.logical.Arc" directorySegmentName="seg_0" id="18519D44-6ACB-0FD4-5436-8E80C19AD852" name="Arc_1">
<createdBy>ariel</createdBy>
<createdTime>2025-09-15 23:45:09 UTC</createdTime>
<ownerDesignName>Exp2_S5_NicolasCavieres</ownerDesignName>
<engineerTo>
<item key="5FE5B6C2-B17F-D373-02BC-69F51A5E9CAF" value="true"/>
</engineerTo>
<entity>C08DFAFB-3533-7CC1-58CA-54DCF573F54A</entity>
<relations>
<relationID>1D952F78-A47B-BC26-2DF5-664BA094663A</relationID>
<relationID>E4DBE6AE-4692-8A5B-A93F-65CFDE662C8A</relationID>
</relations>
</Arc>