<?xml version = '1.0' encoding = 'UTF-8'?>
<relationalModel class="oracle.dbtools.crest.model.design.relational.RelationalDesign" name="Relational_1" id="5FE5B6C2-B17F-D373-02BC-69F51A5E9CAF" mainViewID="98BEFB7B-F62D-BD8C-3C33-F1B056F07C2D">
<createdBy>ariel</createdBy>
<createdTime>2025-09-16 01:07:34 UTC</createdTime>
<ownerDesignName>Exp2_S5_NicolasCavieres</ownerDesignName>
<shouldBeOpen>true</shouldBeOpen>
<selectedRDBMSSite>32076570-2523-435C-2E92-BF29817DFF70</selectedRDBMSSite>
</relationalModel>