<?xml version = '1.0' encoding = 'UTF-8'?>
<Entity class="oracle.dbtools.crest.model.design.logical.Entity" directorySegmentName="seg_0" id="9E871D9B-B4EB-6516-A159-B34D8C9F1B75" name="HABITACION">
<createdBy>ariel</createdBy>
<createdTime>2025-08-27 23:38:26 UTC</createdTime>
<ownerDesignName>Exp1_S3_Nicolas_Cavieres</ownerDesignName>
<engineerTo>
<item key="B4821E92-F4F8-8E48-F783-9117C44BA280" value="true"/>
</engineerTo>
<adequatelyNormalized>NO</adequatelyNormalized>
<expectedVolumes>0</expectedVolumes>
<fwdEngineeringStrategyName>Single Table</fwdEngineeringStrategyName>
<growthPercent>0</growthPercent>
<growthType>Year</growthType>
<maxVolumes>9999999</maxVolumes>
<minVolumes>0</minVolumes>
<normalForm>Third</normalForm>
<attributes itemClass="oracle.dbtools.crest.model.design.logical.Attribute">
<Attribute name="id_habitacion" id="50C3D0C4-CD7B-8593-2EA6-557AAB3083B8">
<createdBy>ariel</createdBy>
<createdTime>2025-08-28 00:48:44 UTC</createdTime>
<ownerDesignName>Exp1_S3_Nicolas_Cavieres</ownerDesignName>
<engineerTo>
<item key="B4821E92-F4F8-8E48-F783-9117C44BA280" value="true"/>
</engineerTo>
<useDomainConstraints>false</useDomainConstraints>
<use>1</use>
<logicalDatatype>LOGDT024</logicalDatatype>
<dataTypeSize>50 CHAR</dataTypeSize>
<ownDataTypeParameters>50 CHAR,,</ownDataTypeParameters>
</Attribute>
<Attribute name="ubicacion" id="7C664309-ADFF-2566-8834-DEA42B206688">
<createdBy>ariel</createdBy>
<createdTime>2025-08-28 00:57:28 UTC</createdTime>
<ownerDesignName>Exp1_S3_Nicolas_Cavieres</ownerDesignName>
<engineerTo>
<item key="B4821E92-F4F8-8E48-F783-9117C44BA280" value="true"/>
</engineerTo>
<useDomainConstraints>false</useDomainConstraints>
<use>1</use>
<logicalDatatype>LOGDT024</logicalDatatype>
<dataTypeSize>50 CHAR</dataTypeSize>
<ownDataTypeParameters>50 CHAR,,</ownDataTypeParameters>
</Attribute>
<Attribute name="id_residencia" id="55AB6486-1295-EEF7-7FB0-45F119BC7D9D">
<createdBy>ariel</createdBy>
<createdTime>2025-08-28 13:56:33 UTC</createdTime>
<generatorID>19E1595E-316F-BB1E-99A1-2EA2DA5DBCDE</generatorID>
<ownerDesignName>Exp1_S3_Nicolas_Cavieres</ownerDesignName>
<engineerTo>
<item key="B4821E92-F4F8-8E48-F783-9117C44BA280" value="true"/>
</engineerTo>
<referedAttribute>584D9C68-0845-BBFC-8271-B7FF40C8D156</referedAttribute>
<useDomainConstraints>false</useDomainConstraints>
<use>1</use>
<logicalDatatype>LOGDT024</logicalDatatype>
<dataTypeSize>50 CHAR</dataTypeSize>
<ownDataTypeParameters>50 CHAR,,</ownDataTypeParameters>
</Attribute>
<Attribute name="id_comuna" id="58A53708-F687-D55A-CDE7-9B3DC0D1271A">
<createdBy>ariel</createdBy>
<createdTime>2025-08-28 13:56:52 UTC</createdTime>
<generatorID>19E1595E-316F-BB1E-99A1-2EA2DA5DBCDE</generatorID>
<ownerDesignName>Exp1_S3_Nicolas_Cavieres</ownerDesignName>
<engineerTo>
<item key="B4821E92-F4F8-8E48-F783-9117C44BA280" value="true"/>
</engineerTo>
<referedAttribute>AD86793B-61AF-0E9E-8057-2FE5A9BB8490</referedAttribute>
<useDomainConstraints>false</useDomainConstraints>
<use>1</use>
<logicalDatatype>LOGDT024</logicalDatatype>
<dataTypeSize>50 CHAR</dataTypeSize>
<ownDataTypeParameters>50 CHAR,,</ownDataTypeParameters>
</Attribute>
<Attribute name="tipo_habitacion" id="41C8E45B-3FD4-9498-34F5-188094D5BC86">
<createdBy>ariel</createdBy>
<createdTime>2025-08-28 13:59:28 UTC</createdTime>
<ownerDesignName>Exp1_S3_Nicolas_Cavieres</ownerDesignName>
<engineerTo>
<item key="B4821E92-F4F8-8E48-F783-9117C44BA280" value="true"/>
</engineerTo>
<useDomainConstraints>false</useDomainConstraints>
<use>1</use>
<logicalDatatype>LOGDT024</logicalDatatype>
<dataTypeSize>100 CHAR</dataTypeSize>
<ownDataTypeParameters>100 CHAR,,</ownDataTypeParameters>
</Attribute>
</attributes>
<identifiers itemClass="oracle.dbtools.crest.model.design.logical.CandidateKey">
<identifier id="32C9A7C1-E0C3-4E19-80E0-6DB9ED1D145C" name="HABITACION PK">
<createdBy>ariel</createdBy>
<createdTime>2025-08-28 00:57:27 UTC</createdTime>
<ownerDesignName>Exp1_S3_Nicolas_Cavieres</ownerDesignName>
<engineerTo>
<item key="B4821E92-F4F8-8E48-F783-9117C44BA280" value="true"/>
</engineerTo>
<pk>true</pk>
<usedAttributes>
<attributeRef>50C3D0C4-CD7B-8593-2EA6-557AAB3083B8</attributeRef>
</usedAttributes>
</identifier>
</identifiers>
</Entity>