<?xml version = '1.0' encoding = 'UTF-8'?>
<Entity class="oracle.dbtools.crest.model.design.logical.Entity" directorySegmentName="seg_0" id="ADE2E243-3D47-11DC-0562-150016D4B813" name="CUIDADOR">
<createdBy>ariel</createdBy>
<createdTime>2025-08-27 23:44:36 UTC</createdTime>
<ownerDesignName>Exp1_S3_Nicolas_Cavieres</ownerDesignName>
<shouldEngineer>false</shouldEngineer>
<engineerTo>
<item key="B4821E92-F4F8-8E48-F783-9117C44BA280" value="false"/>
</engineerTo>
<adequatelyNormalized>NO</adequatelyNormalized>
<expectedVolumes>0</expectedVolumes>
<fwdEngineeringStrategyName>Single Table</fwdEngineeringStrategyName>
<growthPercent>0</growthPercent>
<growthType>Year</growthType>
<hierarchicalParent>84D5AC33-F7EE-65DD-AF9C-10CF1F9756FE</hierarchicalParent>
<maxVolumes>9999999</maxVolumes>
<minVolumes>0</minVolumes>
<normalForm>Third</normalForm>
<attributes itemClass="oracle.dbtools.crest.model.design.logical.Attribute">
<Attribute name="rut" id="FC34E3F5-74E0-D810-84AB-3AA96917AD1A">
<createdBy>ariel</createdBy>
<createdTime>2025-08-28 19:53:59 UTC</createdTime>
<generatorID>F7C80014-94F3-E150-2A46-34BE1D06DF34</generatorID>
<ownerDesignName>Exp1_S3_Nicolas_Cavieres</ownerDesignName>
<engineerTo>
<item key="B4821E92-F4F8-8E48-F783-9117C44BA280" value="true"/>
</engineerTo>
<referedAttribute>52ED66F9-525B-50F2-68DC-11CCC19D6C4A</referedAttribute>
<useDomainConstraints>false</useDomainConstraints>
<use>1</use>
<logicalDatatype>LOGDT024</logicalDatatype>
<dataTypeSize>50 CHAR</dataTypeSize>
<ownDataTypeParameters>,,</ownDataTypeParameters>
</Attribute>
</attributes>
<identifiers itemClass="oracle.dbtools.crest.model.design.logical.CandidateKey">
<identifier id="1D1E422F-8ED8-507B-76D7-4B43708819BB" name="CUIDADOR PK">
<createdBy>ariel</createdBy>
<createdTime>2025-08-28 19:53:05 UTC</createdTime>
<ownerDesignName>Exp1_S3_Nicolas_Cavieres</ownerDesignName>
<engineerTo>
<item key="B4821E92-F4F8-8E48-F783-9117C44BA280" value="true"/>
</engineerTo>
<pk>true</pk>
</identifier>
</identifiers>
</Entity>