<?xml version = '1.0' encoding = 'UTF-8'?>
<Entity class="oracle.dbtools.crest.model.design.logical.Entity" directorySegmentName="seg_0" id="C6F7DDF3-6874-D298-BDF7-71521FEE8DD1" name="RESIDENTE">
<createdBy>ariel</createdBy>
<createdTime>2025-08-27 23:38:56 UTC</createdTime>
<ownerDesignName>Exp1_S3_Nicolas_Cavieres</ownerDesignName>
<engineerTo>
<item key="B4821E92-F4F8-8E48-F783-9117C44BA280" value="true"/>
</engineerTo>
<adequatelyNormalized>NO</adequatelyNormalized>
<expectedVolumes>0</expectedVolumes>
<fwdEngineeringStrategyName>Single Table</fwdEngineeringStrategyName>
<growthPercent>0</growthPercent>
<growthType>Year</growthType>
<hierarchicalParent>F945CA34-0E0E-DB48-F6B0-F852172D7FCA</hierarchicalParent>
<maxVolumes>9999999</maxVolumes>
<minVolumes>0</minVolumes>
<normalForm>Third</normalForm>
<attributeInherType>All atributes</attributeInherType>
<attributes itemClass="oracle.dbtools.crest.model.design.logical.Attribute">
<Attribute name="autonomia" id="EDDE770D-3B5F-B031-D406-9CAF6D445687">
<createdBy>ariel</createdBy>
<createdTime>2025-08-28 01:29:38 UTC</createdTime>
<ownerDesignName>Exp1_S3_Nicolas_Cavieres</ownerDesignName>
<engineerTo>
<item key="B4821E92-F4F8-8E48-F783-9117C44BA280" value="true"/>
</engineerTo>
<useDomainConstraints>false</useDomainConstraints>
<use>1</use>
<logicalDatatype>LOGDT006</logicalDatatype>
<dataTypeSize>1 CHAR</dataTypeSize>
<ownDataTypeParameters>1 CHAR,,</ownDataTypeParameters>
</Attribute>
<Attribute name="id_anexo" id="D4FA948A-9742-A7BF-8A04-1FC80A9052FB">
<createdBy>ariel</createdBy>
<createdTime>2025-08-28 13:51:28 UTC</createdTime>
<generatorID>FF9F6507-84DB-C7B3-0664-427FEF85E7E3</generatorID>
<ownerDesignName>Exp1_S3_Nicolas_Cavieres</ownerDesignName>
<engineerTo>
<item key="B4821E92-F4F8-8E48-F783-9117C44BA280" value="true"/>
</engineerTo>
<referedAttribute>AF6DDC72-D1D9-2D63-E222-C53314F34610</referedAttribute>
<useDomainConstraints>false</useDomainConstraints>
<use>1</use>
<logicalDatatype>LOGDT024</logicalDatatype>
<dataTypeSize>50 CHAR</dataTypeSize>
<ownDataTypeParameters>50 CHAR,,</ownDataTypeParameters>
</Attribute>
<Attribute name="id_habitacion" id="53BD92E8-8ED3-8D22-6D5B-99B1D552D470">
<createdBy>ariel</createdBy>
<createdTime>2025-08-28 13:55:53 UTC</createdTime>
<generatorID>198F0F78-790A-35A7-55D6-EBF4AC1392FB</generatorID>
<ownerDesignName>Exp1_S3_Nicolas_Cavieres</ownerDesignName>
<engineerTo>
<item key="B4821E92-F4F8-8E48-F783-9117C44BA280" value="true"/>
</engineerTo>
<referedAttribute>50C3D0C4-CD7B-8593-2EA6-557AAB3083B8</referedAttribute>
<useDomainConstraints>false</useDomainConstraints>
<use>1</use>
<logicalDatatype>LOGDT024</logicalDatatype>
<dataTypeSize>50 CHAR</dataTypeSize>
<ownDataTypeParameters>50 CHAR,,</ownDataTypeParameters>
</Attribute>
<Attribute name="rut" id="2545F367-E1EC-1B1D-2E04-85E2E4B3C06F">
<createdBy>ariel</createdBy>
<createdTime>2025-08-28 19:20:49 UTC</createdTime>
<generatorID>031C9EE8-CA0E-FF50-EA80-86DA6DB5142E</generatorID>
<ownerDesignName>Exp1_S3_Nicolas_Cavieres</ownerDesignName>
<engineerTo>
<item key="B4821E92-F4F8-8E48-F783-9117C44BA280" value="true"/>
</engineerTo>
<referedAttribute>52ED66F9-525B-50F2-68DC-11CCC19D6C4A</referedAttribute>
<useDomainConstraints>false</useDomainConstraints>
<use>1</use>
<logicalDatatype>LOGDT024</logicalDatatype>
<dataTypeSize>50 CHAR</dataTypeSize>
<ownDataTypeParameters>,,</ownDataTypeParameters>
</Attribute>
</attributes>
<identifiers itemClass="oracle.dbtools.crest.model.design.logical.CandidateKey">
<identifier id="E349A692-1037-450A-38FA-2484AE375B29" name="RESIDENTE PK">
<createdBy>ariel</createdBy>
<createdTime>2025-08-28 14:57:37 UTC</createdTime>
<ownerDesignName>Exp1_S3_Nicolas_Cavieres</ownerDesignName>
<engineerTo>
<item key="B4821E92-F4F8-8E48-F783-9117C44BA280" value="true"/>
</engineerTo>
<pk>true</pk>
</identifier>
</identifiers>
</Entity>