<?xml version = '1.0' encoding = 'UTF-8'?>
<Entity class="oracle.dbtools.crest.model.design.logical.Entity" directorySegmentName="seg_0" id="D2E473BA-ACCD-1FA6-9CD7-6FFAEA30E4C3" name="MEDICO">
<createdBy>ariel</createdBy>
<createdTime>2025-08-27 23:43:58 UTC</createdTime>
<ownerDesignName>Exp1_S3_Nicolas_Cavieres</ownerDesignName>
<shouldEngineer>false</shouldEngineer>
<engineerTo>
<item key="B4821E92-F4F8-8E48-F783-9117C44BA280" value="false"/>
</engineerTo>
<adequatelyNormalized>NO</adequatelyNormalized>
<expectedVolumes>0</expectedVolumes>
<fwdEngineeringStrategyName>Single Table</fwdEngineeringStrategyName>
<growthPercent>0</growthPercent>
<growthType>Year</growthType>
<hierarchicalParent>84D5AC33-F7EE-65DD-AF9C-10CF1F9756FE</hierarchicalParent>
<maxVolumes>9999999</maxVolumes>
<minVolumes>0</minVolumes>
<normalForm>Third</normalForm>
<attributes itemClass="oracle.dbtools.crest.model.design.logical.Attribute">
<Attribute name="especialidad" id="342AE002-BA21-CAE1-DB0E-7059AF62312B">
<createdBy>ariel</createdBy>
<createdTime>2025-08-28 01:24:20 UTC</createdTime>
<ownerDesignName>Exp1_S3_Nicolas_Cavieres</ownerDesignName>
<engineerTo>
<item key="B4821E92-F4F8-8E48-F783-9117C44BA280" value="true"/>
</engineerTo>
<useDomainConstraints>false</useDomainConstraints>
<use>1</use>
<logicalDatatype>LOGDT024</logicalDatatype>
<dataTypeSize>100 CHAR</dataTypeSize>
<ownDataTypeParameters>100 CHAR,,</ownDataTypeParameters>
</Attribute>
<Attribute name="rut_supervisor" id="5890BB53-FA43-6DBF-DFE1-D70DDB8C1117">
<createdBy>ariel</createdBy>
<createdTime>2025-08-28 01:24:32 UTC</createdTime>
<ownerDesignName>Exp1_S3_Nicolas_Cavieres</ownerDesignName>
<engineerTo>
<item key="B4821E92-F4F8-8E48-F783-9117C44BA280" value="true"/>
</engineerTo>
<nullsAllowed>true</nullsAllowed>
<useDomainConstraints>false</useDomainConstraints>
<use>1</use>
<logicalDatatype>LOGDT024</logicalDatatype>
<dataTypeSize>50 CHAR</dataTypeSize>
<ownDataTypeParameters>50 CHAR,,</ownDataTypeParameters>
</Attribute>
<Attribute name="rut" id="DC0FCC1B-D3AA-AE0B-7E44-296143861598">
<createdBy>ariel</createdBy>
<createdTime>2025-08-28 19:53:59 UTC</createdTime>
<generatorID>EA0D13D5-BF43-A325-15D3-20AEE96F471C</generatorID>
<ownerDesignName>Exp1_S3_Nicolas_Cavieres</ownerDesignName>
<engineerTo>
<item key="B4821E92-F4F8-8E48-F783-9117C44BA280" value="true"/>
</engineerTo>
<referedAttribute>52ED66F9-525B-50F2-68DC-11CCC19D6C4A</referedAttribute>
<useDomainConstraints>false</useDomainConstraints>
<use>1</use>
<logicalDatatype>LOGDT024</logicalDatatype>
<dataTypeSize>50 CHAR</dataTypeSize>
<ownDataTypeParameters>,,</ownDataTypeParameters>
</Attribute>
</attributes>
<identifiers itemClass="oracle.dbtools.crest.model.design.logical.CandidateKey">
<identifier id="912249C5-2BF5-E6E1-AA5A-BE88C5743A29" name="MEDICO PK">
<createdBy>ariel</createdBy>
<createdTime>2025-08-28 19:53:32 UTC</createdTime>
<ownerDesignName>Exp1_S3_Nicolas_Cavieres</ownerDesignName>
<engineerTo>
<item key="B4821E92-F4F8-8E48-F783-9117C44BA280" value="true"/>
</engineerTo>
<pk>true</pk>
</identifier>
</identifiers>
</Entity>