<?xml version = '1.0' encoding = 'UTF-8'?>
<Diagram class="oracle.dbtools.crest.swingui.logical.DPVLogical" name="Logical" id="F8A6382A-17BF-375D-35D2-57E2F5F856EC">
<createdBy>nicolascavieres</createdBy>
<modifiedBy>nicolascavieres</modifiedBy>
<createdTime>2025-09-01 00:36:54 UTC</createdTime>
<autoRoute>false</autoRoute>
<boxInbox>false</boxInbox>
<showLegend>false</showLegend>
<showLabels>true</showLabels>
<showRelAttributes>false</showRelAttributes>
<gridEnabled>false</gridEnabled>
<showGrid>false</showGrid>
<diagramColor>-1</diagramColor>
<display>false</display>
<notation>0</notation>
<objectViews>
<OView class="oracle.dbtools.crest.swingui.logical.TVEntity" oid="15A967A6-DFB8-791A-7838-DE28A31EDEDF" otype="Entity" vid="04B56EA5-C0BE-01E3-D1E5-B3C4D1896B4C">
<hideElementsInCurrentOnly>false</hideElementsInCurrentOnly>
<bounds x="388" y="550" width="170" height="115"/>
</OView>
<OView class="oracle.dbtools.crest.swingui.logical.TVEntity" oid="2DE2083A-AEA5-5C1B-A456-BE4E90405DD5" otype="Entity" vid="2F40AC07-EA71-BE31-CCAA-5397A1132DB6">
<hideElementsInCurrentOnly>false</hideElementsInCurrentOnly>
<bounds x="713" y="411" width="228" height="166"/>
</OView>
<OView class="oracle.dbtools.crest.swingui.logical.TVEntity" oid="3BBBCBD4-F961-64FD-F0DC-A01B78555D6E" otype="Entity" vid="253878D2-166E-2252-1A14-79111732EC7C">
<hideElementsInCurrentOnly>false</hideElementsInCurrentOnly>
<bounds x="41" y="609" width="259" height="203"/>
</OView>
<OView class="oracle.dbtools.crest.swingui.logical.TVEntity" oid="48BA94F3-B701-94C7-4F1D-947D85FEEC23" otype="Entity" vid="7AA8AADF-7398-1567-8116-68D0A079B326">
<hideElementsInCurrentOnly>false</hideElementsInCurrentOnly>
<bounds x="835" y="854" width="170" height="111"/>
</OView>
<OView class="oracle.dbtools.crest.swingui.logical.TVEntity" oid="4D1DE97F-EB05-328D-31D0-8132B6BBCBFF" otype="Entity" vid="32EBFCE8-4ADD-DEC1-D242-6294FC5C69FA">
<hideElementsInCurrentOnly>false</hideElementsInCurrentOnly>
<bounds x="30" y="32" width="183" height="91"/>
</OView>
<OView class="oracle.dbtools.crest.swingui.logical.TVEntity" oid="5298263F-D068-A208-99C4-D8A7A25D66C9" otype="Entity" vid="610B1E46-EBDB-1AD7-6F0C-FBA9813187E4">
<hideElementsInCurrentOnly>false</hideElementsInCurrentOnly>
<bounds x="60" y="217" width="233" height="207"/>
</OView>
<OView class="oracle.dbtools.crest.swingui.logical.TVEntity" oid="56F95F0F-2E7C-73E6-199C-536C533BF773" otype="Entity" vid="A897A014-687B-980A-9C25-EEDD2C7B649F">
<hideElementsInCurrentOnly>false</hideElementsInCurrentOnly>
<bounds x="1024" y="13" width="170" height="114"/>
</OView>
<OView class="oracle.dbtools.crest.swingui.logical.TVEntity" oid="7BE15087-4261-2E3F-2C70-7F894F1E2491" otype="Entity" vid="587BB755-8F01-114D-7A85-9548C2E20330">
<hideElementsInCurrentOnly>false</hideElementsInCurrentOnly>
<bounds x="1059" y="522" width="240" height="138"/>
</OView>
<OView class="oracle.dbtools.crest.swingui.logical.TVEntity" oid="9B93D7CC-2218-8A58-42BC-1F33EFF500E6" otype="Entity" vid="D2ADE206-AFCF-51CC-5F47-45A801597286">
<hideElementsInCurrentOnly>false</hideElementsInCurrentOnly>
<bounds x="257" y="41" width="243" height="112"/>
</OView>
<OView class="oracle.dbtools.crest.swingui.logical.TVEntity" oid="9D24D8AE-0BBC-6D41-3EBB-7FC76D0473F3" otype="Entity" vid="EC9987D0-0B0E-7E02-A81E-09B36789B18E">
<hideElementsInCurrentOnly>false</hideElementsInCurrentOnly>
<bounds x="681" y="657" width="294" height="128"/>
</OView>
<OView class="oracle.dbtools.crest.swingui.logical.TVEntity" oid="BBFA7D9A-BA23-7765-4145-D13391416710" otype="Entity" vid="F8CE9109-C3A2-2822-5C05-8174FAA82D30">
<hideElementsInCurrentOnly>false</hideElementsInCurrentOnly>
<bounds x="344" y="312" width="194" height="147"/>
</OView>
<OView class="oracle.dbtools.crest.swingui.logical.TVEntity" oid="D6607E10-7CF6-ED2B-CE0B-2343D4BD257A" otype="Entity" vid="17FA59F8-12E7-0CC9-DB21-C49FE6A2A1AC">
<hideElementsInCurrentOnly>false</hideElementsInCurrentOnly>
<bounds x="1104" y="765" width="237" height="138"/>
</OView>
<OView class="oracle.dbtools.crest.swingui.logical.TVEntity" oid="DC9DE128-31B3-68C1-BA5C-7A1F6B49A499" otype="Entity" vid="5B1544DF-760A-FB5E-FFB9-3D740B2AD2BC">
<hideElementsInCurrentOnly>false</hideElementsInCurrentOnly>
<bounds x="588" y="854" width="170" height="111"/>
</OView>
<OView class="oracle.dbtools.crest.swingui.logical.TVEntity" oid="FE4E0728-0B9F-6B51-98D8-88C7DC4F9406" otype="Entity" vid="C4B5D3EB-3E3B-45F1-40F9-129D7F395FE4">
<hideElementsInCurrentOnly>false</hideElementsInCurrentOnly>
<bounds x="864" y="198" width="340" height="155"/>
</OView>
</objectViews>
<connectors>
<Connector class="oracle.dbtools.crest.swingui.logical.TVInheritanceRelation" oid="03C3DC1C-D01F-8EAB-756B-85C28FC93514" otype="Hierarchy relation" vid_source="EC9987D0-0B0E-7E02-A81E-09B36789B18E" vid_target="7AA8AADF-7398-1567-8116-68D0A079B326">
<hideElementsInCurrentOnly>false</hideElementsInCurrentOnly>
<backgroundColor>-65536</backgroundColor>
<lineWidth>1</lineWidth>
<points>
<point x="905" y="785"/>
<point x="905" y="854"/>
</points>
</Connector>
<Connector class="oracle.dbtools.crest.swingui.logical.TVInheritanceRelation" oid="0C1B2615-6610-A156-2CDB-A5BFD69E9433" otype="Hierarchy relation" vid_source="610B1E46-EBDB-1AD7-6F0C-FBA9813187E4" vid_target="D2ADE206-AFCF-51CC-5F47-45A801597286">
<hideElementsInCurrentOnly>false</hideElementsInCurrentOnly>
<backgroundColor>-65536</backgroundColor>
<lineWidth>1</lineWidth>
<points>
<point x="275" y="217"/>
<point x="275" y="153"/>
</points>
</Connector>
<Connector class="oracle.dbtools.crest.swingui.logical.TVRelation" oid="28E6FFBB-CE24-6400-04B0-6F7A7C70BD3E" otype="Relation" vid_source="D2ADE206-AFCF-51CC-5F47-45A801597286" vid_target="D2ADE206-AFCF-51CC-5F47-45A801597286">
<hideElementsInCurrentOnly>false</hideElementsInCurrentOnly>
<backgroundColor>-16777216</backgroundColor>
<lineWidth>1</lineWidth>
<sourceLabel class="oracle.dbtools.crest.model.design.Label">
<site>0</site>
<labelBounds x="582" y="36" width="74" height="30"/>
<noBackgroundColor>true</noBackgroundColor>
<noForegroundColor>true</noForegroundColor>
</sourceLabel>
<targetLabel class="oracle.dbtools.crest.model.design.Label">
<site>2</site>
<labelBounds x="582" y="136" width="72" height="32"/>
<noBackgroundColor>true</noBackgroundColor>
<noForegroundColor>true</noForegroundColor>
</targetLabel>
<points>
<point x="500" y="51"/>
<point x="582" y="51"/>
<point x="582" y="94"/>
<point x="582" y="146"/>
<point x="500" y="146"/>
</points>
</Connector>
<Connector class="oracle.dbtools.crest.swingui.logical.TVInheritanceRelation" oid="519B559D-C30C-2539-9271-61D0F71B3709" otype="Hierarchy relation" vid_source="610B1E46-EBDB-1AD7-6F0C-FBA9813187E4" vid_target="32EBFCE8-4ADD-DEC1-D242-6294FC5C69FA">
<hideElementsInCurrentOnly>false</hideElementsInCurrentOnly>
<backgroundColor>-65536</backgroundColor>
<lineWidth>1</lineWidth>
<points>
<point x="136" y="217"/>
<point x="136" y="123"/>
</points>
</Connector>
<Connector class="oracle.dbtools.crest.swingui.logical.TVRelation" oid="69C93845-CB7A-8667-CEC2-FC78CEEF65EF" otype="Relation" vid_source="2F40AC07-EA71-BE31-CCAA-5397A1132DB6" vid_target="F8CE9109-C3A2-2822-5C05-8174FAA82D30">
<hideElementsInCurrentOnly>false</hideElementsInCurrentOnly>
<backgroundColor>-16777216</backgroundColor>
<lineWidth>1</lineWidth>
<points>
<point x="713" y="435"/>
<point x="538" y="435"/>
</points>
</Connector>
<Connector class="oracle.dbtools.crest.swingui.logical.TVInheritanceRelation" oid="752A6D68-DAC0-3D73-BCF9-075230CEC594" otype="Hierarchy relation" vid_source="253878D2-166E-2252-1A14-79111732EC7C" vid_target="04B56EA5-C0BE-01E3-D1E5-B3C4D1896B4C">
<hideElementsInCurrentOnly>false</hideElementsInCurrentOnly>
<backgroundColor>-65536</backgroundColor>
<lineWidth>1</lineWidth>
<points>
<point x="300" y="652"/>
<point x="388" y="652"/>
</points>
</Connector>
<Connector class="oracle.dbtools.crest.swingui.logical.TVRelation" oid="79F32134-13EE-4F6F-FC30-D53A25082638" otype="Relation" vid_source="17FA59F8-12E7-0CC9-DB21-C49FE6A2A1AC" vid_target="587BB755-8F01-114D-7A85-9548C2E20330">
<hideElementsInCurrentOnly>false</hideElementsInCurrentOnly>
<backgroundColor>-16777216</backgroundColor>
<lineWidth>1</lineWidth>
<points>
<point x="1235" y="752"/>
<point x="1201" y="660"/>
</points>
</Connector>
<Connector class="oracle.dbtools.crest.swingui.logical.TVRelation" oid="97406BE0-3E36-AE4B-DB36-DD1A22078CCC" otype="Relation" vid_source="C4B5D3EB-3E3B-45F1-40F9-129D7F395FE4" vid_target="610B1E46-EBDB-1AD7-6F0C-FBA9813187E4">
<hideElementsInCurrentOnly>false</hideElementsInCurrentOnly>
<backgroundColor>-16777216</backgroundColor>
<lineWidth>1</lineWidth>
<points>
<point x="864" y="285"/>
<point x="315" y="285"/>
</points>
</Connector>
<Connector class="oracle.dbtools.crest.swingui.logical.TVInheritanceRelation" oid="98E7AE31-B147-107D-CDE5-4AA7708A45BA" otype="Hierarchy relation" vid_source="253878D2-166E-2252-1A14-79111732EC7C" vid_target="EC9987D0-0B0E-7E02-A81E-09B36789B18E">
<hideElementsInCurrentOnly>false</hideElementsInCurrentOnly>
<backgroundColor>-65536</backgroundColor>
<lineWidth>1</lineWidth>
<points>
<point x="300" y="721"/>
<point x="681" y="721"/>
</points>
</Connector>
<Connector class="oracle.dbtools.crest.swingui.logical.TVRelation" oid="A754C939-47C0-B26E-4BCA-FE6FF216B61C" otype="Relation" vid_source="04B56EA5-C0BE-01E3-D1E5-B3C4D1896B4C" vid_target="F8CE9109-C3A2-2822-5C05-8174FAA82D30">
<hideElementsInCurrentOnly>false</hideElementsInCurrentOnly>
<backgroundColor>-16777216</backgroundColor>
<lineWidth>1</lineWidth>
<points>
<point x="448" y="550"/>
<point x="448" y="459"/>
</points>
</Connector>
<Connector class="oracle.dbtools.crest.swingui.logical.TVRelation" oid="AE4DBE55-FEBE-BE5E-42F8-30D0C858E062" otype="Relation" vid_source="C4B5D3EB-3E3B-45F1-40F9-129D7F395FE4" vid_target="587BB755-8F01-114D-7A85-9548C2E20330">
<hideElementsInCurrentOnly>false</hideElementsInCurrentOnly>
<backgroundColor>-16777216</backgroundColor>
<lineWidth>1</lineWidth>
<points>
<point x="1131" y="353"/>
<point x="1131" y="522"/>
</points>
</Connector>
<Connector class="oracle.dbtools.crest.swingui.logical.TVRelation" oid="B43FA53C-F346-90EF-7144-FA1DC95A5511" otype="Relation" vid_source="A897A014-687B-980A-9C25-EEDD2C7B649F" vid_target="C4B5D3EB-3E3B-45F1-40F9-129D7F395FE4">
<hideElementsInCurrentOnly>false</hideElementsInCurrentOnly>
<backgroundColor>-16777216</backgroundColor>
<lineWidth>1</lineWidth>
<points>
<point x="1109" y="127"/>
<point x="1109" y="198"/>
</points>
</Connector>
<Connector class="oracle.dbtools.crest.swingui.logical.TVRelation" oid="BB1DC192-FCDF-53E7-245F-6683014AB3A2" otype="Relation" vid_source="EC9987D0-0B0E-7E02-A81E-09B36789B18E" vid_target="2F40AC07-EA71-BE31-CCAA-5397A1132DB6">
<hideElementsInCurrentOnly>false</hideElementsInCurrentOnly>
<backgroundColor>-16777216</backgroundColor>
<lineWidth>1</lineWidth>
<points>
<point x="827" y="657"/>
<point x="827" y="577"/>
</points>
</Connector>
<Connector class="oracle.dbtools.crest.swingui.logical.TVRelation" oid="C1EA789F-60EB-8850-8BBB-69062BB58A0A" otype="Relation" vid_source="EC9987D0-0B0E-7E02-A81E-09B36789B18E" vid_target="17FA59F8-12E7-0CC9-DB21-C49FE6A2A1AC">
<hideElementsInCurrentOnly>false</hideElementsInCurrentOnly>
<backgroundColor>-16777216</backgroundColor>
<lineWidth>1</lineWidth>
<points>
<point x="975" y="775"/>
<point x="1104" y="775"/>
</points>
</Connector>
<Connector class="oracle.dbtools.crest.swingui.logical.TVInheritanceRelation" oid="D753E120-FCB5-2393-ED03-2B950B521EAD" otype="Hierarchy relation" vid_source="EC9987D0-0B0E-7E02-A81E-09B36789B18E" vid_target="5B1544DF-760A-FB5E-FFB9-3D740B2AD2BC">
<hideElementsInCurrentOnly>false</hideElementsInCurrentOnly>
<backgroundColor>-65536</backgroundColor>
<lineWidth>1</lineWidth>
<points>
<point x="719" y="785"/>
<point x="719" y="854"/>
</points>
</Connector>
<Connector class="oracle.dbtools.crest.swingui.logical.TVRelation" oid="D9A3CF39-000E-FB5C-F10F-55D1CC851CDE" otype="Relation" vid_source="C4B5D3EB-3E3B-45F1-40F9-129D7F395FE4" vid_target="F8CE9109-C3A2-2822-5C05-8174FAA82D30">
<hideElementsInCurrentOnly>false</hideElementsInCurrentOnly>
<backgroundColor>-16777216</backgroundColor>
<lineWidth>1</lineWidth>
<points>
<point x="879" y="336"/>
<point x="538" y="332"/>
</points>
</Connector>
</connectors>
<arcs>
<Arc class="oracle.dbtools.crest.swingui.logical.TVArc" oid="1D8C6711-5595-24F8-9892-16B1043DD3AC" otype="Arc" vid="6B514D9F-43B1-A661-9F12-718D7024AEBD">
<hideElementsInCurrentOnly>false</hideElementsInCurrentOnly>
<bounds x="661" y="637" width="334" height="168"/>
</Arc>
<Arc class="oracle.dbtools.crest.swingui.logical.TVArc" oid="82EEF61C-513A-4CE9-6168-FA63867C4B81" otype="Arc" vid="6CB21CA8-2078-3444-06F9-7047B6B7D9C7">
<hideElementsInCurrentOnly>false</hideElementsInCurrentOnly>
<bounds x="40" y="197" width="273" height="247"/>
</Arc>
</arcs>
<displays>
<Display class="oracle.dbtools.crest.swingui.logical.DPVLogical" name="Display_1" id="C2D7E77B-F1D6-E166-B0BA-E75A79DF2553">
<createdBy>ariel</createdBy>
<modifiedBy>ariel</modifiedBy>
<createdTime>2025-09-01 23:36:09 UTC</createdTime>
<autoRoute>false</autoRoute>
<boxInbox>false</boxInbox>
<showLegend>false</showLegend>
<showLabels>true</showLabels>
<showRelAttributes>false</showRelAttributes>
<gridEnabled>false</gridEnabled>
<showGrid>false</showGrid>
<diagramColor>-1</diagramColor>
<display>true</display>
<notation>0</notation>
<objectViews>
<OView class="oracle.dbtools.crest.swingui.logical.TVEntity" oid="15A967A6-DFB8-791A-7838-DE28A31EDEDF" otype="Entity" vid="78814353-FD7B-E1BC-AC85-851402497A39">
<hideElementsInCurrentOnly>false</hideElementsInCurrentOnly>
<bounds x="159" y="842" width="239" height="111"/>
</OView>
<OView class="oracle.dbtools.crest.swingui.logical.TVEntity" oid="2DE2083A-AEA5-5C1B-A456-BE4E90405DD5" otype="Entity" vid="E03C84DF-3339-96EF-2DCA-081B9403E695">
<hideElementsInCurrentOnly>false</hideElementsInCurrentOnly>
<bounds x="799" y="325" width="237" height="193"/>
</OView>
<OView class="oracle.dbtools.crest.swingui.logical.TVEntity" oid="3BBBCBD4-F961-64FD-F0DC-A01B78555D6E" otype="Entity" vid="E71CD01B-F6B3-50AF-732A-F9F2E08FB28F">
<hideElementsInCurrentOnly>false</hideElementsInCurrentOnly>
<bounds x="494" y="708" width="265" height="172"/>
</OView>
<OView class="oracle.dbtools.crest.swingui.logical.TVEntity" oid="48BA94F3-B701-94C7-4F1D-947D85FEEC23" otype="Entity" vid="35C365D2-9DC2-DD6D-7900-89874F655828">
<hideElementsInCurrentOnly>false</hideElementsInCurrentOnly>
<bounds x="857" y="937" width="170" height="112"/>
</OView>
<OView class="oracle.dbtools.crest.swingui.logical.TVEntity" oid="4D1DE97F-EB05-328D-31D0-8132B6BBCBFF" otype="Entity" vid="36767B62-A6EA-7CB3-ADD0-B4E369AC6262">
<hideElementsInCurrentOnly>false</hideElementsInCurrentOnly>
<bounds x="75" y="28" width="183" height="132"/>
</OView>
<OView class="oracle.dbtools.crest.swingui.logical.TVEntity" oid="5298263F-D068-A208-99C4-D8A7A25D66C9" otype="Entity" vid="0B2CDDC1-D008-4B18-63BB-68F8FB687C8E">
<hideElementsInCurrentOnly>false</hideElementsInCurrentOnly>
<bounds x="345" y="39" width="220" height="188"/>
</OView>
<OView class="oracle.dbtools.crest.swingui.logical.TVEntity" oid="56F95F0F-2E7C-73E6-199C-536C533BF773" otype="Entity" vid="96FB4E53-9F09-90C0-C751-273E4A52A17B">
<hideElementsInCurrentOnly>false</hideElementsInCurrentOnly>
<bounds x="1386" y="53" width="240" height="110"/>
</OView>
<OView class="oracle.dbtools.crest.swingui.logical.TVEntity" oid="7BE15087-4261-2E3F-2C70-7F894F1E2491" otype="Entity" vid="A0A2A7DA-434E-6EB0-57D4-547937929E2C">
<hideElementsInCurrentOnly>false</hideElementsInCurrentOnly>
<bounds x="1219" y="251" width="257" height="178"/>
</OView>
<OView class="oracle.dbtools.crest.swingui.logical.TVEntity" oid="9B93D7CC-2218-8A58-42BC-1F33EFF500E6" otype="Entity" vid="0A2F6013-F4C1-5576-CFE4-0CE48E32C404">
<hideElementsInCurrentOnly>false</hideElementsInCurrentOnly>
<bounds x="65" y="186" width="249" height="111"/>
</OView>
<OView class="oracle.dbtools.crest.swingui.logical.TVEntity" oid="9D24D8AE-0BBC-6D41-3EBB-7FC76D0473F3" otype="Entity" vid="BDC37DF7-645D-DB54-FD42-2D2AEE6918AB">
<hideElementsInCurrentOnly>false</hideElementsInCurrentOnly>
<bounds x="960" y="751" width="170" height="113"/>
</OView>
<OView class="oracle.dbtools.crest.swingui.logical.TVEntity" oid="BBFA7D9A-BA23-7765-4145-D13391416710" otype="Entity" vid="8DAEAB55-D0D3-260D-7E55-59774624958A">
<hideElementsInCurrentOnly>false</hideElementsInCurrentOnly>
<bounds x="369" y="364" width="281" height="145"/>
</OView>
<OView class="oracle.dbtools.crest.swingui.logical.TVEntity" oid="D6607E10-7CF6-ED2B-CE0B-2343D4BD257A" otype="Entity" vid="E2A88D38-A0CC-11DE-5401-8511172CA767">
<hideElementsInCurrentOnly>false</hideElementsInCurrentOnly>
<bounds x="400" y="750" width="170" height="110"/>
</OView>
<OView class="oracle.dbtools.crest.swingui.logical.TVEntity" oid="DC9DE128-31B3-68C1-BA5C-7A1F6B49A499" otype="Entity" vid="210A4F8B-D078-580D-7512-2197416275C3">
<hideElementsInCurrentOnly>false</hideElementsInCurrentOnly>
<bounds x="1081" y="936" width="170" height="113"/>
</OView>
<OView class="oracle.dbtools.crest.swingui.logical.TVEntity" oid="FE4E0728-0B9F-6B51-98D8-88C7DC4F9406" otype="Entity" vid="F530BE6B-F4A3-1ED4-C91D-26B7E41738EE">
<hideElementsInCurrentOnly>false</hideElementsInCurrentOnly>
<bounds x="980" y="32" width="283" height="165"/>
</OView>
</objectViews>
<connectors>
<Connector class="oracle.dbtools.crest.swingui.logical.TVInheritanceRelation" oid="03C3DC1C-D01F-8EAB-756B-85C28FC93514" otype="Hierarchy relation" vid_source="BDC37DF7-645D-DB54-FD42-2D2AEE6918AB" vid_target="35C365D2-9DC2-DD6D-7900-89874F655828">
<hideElementsInCurrentOnly>false</hideElementsInCurrentOnly>
<backgroundColor>-65536</backgroundColor>
<lineWidth>1</lineWidth>
<points>
<point x="993" y="864"/>
<point x="993" y="937"/>
</points>
</Connector>
<Connector class="oracle.dbtools.crest.swingui.logical.TVInheritanceRelation" oid="0C1B2615-6610-A156-2CDB-A5BFD69E9433" otype="Hierarchy relation" vid_source="0B2CDDC1-D008-4B18-63BB-68F8FB687C8E" vid_target="0A2F6013-F4C1-5576-CFE4-0CE48E32C404">
<hideElementsInCurrentOnly>false</hideElementsInCurrentOnly>
<backgroundColor>-65536</backgroundColor>
<lineWidth>1</lineWidth>
<points>
<point x="345" y="206"/>
<point x="314" y="206"/>
</points>
</Connector>
<Connector class="oracle.dbtools.crest.swingui.logical.TVRelation" oid="28E6FFBB-CE24-6400-04B0-6F7A7C70BD3E" otype="Relation" vid_source="0A2F6013-F4C1-5576-CFE4-0CE48E32C404" vid_target="0A2F6013-F4C1-5576-CFE4-0CE48E32C404">
<hideElementsInCurrentOnly>false</hideElementsInCurrentOnly>
<backgroundColor>-16777216</backgroundColor>
<lineWidth>1</lineWidth>
<sourceLabel class="oracle.dbtools.crest.model.design.Label">
<site>0</site>
<labelBounds x="226" y="436" width="61" height="30"/>
<noBackgroundColor>true</noBackgroundColor>
<noForegroundColor>true</noForegroundColor>
</sourceLabel>
<targetLabel class="oracle.dbtools.crest.model.design.Label">
<site>2</site>
<labelBounds x="134" y="348" width="58" height="30"/>
<noBackgroundColor>true</noBackgroundColor>
<noForegroundColor>true</noForegroundColor>
</targetLabel>
<points>
<point x="226" y="297"/>
<point x="226" y="421"/>
<point x="135" y="421"/>
<point x="134" y="361"/>
<point x="134" y="297"/>
</points>
</Connector>
<Connector class="oracle.dbtools.crest.swingui.logical.TVInheritanceRelation" oid="519B559D-C30C-2539-9271-61D0F71B3709" otype="Hierarchy relation" vid_source="0B2CDDC1-D008-4B18-63BB-68F8FB687C8E" vid_target="36767B62-A6EA-7CB3-ADD0-B4E369AC6262">
<hideElementsInCurrentOnly>false</hideElementsInCurrentOnly>
<backgroundColor>-65536</backgroundColor>
<lineWidth>1</lineWidth>
<points>
<point x="345" y="99"/>
<point x="258" y="99"/>
</points>
</Connector>
<Connector class="oracle.dbtools.crest.swingui.logical.TVRelation" oid="69C93845-CB7A-8667-CEC2-FC78CEEF65EF" otype="Relation" vid_source="E03C84DF-3339-96EF-2DCA-081B9403E695" vid_target="8DAEAB55-D0D3-260D-7E55-59774624958A">
<hideElementsInCurrentOnly>false</hideElementsInCurrentOnly>
<backgroundColor>-16777216</backgroundColor>
<lineWidth>1</lineWidth>
<points>
<point x="799" y="436"/>
<point x="650" y="436"/>
</points>
</Connector>
<Connector class="oracle.dbtools.crest.swingui.logical.TVInheritanceRelation" oid="752A6D68-DAC0-3D73-BCF9-075230CEC594" otype="Hierarchy relation" vid_source="E71CD01B-F6B3-50AF-732A-F9F2E08FB28F" vid_target="78814353-FD7B-E1BC-AC85-851402497A39">
<hideElementsInCurrentOnly>false</hideElementsInCurrentOnly>
<backgroundColor>-65536</backgroundColor>
<lineWidth>1</lineWidth>
<points>
<point x="494" y="853"/>
<point x="398" y="861"/>
</points>
</Connector>
<Connector class="oracle.dbtools.crest.swingui.logical.TVRelation" oid="79F32134-13EE-4F6F-FC30-D53A25082638" otype="Relation" vid_source="E2A88D38-A0CC-11DE-5401-8511172CA767" vid_target="A0A2A7DA-434E-6EB0-57D4-547937929E2C">
<hideElementsInCurrentOnly>false</hideElementsInCurrentOnly>
<backgroundColor>-16777216</backgroundColor>
<lineWidth>1</lineWidth>
<points>
<point x="570" y="759"/>
<point x="1219" y="409"/>
</points>
</Connector>
<Connector class="oracle.dbtools.crest.swingui.logical.TVRelation" oid="97406BE0-3E36-AE4B-DB36-DD1A22078CCC" otype="Relation" vid_source="F530BE6B-F4A3-1ED4-C91D-26B7E41738EE" vid_target="0B2CDDC1-D008-4B18-63BB-68F8FB687C8E">
<hideElementsInCurrentOnly>false</hideElementsInCurrentOnly>
<backgroundColor>-16777216</backgroundColor>
<lineWidth>1</lineWidth>
<points>
<point x="980" y="118"/>
<point x="565" y="118"/>
</points>
</Connector>
<Connector class="oracle.dbtools.crest.swingui.logical.TVInheritanceRelation" oid="98E7AE31-B147-107D-CDE5-4AA7708A45BA" otype="Hierarchy relation" vid_source="E71CD01B-F6B3-50AF-732A-F9F2E08FB28F" vid_target="BDC37DF7-645D-DB54-FD42-2D2AEE6918AB">
<hideElementsInCurrentOnly>false</hideElementsInCurrentOnly>
<backgroundColor>-65536</backgroundColor>
<lineWidth>1</lineWidth>
<points>
<point x="759" y="807"/>
<point x="960" y="807"/>
</points>
</Connector>
<Connector class="oracle.dbtools.crest.swingui.logical.TVRelation" oid="A754C939-47C0-B26E-4BCA-FE6FF216B61C" otype="Relation" vid_source="78814353-FD7B-E1BC-AC85-851402497A39" vid_target="8DAEAB55-D0D3-260D-7E55-59774624958A">
<hideElementsInCurrentOnly>false</hideElementsInCurrentOnly>
<backgroundColor>-16777216</backgroundColor>
<lineWidth>1</lineWidth>
<points>
<point x="383" y="842"/>
<point x="383" y="509"/>
</points>
</Connector>
<Connector class="oracle.dbtools.crest.swingui.logical.TVRelation" oid="AE4DBE55-FEBE-BE5E-42F8-30D0C858E062" otype="Relation" vid_source="F530BE6B-F4A3-1ED4-C91D-26B7E41738EE" vid_target="A0A2A7DA-434E-6EB0-57D4-547937929E2C">
<hideElementsInCurrentOnly>false</hideElementsInCurrentOnly>
<backgroundColor>-16777216</backgroundColor>
<lineWidth>1</lineWidth>
<points>
<point x="1241" y="197"/>
<point x="1241" y="251"/>
</points>
</Connector>
<Connector class="oracle.dbtools.crest.swingui.logical.TVRelation" oid="B43FA53C-F346-90EF-7144-FA1DC95A5511" otype="Relation" vid_source="96FB4E53-9F09-90C0-C751-273E4A52A17B" vid_target="F530BE6B-F4A3-1ED4-C91D-26B7E41738EE">
<hideElementsInCurrentOnly>false</hideElementsInCurrentOnly>
<backgroundColor>-16777216</backgroundColor>
<lineWidth>1</lineWidth>
<points>
<point x="1386" y="108"/>
<point x="1263" y="108"/>
</points>
</Connector>
<Connector class="oracle.dbtools.crest.swingui.logical.TVRelation" oid="BB1DC192-FCDF-53E7-245F-6683014AB3A2" otype="Relation" vid_source="BDC37DF7-645D-DB54-FD42-2D2AEE6918AB" vid_target="E03C84DF-3339-96EF-2DCA-081B9403E695">
<hideElementsInCurrentOnly>false</hideElementsInCurrentOnly>
<backgroundColor>-16777216</backgroundColor>
<lineWidth>1</lineWidth>
<points>
<point x="998" y="751"/>
<point x="998" y="518"/>
</points>
</Connector>
<Connector class="oracle.dbtools.crest.swingui.logical.TVRelation" oid="C1EA789F-60EB-8850-8BBB-69062BB58A0A" otype="Relation" vid_source="BDC37DF7-645D-DB54-FD42-2D2AEE6918AB" vid_target="E2A88D38-A0CC-11DE-5401-8511172CA767">
<hideElementsInCurrentOnly>false</hideElementsInCurrentOnly>
<backgroundColor>-16777216</backgroundColor>
<lineWidth>1</lineWidth>
<points>
<point x="960" y="820"/>
<point x="570" y="820"/>
</points>
</Connector>
<Connector class="oracle.dbtools.crest.swingui.logical.TVInheritanceRelation" oid="D753E120-FCB5-2393-ED03-2B950B521EAD" otype="Hierarchy relation" vid_source="BDC37DF7-645D-DB54-FD42-2D2AEE6918AB" vid_target="210A4F8B-D078-580D-7512-2197416275C3">
<hideElementsInCurrentOnly>false</hideElementsInCurrentOnly>
<backgroundColor>-65536</backgroundColor>
<lineWidth>1</lineWidth>
<points>
<point x="1105" y="864"/>
<point x="1105" y="936"/>
</points>
</Connector>
<Connector class="oracle.dbtools.crest.swingui.logical.TVRelation" oid="D9A3CF39-000E-FB5C-F10F-55D1CC851CDE" otype="Relation" vid_source="F530BE6B-F4A3-1ED4-C91D-26B7E41738EE" vid_target="8DAEAB55-D0D3-260D-7E55-59774624958A">
<hideElementsInCurrentOnly>false</hideElementsInCurrentOnly>
<backgroundColor>-16777216</backgroundColor>
<lineWidth>1</lineWidth>
<points>
<point x="980" y="188"/>
<point x="650" y="364"/>
</points>
</Connector>
</connectors>
<arcs>
<Arc class="oracle.dbtools.crest.swingui.logical.TVArc" oid="1D8C6711-5595-24F8-9892-16B1043DD3AC" otype="Arc" vid="163EFA00-3E23-2FEF-15CC-AE72F5280C64">
<hideElementsInCurrentOnly>false</hideElementsInCurrentOnly>
<bounds x="940" y="731" width="210" height="153"/>
</Arc>
<Arc class="oracle.dbtools.crest.swingui.logical.TVArc" oid="82EEF61C-513A-4CE9-6168-FA63867C4B81" otype="Arc" vid="CC7855DF-7639-BAF5-A3D6-5B3399F52896">
<hideElementsInCurrentOnly>false</hideElementsInCurrentOnly>
<bounds x="325" y="19" width="260" height="228"/>
</Arc>
</arcs>
</Display>
</displays>
</Diagram>