<?xml version = '1.0' encoding = 'UTF-8'?>
<FKIndexAssociation class="oracle.dbtools.crest.model.design.relational.FKIndexAssociation" directorySegmentName="seg_0" id="1E9346A2-03C3-859B-5739-D40446959659" containerWithKeyObject="E1DCF8AF-F4F4-E963-EEAD-16CA7DCF6317" localFKIndex="C9E268CA-CC76-475E-1634-C866EB4147FD" name="Reserva_Empleado_FK">
<createdBy>ariel</createdBy>
<createdTime>2025-08-18 15:53:41 UTC</createdTime>
<ownerDesignName>Exp1_S1_Grupo4</ownerDesignName>
<referredTableLongName>Empleado</referredTableLongName>
<deleteRule>NO ACTION</deleteRule>
<referredTableID>662EFE7A-335E-6BAC-BEE4-24418E3253E7</referredTableID>
<keyObject>0D51DD86-5447-7449-A9B0-91D4AC6F5D06</keyObject>
<referredKeyID>0D51DD86-5447-7449-A9B0-91D4AC6F5D06</referredKeyID>
<mandatory>true</mandatory>
<refColNames>num_empleado</refColNames>
<transferable>true</transferable>
<rely>false</rely>
<columnDependencyConstraintGenerateInDDL>true</columnDependencyConstraintGenerateInDDL>
</FKIndexAssociation>