<?xml version = '1.0' encoding = 'UTF-8'?>
<FKIndexAssociation class="oracle.dbtools.crest.model.design.relational.FKIndexAssociation" directorySegmentName="seg_0" id="83A4A88C-3DFD-820A-F4DD-508514BEABBB" containerWithKeyObject="E1DCF8AF-F4F4-E963-EEAD-16CA7DCF6317" localFKIndex="8146F6C1-0205-3559-E34D-9CF81ED5EF8D" name="Reserva_Pasajero_FK">
<createdBy>ariel</createdBy>
<createdTime>2025-08-18 15:52:45 UTC</createdTime>
<ownerDesignName>Exp1_S1_Grupo4</ownerDesignName>
<referredTableLongName>Pasajero</referredTableLongName>
<deleteRule>NO ACTION</deleteRule>
<referredTableID>9CDC1EA2-A8BF-A93A-FA05-2339A2251582</referredTableID>
<keyObject>D7002EED-CFFC-5F91-25C9-A45BCDFD21B4</keyObject>
<referredKeyID>D7002EED-CFFC-5F91-25C9-A45BCDFD21B4</referredKeyID>
<mandatory>true</mandatory>
<refColNames>num_pasajero</refColNames>
<transferable>true</transferable>
<rely>false</rely>
<columnDependencyConstraintGenerateInDDL>true</columnDependencyConstraintGenerateInDDL>
</FKIndexAssociation>