<?xml version = '1.0' encoding = 'UTF-8'?>
<FKIndexAssociation class="oracle.dbtools.crest.model.design.relational.FKIndexAssociation" directorySegmentName="seg_0" id="97D7AFF8-0475-F56F-8A8A-0F18E6C166D0" containerWithKeyObject="E1DCF8AF-F4F4-E963-EEAD-16CA7DCF6317" localFKIndex="54BA8FDD-79FB-74DE-7E42-645CC9A7148C" name="Reserva_Vuelo_FK">
<createdBy>ariel</createdBy>
<createdTime>2025-08-18 15:44:26 UTC</createdTime>
<ownerDesignName>Exp1_S1_Grupo4</ownerDesignName>
<referredTableLongName>Vuelo</referredTableLongName>
<deleteRule>NO ACTION</deleteRule>
<referredTableID>2BA3359C-6A38-8A33-0746-94561E4D5683</referredTableID>
<keyObject>7FEDFD82-2B25-4EA0-D3F2-60BDB538E591</keyObject>
<referredKeyID>7FEDFD82-2B25-4EA0-D3F2-60BDB538E591</referredKeyID>
<mandatory>true</mandatory>
<refColNames>num_vuelo</refColNames>
<transferable>true</transferable>
<rely>false</rely>
<columnDependencyConstraintGenerateInDDL>true</columnDependencyConstraintGenerateInDDL>
</FKIndexAssociation>