<?xml version = '1.0' encoding = 'UTF-8'?>
<InheritanceRelation class="oracle.dbtools.crest.model.design.logical.InheritanceRelation" name="RESIDENTE_PERMANENTE" directorySegmentName="seg_0" id="03C3DC1C-D01F-8EAB-756B-85C28FC93514">
<createdBy>ariel</createdBy>
<createdTime>2025-09-02 00:27:52 UTC</createdTime>
<ownerDesignName>Encargo_Semanal</ownerDesignName>
<engineerTo>
<item key="E6520E01-3821-DB18-EC55-91B2A1332729" value="true"/>
</engineerTo>
<arc>1D8C6711-5595-24F8-9892-16B1043DD3AC</arc>
<identifying>false</identifying>
<nameOnSource>Super Type</nameOnSource>
<nameOnTarget>Sub Type</nameOnTarget>
<optionalSource>true</optionalSource>
<optionalTarget>true</optionalTarget>
<sourceEntity>9D24D8AE-0BBC-6D41-3EBB-7FC76D0473F3</sourceEntity>
<targetEntity>48BA94F3-B701-94C7-4F1D-947D85FEEC23</targetEntity>
<transferable>true</transferable>
<deleteRule>NO ACTION</deleteRule>
</InheritanceRelation>