<?xml version = '1.0' encoding = 'UTF-8'?>
<InheritanceRelation class="oracle.dbtools.crest.model.design.logical.InheritanceRelation" name="PERSONAL_CUIDADOR" directorySegmentName="seg_0" id="519B559D-C30C-2539-9271-61D0F71B3709">
<createdBy>nicolascavieres</createdBy>
<createdTime>2025-09-01 00:50:15 UTC</createdTime>
<ownerDesignName>Encargo_Semanal</ownerDesignName>
<engineerTo>
<item key="E6520E01-3821-DB18-EC55-91B2A1332729" value="true"/>
</engineerTo>
<arc>82EEF61C-513A-4CE9-6168-FA63867C4B81</arc>
<identifying>false</identifying>
<nameOnSource>Super Type</nameOnSource>
<nameOnTarget>Sub Type</nameOnTarget>
<optionalSource>true</optionalSource>
<optionalTarget>true</optionalTarget>
<sourceEntity>5298263F-D068-A208-99C4-D8A7A25D66C9</sourceEntity>
<targetEntity>4D1DE97F-EB05-328D-31D0-8132B6BBCBFF</targetEntity>
<transferable>true</transferable>
<deleteRule>NO ACTION</deleteRule>
</InheritanceRelation>