<?xml version = '1.0' encoding = 'UTF-8'?>
<InheritanceRelation class="oracle.dbtools.crest.model.design.logical.InheritanceRelation" name="Hierarchy_10" directorySegmentName="seg_0" id="752A6D68-DAC0-3D73-BCF9-075230CEC594">
<createdBy>ariel</createdBy>
<createdTime>2025-09-01 23:56:06 UTC</createdTime>
<ownerDesignName>Encargo_Semanal</ownerDesignName>
<engineerTo>
<item key="11AD5D10-5ECF-605B-F82E-484F7B46ABAF" value="true"/>
</engineerTo>
<identifying>false</identifying>
<nameOnSource>Super Type</nameOnSource>
<nameOnTarget>Sub Type</nameOnTarget>
<optionalSource>true</optionalSource>
<optionalTarget>true</optionalTarget>
<sourceEntity>3BBBCBD4-F961-64FD-F0DC-A01B78555D6E</sourceEntity>
<targetEntity>15A967A6-DFB8-791A-7838-DE28A31EDEDF</targetEntity>
<transferable>true</transferable>
<deleteRule>NO ACTION</deleteRule>
</InheritanceRelation>