<?xml version = '1.0' encoding = 'UTF-8'?>
<InheritanceRelation class="oracle.dbtools.crest.model.design.logical.InheritanceRelation" name="Hierarchy_14" directorySegmentName="seg_0" id="98E7AE31-B147-107D-CDE5-4AA7708A45BA">
<createdBy>ariel</createdBy>
<createdTime>2025-09-02 00:28:27 UTC</createdTime>
<ownerDesignName>Encargo_Semanal</ownerDesignName>
<engineerTo>
<item key="E6520E01-3821-DB18-EC55-91B2A1332729" value="true"/>
</engineerTo>
<identifying>false</identifying>
<nameOnSource>Super Type</nameOnSource>
<nameOnTarget>Sub Type</nameOnTarget>
<optionalSource>true</optionalSource>
<optionalTarget>true</optionalTarget>
<sourceEntity>3BBBCBD4-F961-64FD-F0DC-A01B78555D6E</sourceEntity>
<targetEntity>9D24D8AE-0BBC-6D41-3EBB-7FC76D0473F3</targetEntity>
<transferable>true</transferable>
<deleteRule>NO ACTION</deleteRule>
</InheritanceRelation>