<?xml version = '1.0' encoding = 'UTF-8'?>
<InheritanceRelation class="oracle.dbtools.crest.model.design.logical.InheritanceRelation" name="RESIDENTE_TEMPORAL" directorySegmentName="seg_0" id="D753E120-FCB5-2393-ED03-2B950B521EAD">
<createdBy>ariel</createdBy>
<createdTime>2025-09-02 00:27:47 UTC</createdTime>
<ownerDesignName>Encargo_Semanal</ownerDesignName>
<engineerTo>
<item key="E6520E01-3821-DB18-EC55-91B2A1332729" value="true"/>
</engineerTo>
<arc>1D8C6711-5595-24F8-9892-16B1043DD3AC</arc>
<identifying>false</identifying>
<nameOnSource>Super Type</nameOnSource>
<nameOnTarget>Sub Type</nameOnTarget>
<optionalSource>true</optionalSource>
<optionalTarget>true</optionalTarget>
<sourceEntity>9D24D8AE-0BBC-6D41-3EBB-7FC76D0473F3</sourceEntity>
<targetEntity>DC9DE128-31B3-68C1-BA5C-7A1F6B49A499</targetEntity>
<transferable>true</transferable>
<deleteRule>NO ACTION</deleteRule>
</InheritanceRelation>