<?xml version = '1.0' encoding = 'UTF-8'?>
<Arc class="oracle.dbtools.crest.model.design.logical.Arc" directorySegmentName="seg_0" id="1D8C6711-5595-24F8-9892-16B1043DD3AC" name="TEMPORAL/PERMANENTE">
<createdBy>ariel</createdBy>
<createdTime>2025-09-02 00:38:55 UTC</createdTime>
<ownerDesignName>Encargo_Semanal</ownerDesignName>
<engineerTo>
<item key="E6520E01-3821-DB18-EC55-91B2A1332729" value="true"/>
</engineerTo>
<entity>9D24D8AE-0BBC-6D41-3EBB-7FC76D0473F3</entity>
<relations>
<relationID>03C3DC1C-D01F-8EAB-756B-85C28FC93514</relationID>
<relationID>D753E120-FCB5-2393-ED03-2B950B521EAD</relationID>
</relations>
</Arc>