<?xml version = '1.0' encoding = 'UTF-8'?>
<Arc class="oracle.dbtools.crest.model.design.logical.Arc" directorySegmentName="seg_0" id="82EEF61C-513A-4CE9-6168-FA63867C4B81" name="MEDICO/CUIDADOR">
<createdBy>nicolascavieres</createdBy>
<createdTime>2025-09-01 01:40:43 UTC</createdTime>
<ownerDesignName>Encargo_Semanal</ownerDesignName>
<engineerTo>
<item key="E6520E01-3821-DB18-EC55-91B2A1332729" value="true"/>
</engineerTo>
<entity>5298263F-D068-A208-99C4-D8A7A25D66C9</entity>
<relations>
<relationID>0C1B2615-6610-A156-2CDB-A5BFD69E9433</relationID>
<relationID>519B559D-C30C-2539-9271-61D0F71B3709</relationID>
</relations>
</Arc>