<?xml version = '1.0' encoding = 'UTF-8'?>
<Diagram class="oracle.dbtools.crest.swingui.logical.DPVLogical" name="Logical" id="DC0DF5CD-B454-5F8E-2F1E-14103608BF51">
<createdBy>ariel</createdBy>
<modifiedBy>ariel</modifiedBy>
<createdTime>2025-09-15 20:58:04 UTC</createdTime>
<autoRoute>false</autoRoute>
<boxInbox>false</boxInbox>
<showLegend>false</showLegend>
<showLabels>false</showLabels>
<showRelAttributes>true</showRelAttributes>
<gridEnabled>false</gridEnabled>
<showGrid>false</showGrid>
<diagramColor>-1</diagramColor>
<display>false</display>
<notation>1</notation>
<objectViews>
<OView class="oracle.dbtools.crest.swingui.logical.TVEntity" oid="10620F14-02E1-07E6-42E8-99EB1E8AF993" otype="Entity" vid="25AF5E57-7154-2924-699B-6671CBA206F7">
<hideElementsInCurrentOnly>false</hideElementsInCurrentOnly>
<bounds x="758" y="618" width="170" height="110"/>
</OView>
<OView class="oracle.dbtools.crest.swingui.logical.TVEntity" oid="1A023A4D-4D88-1F60-1774-14C05522520A" otype="Entity" vid="72B66748-E9AD-2827-B38E-FA34991E3F88">
<hideElementsInCurrentOnly>false</hideElementsInCurrentOnly>
<bounds x="744" y="243" width="170" height="110"/>
</OView>
<OView class="oracle.dbtools.crest.swingui.logical.TVEntity" oid="26F02ACA-20E7-31F0-6385-567EF7F48611" otype="Entity" vid="92EB7304-414C-06B4-74E4-F5DBCF8651F4">
<hideElementsInCurrentOnly>false</hideElementsInCurrentOnly>
<bounds x="367" y="179" width="170" height="110"/>
</OView>
<OView class="oracle.dbtools.crest.swingui.logical.TVEntity" oid="27F295CA-E1E6-2642-7CA9-495064715AF0" otype="Entity" vid="8F5FCA2B-6F9B-F9A8-DDAB-377F5C7F629B">
<hideElementsInCurrentOnly>false</hideElementsInCurrentOnly>
<bounds x="466" y="656" width="170" height="114"/>
</OView>
<OView class="oracle.dbtools.crest.swingui.logical.TVEntity" oid="2FA4225B-BD0E-74DC-8577-D50E50DCDC7A" otype="Entity" vid="FE1F66E3-CF75-E0C6-AC13-56B3A4F9824C">
<hideElementsInCurrentOnly>false</hideElementsInCurrentOnly>
<bounds x="1557" y="21" width="170" height="110"/>
</OView>
<OView class="oracle.dbtools.crest.swingui.logical.TVEntity" oid="3CDC50F2-91A5-A5B4-1866-22F2938E3A33" otype="Entity" vid="8A0D5FFB-C644-A544-147D-D9E5407DF5CD">
<hideElementsInCurrentOnly>false</hideElementsInCurrentOnly>
<bounds x="1771" y="745" width="170" height="110"/>
</OView>
<OView class="oracle.dbtools.crest.swingui.logical.TVEntity" oid="4D325177-9401-4EA3-7083-ABCDDD690CC7" otype="Entity" vid="057F52AD-68B0-0E38-DAEF-09FE1E047038">
<hideElementsInCurrentOnly>false</hideElementsInCurrentOnly>
<bounds x="6" y="137" width="170" height="110"/>
</OView>
<OView class="oracle.dbtools.crest.swingui.logical.TVEntity" oid="5326234F-3317-376D-4A46-A4FB703C33BF" otype="Entity" vid="5E7BEEDE-4E17-E2E1-6404-CED2E78B8CA6">
<hideElementsInCurrentOnly>false</hideElementsInCurrentOnly>
<bounds x="566" y="189" width="170" height="110"/>
</OView>
<OView class="oracle.dbtools.crest.swingui.logical.TVEntity" oid="5C27E2A9-771C-7C0C-96D6-673C33330AAF" otype="Entity" vid="CA346615-F595-902C-3912-7FD51C685015">
<hideElementsInCurrentOnly>false</hideElementsInCurrentOnly>
<bounds x="185" y="162" width="170" height="110"/>
</OView>
<OView class="oracle.dbtools.crest.swingui.logical.TVEntity" oid="60AE72CB-96B5-1310-C6DB-F12040E419AE" otype="Entity" vid="AEA7100A-9460-7049-0F4E-4F13343A5D6A">
<hideElementsInCurrentOnly>false</hideElementsInCurrentOnly>
<bounds x="1141" y="15" width="170" height="110"/>
</OView>
<OView class="oracle.dbtools.crest.swingui.logical.TVEntity" oid="6D6DFD75-3637-7EFA-BC2A-816F3341A61E" otype="Entity" vid="26AF3DDE-199A-4ECC-B665-14DF41A8C45D">
<hideElementsInCurrentOnly>false</hideElementsInCurrentOnly>
<bounds x="874" y="803" width="170" height="112"/>
</OView>
<OView class="oracle.dbtools.crest.swingui.logical.TVEntity" oid="73E7D1A0-7264-53C2-4898-DF16E4CABF8B" otype="Entity" vid="82235084-40E6-67BD-E34C-D0BFE2B72C13">
<hideElementsInCurrentOnly>false</hideElementsInCurrentOnly>
<bounds x="399" y="373" width="170" height="112"/>
</OView>
<OView class="oracle.dbtools.crest.swingui.logical.TVEntity" oid="8A9864B1-FD25-B7B9-0F34-87678765E787" otype="Entity" vid="BBB3D676-FCFF-2F19-476F-AA87EE6DB763">
<hideElementsInCurrentOnly>false</hideElementsInCurrentOnly>
<bounds x="94" y="686" width="170" height="112"/>
</OView>
<OView class="oracle.dbtools.crest.swingui.logical.TVEntity" oid="908FDD77-87CB-6C66-1ED5-2E892AE904F3" otype="Entity" vid="49482B6C-334F-1375-AAC2-ED683E30A09C">
<hideElementsInCurrentOnly>false</hideElementsInCurrentOnly>
<bounds x="1769" y="15" width="170" height="110"/>
</OView>
<OView class="oracle.dbtools.crest.swingui.logical.TVEntity" oid="A6783D94-D52C-ADC3-4EB8-C46E1DB33E51" otype="Entity" vid="161CF8E1-F8B1-311F-CC41-84C7D1115826">
<hideElementsInCurrentOnly>false</hideElementsInCurrentOnly>
<bounds x="1435" y="683" width="170" height="110"/>
</OView>
<OView class="oracle.dbtools.crest.swingui.logical.TVEntity" oid="ACF73EDC-C4C0-8D79-C687-6DE8ED0A5A33" otype="Entity" vid="45386ED5-D7EE-E472-6403-6FCE12870771">
<hideElementsInCurrentOnly>false</hideElementsInCurrentOnly>
<bounds x="107" y="351" width="170" height="112"/>
</OView>
<OView class="oracle.dbtools.crest.swingui.logical.TVEntity" oid="B3D928B4-0997-7E2A-19A1-560CE3E12266" otype="Entity" vid="27B13364-A0C6-B5B1-BCA6-039CCB800F67">
<hideElementsInCurrentOnly>false</hideElementsInCurrentOnly>
<bounds x="89" y="20" width="170" height="110"/>
</OView>
<OView class="oracle.dbtools.crest.swingui.logical.TVEntity" oid="B5CC82E2-3187-F204-7F61-A492954D6714" otype="Entity" vid="E3A10B2B-34F3-8CDF-4DE2-294DD506FCCB">
<hideElementsInCurrentOnly>false</hideElementsInCurrentOnly>
<bounds x="1758" y="331" width="170" height="110"/>
</OView>
<OView class="oracle.dbtools.crest.swingui.logical.TVEntity" oid="BC50350F-A523-8302-DB39-079308140324" otype="Entity" vid="E154DBC0-72F7-74F6-1C93-E8A1B7A03657">
<hideElementsInCurrentOnly>false</hideElementsInCurrentOnly>
<bounds x="1329" y="18" width="170" height="110"/>
</OView>
<OView class="oracle.dbtools.crest.swingui.logical.TVEntity" oid="BCE29E90-163C-26FD-4531-370437330F6F" otype="Entity" vid="EACB147A-2FE9-E6C7-EBAE-335B3FCA5684">
<hideElementsInCurrentOnly>false</hideElementsInCurrentOnly>
<bounds x="551" y="13" width="170" height="110"/>
</OView>
<OView class="oracle.dbtools.crest.swingui.logical.TVEntity" oid="C08DFAFB-3533-7CC1-58CA-54DCF573F54A" otype="Entity" vid="BD03B7B4-0DD5-4A56-2397-F4D677832530">
<hideElementsInCurrentOnly>false</hideElementsInCurrentOnly>
<bounds x="921" y="33" width="171" height="134"/>
</OView>
<OView class="oracle.dbtools.crest.swingui.logical.TVEntity" oid="C146CE85-E4DA-0AEF-B790-FAC877B16DD1" otype="Entity" vid="CD05A4E2-132C-173F-FDA3-EC9C0C1B3BC5">
<hideElementsInCurrentOnly>false</hideElementsInCurrentOnly>
<bounds x="305" y="19" width="170" height="110"/>
</OView>
<OView class="oracle.dbtools.crest.swingui.logical.TVEntity" oid="C54CAF97-C9FB-076B-8C7C-9B43B0F64EE1" otype="Entity" vid="DD2BAB28-7EAE-B10E-56FC-8CD29ED6948C">
<hideElementsInCurrentOnly>false</hideElementsInCurrentOnly>
<bounds x="1495" y="455" width="170" height="110"/>
</OView>
<OView class="oracle.dbtools.crest.swingui.logical.TVEntity" oid="CC991436-1568-81C7-61B9-9EA592C68FB2" otype="Entity" vid="DF13B75D-0A37-5AA2-EDF1-5EB24734B228">
<hideElementsInCurrentOnly>false</hideElementsInCurrentOnly>
<bounds x="1781" y="598" width="170" height="110"/>
</OView>
<OView class="oracle.dbtools.crest.swingui.logical.TVEntity" oid="CF5AB430-610F-1DCD-1FBE-C482739735CD" otype="Entity" vid="35F38FF7-92B2-9DA6-D71F-357F8CB059B2">
<hideElementsInCurrentOnly>false</hideElementsInCurrentOnly>
<bounds x="1083" y="266" width="229" height="110"/>
</OView>
<OView class="oracle.dbtools.crest.swingui.logical.TVEntity" oid="DAD59786-E591-27FA-50E8-B64A2377DCAD" otype="Entity" vid="766C3394-981B-FBA3-07F7-D6AC4729984F">
<hideElementsInCurrentOnly>false</hideElementsInCurrentOnly>
<bounds x="898" y="427" width="151" height="110"/>
</OView>
<OView class="oracle.dbtools.crest.swingui.logical.TVEntity" oid="DB8B3B04-39C8-D392-2A15-EDF26B96034F" otype="Entity" vid="AAAE71CC-7E14-F419-3BA4-53CDD4A636D2">
<hideElementsInCurrentOnly>false</hideElementsInCurrentOnly>
<bounds x="480" y="926" width="170" height="110"/>
</OView>
<OView class="oracle.dbtools.crest.swingui.logical.TVEntity" oid="E2682E11-7DD6-0775-A0E9-C335AA78149E" otype="Entity" vid="5FD6D117-B4B0-B6DB-25F1-B9D0D94B37C7">
<hideElementsInCurrentOnly>false</hideElementsInCurrentOnly>
<bounds x="1179" y="818" width="170" height="112"/>
</OView>
<OView class="oracle.dbtools.crest.swingui.logical.TVEntity" oid="E8B4BA3F-A941-5393-68D0-7B6C3265A453" otype="Entity" vid="F0B2F89C-8353-AE14-07CC-61E96950CBBE">
<hideElementsInCurrentOnly>false</hideElementsInCurrentOnly>
<bounds x="1597" y="860" width="170" height="112"/>
</OView>
</objectViews>
<connectors>
<Connector class="oracle.dbtools.crest.swingui.logical.TVRelation" oid="04E03044-7A9C-9290-6747-98D042739D15" otype="Relation" vid_source="25AF5E57-7154-2924-699B-6671CBA206F7" vid_target="161CF8E1-F8B1-311F-CC41-84C7D1115826">
<hideElementsInCurrentOnly>false</hideElementsInCurrentOnly>
<backgroundColor>-16777216</backgroundColor>
<lineWidth>1</lineWidth>
<points>
<point x="928" y="705"/>
<point x="1435" y="705"/>
</points>
</Connector>
<Connector class="oracle.dbtools.crest.swingui.logical.TVRelation" oid="1946B041-BEF3-88B2-62FE-05030FC0AD58" otype="Relation" vid_source="27B13364-A0C6-B5B1-BCA6-039CCB800F67" vid_target="CD05A4E2-132C-173F-FDA3-EC9C0C1B3BC5">
<hideElementsInCurrentOnly>false</hideElementsInCurrentOnly>
<backgroundColor>-16777216</backgroundColor>
<lineWidth>1</lineWidth>
<points>
<point x="259" y="74"/>
<point x="305" y="74"/>
</points>
</Connector>
<Connector class="oracle.dbtools.crest.swingui.logical.TVInheritanceRelation" oid="1D952F78-A47B-BC26-2DF5-664BA094663A" otype="Hierarchy relation" vid_source="BD03B7B4-0DD5-4A56-2397-F4D677832530" vid_target="766C3394-981B-FBA3-07F7-D6AC4729984F">
<hideElementsInCurrentOnly>false</hideElementsInCurrentOnly>
<backgroundColor>-65536</backgroundColor>
<lineWidth>1</lineWidth>
<points>
<point x="985" y="167"/>
<point x="985" y="427"/>
</points>
</Connector>
<Connector class="oracle.dbtools.crest.swingui.logical.TVRelation" oid="233817D2-D65D-2707-79AA-35A6874FB1DD" otype="Relation" vid_source="E154DBC0-72F7-74F6-1C93-E8A1B7A03657" vid_target="35F38FF7-92B2-9DA6-D71F-357F8CB059B2">
<hideElementsInCurrentOnly>false</hideElementsInCurrentOnly>
<backgroundColor>-16777216</backgroundColor>
<lineWidth>1</lineWidth>
<points>
<point x="1365" y="128"/>
<point x="1230" y="266"/>
</points>
</Connector>
<Connector class="oracle.dbtools.crest.swingui.logical.TVRelation" oid="2339DB57-45E6-A9F9-7D88-7A254ED5B217" otype="Relation" vid_source="BD03B7B4-0DD5-4A56-2397-F4D677832530" vid_target="5E7BEEDE-4E17-E2E1-6404-CED2E78B8CA6">
<hideElementsInCurrentOnly>false</hideElementsInCurrentOnly>
<backgroundColor>-16777216</backgroundColor>
<lineWidth>1</lineWidth>
<points>
<point x="921" y="134"/>
<point x="736" y="209"/>
</points>
</Connector>
<Connector class="oracle.dbtools.crest.swingui.logical.TVRelation" oid="2819C9EB-DB61-FB83-B2A8-FFC26A97AFF1" otype="Relation" vid_source="82235084-40E6-67BD-E34C-D0BFE2B72C13" vid_target="8F5FCA2B-6F9B-F9A8-DDAB-377F5C7F629B">
<hideElementsInCurrentOnly>false</hideElementsInCurrentOnly>
<backgroundColor>-16777216</backgroundColor>
<lineWidth>1</lineWidth>
<points>
<point x="517" y="485"/>
<point x="517" y="656"/>
</points>
</Connector>
<Connector class="oracle.dbtools.crest.swingui.logical.TVRelation" oid="3432F968-F10E-E924-0736-6352471BE1A6" otype="Relation" vid_source="45386ED5-D7EE-E472-6403-6FCE12870771" vid_target="82235084-40E6-67BD-E34C-D0BFE2B72C13">
<hideElementsInCurrentOnly>false</hideElementsInCurrentOnly>
<backgroundColor>-16777216</backgroundColor>
<lineWidth>1</lineWidth>
<points>
<point x="277" y="418"/>
<point x="399" y="418"/>
</points>
</Connector>
<Connector class="oracle.dbtools.crest.swingui.logical.TVRelation" oid="36FE9AAC-45CE-9240-B0A3-DA16F9D7E5F3" otype="Relation" vid_source="DD2BAB28-7EAE-B10E-56FC-8CD29ED6948C" vid_target="5FD6D117-B4B0-B6DB-25F1-B9D0D94B37C7">
<hideElementsInCurrentOnly>false</hideElementsInCurrentOnly>
<backgroundColor>-16777216</backgroundColor>
<lineWidth>1</lineWidth>
<points>
<point x="1532" y="565"/>
<point x="1312" y="818"/>
</points>
</Connector>
<Connector class="oracle.dbtools.crest.swingui.logical.TVRelation" oid="41594D90-5923-650C-99BD-7A29007067F3" otype="Relation" vid_source="766C3394-981B-FBA3-07F7-D6AC4729984F" vid_target="5FD6D117-B4B0-B6DB-25F1-B9D0D94B37C7">
<hideElementsInCurrentOnly>false</hideElementsInCurrentOnly>
<backgroundColor>-16777216</backgroundColor>
<lineWidth>1</lineWidth>
<points>
<point x="1014" y="537"/>
<point x="1252" y="818"/>
</points>
</Connector>
<Connector class="oracle.dbtools.crest.swingui.logical.TVRelation" oid="4B78EA86-25A0-1A9A-80F3-CF817B6E2AF8" otype="Relation" vid_source="DD2BAB28-7EAE-B10E-56FC-8CD29ED6948C" vid_target="F0B2F89C-8353-AE14-07CC-61E96950CBBE">
<hideElementsInCurrentOnly>false</hideElementsInCurrentOnly>
<backgroundColor>-16777216</backgroundColor>
<lineWidth>1</lineWidth>
<points>
<point x="1631" y="565"/>
<point x="1631" y="860"/>
</points>
</Connector>
<Connector class="oracle.dbtools.crest.swingui.logical.TVRelation" oid="4E772C59-A8D3-099F-A7C8-9A52B3125D0F" otype="Relation" vid_source="766C3394-981B-FBA3-07F7-D6AC4729984F" vid_target="82235084-40E6-67BD-E34C-D0BFE2B72C13">
<hideElementsInCurrentOnly>false</hideElementsInCurrentOnly>
<backgroundColor>-16777216</backgroundColor>
<lineWidth>1</lineWidth>
<points>
<point x="898" y="456"/>
<point x="569" y="456"/>
</points>
</Connector>
<Connector class="oracle.dbtools.crest.swingui.logical.TVRelation" oid="59B4037A-E570-EB00-19C9-8F699387A524" otype="Relation" vid_source="49482B6C-334F-1375-AAC2-ED683E30A09C" vid_target="35F38FF7-92B2-9DA6-D71F-357F8CB059B2">
<hideElementsInCurrentOnly>false</hideElementsInCurrentOnly>
<backgroundColor>-16777216</backgroundColor>
<lineWidth>1</lineWidth>
<points>
<point x="1769" y="102"/>
<point x="1312" y="277"/>
</points>
</Connector>
<Connector class="oracle.dbtools.crest.swingui.logical.TVRelation" oid="5F9318F6-403F-5089-1A65-5DE15B9B84C2" otype="Relation" vid_source="DD2BAB28-7EAE-B10E-56FC-8CD29ED6948C" vid_target="766C3394-981B-FBA3-07F7-D6AC4729984F">
<hideElementsInCurrentOnly>false</hideElementsInCurrentOnly>
<backgroundColor>-16777216</backgroundColor>
<lineWidth>1</lineWidth>
<points>
<point x="1495" y="496"/>
<point x="1049" y="496"/>
</points>
</Connector>
<Connector class="oracle.dbtools.crest.swingui.logical.TVRelation" oid="6136CA48-4861-9B0E-138D-19DD565A2394" otype="Relation" vid_source="5FD6D117-B4B0-B6DB-25F1-B9D0D94B37C7" vid_target="26AF3DDE-199A-4ECC-B665-14DF41A8C45D">
<hideElementsInCurrentOnly>false</hideElementsInCurrentOnly>
<backgroundColor>-16777216</backgroundColor>
<lineWidth>1</lineWidth>
<points>
<point x="1179" y="866"/>
<point x="1044" y="866"/>
</points>
</Connector>
<Connector class="oracle.dbtools.crest.swingui.logical.TVRelation" oid="61A81DB8-42C8-871E-C4FA-452B2EB3F27D" otype="Relation" vid_source="766C3394-981B-FBA3-07F7-D6AC4729984F" vid_target="E3A10B2B-34F3-8CDF-4DE2-294DD506FCCB">
<hideElementsInCurrentOnly>false</hideElementsInCurrentOnly>
<backgroundColor>-16777216</backgroundColor>
<lineWidth>1</lineWidth>
<points>
<point x="1049" y="434"/>
<point x="1758" y="434"/>
</points>
</Connector>
<Connector class="oracle.dbtools.crest.swingui.logical.TVRelation" oid="65B6B47D-DCBE-388C-7517-1E5B79985F92" otype="Relation" vid_source="BD03B7B4-0DD5-4A56-2397-F4D677832530" vid_target="92EB7304-414C-06B4-74E4-F5DBCF8651F4">
<hideElementsInCurrentOnly>false</hideElementsInCurrentOnly>
<backgroundColor>-16777216</backgroundColor>
<lineWidth>1</lineWidth>
<points>
<point x="921" y="120"/>
<point x="537" y="213"/>
</points>
</Connector>
<Connector class="oracle.dbtools.crest.swingui.logical.TVRelation" oid="67F36275-2BBD-D0A0-4B0D-D2D58C7FDD9E" otype="Relation" vid_source="BD03B7B4-0DD5-4A56-2397-F4D677832530" vid_target="057F52AD-68B0-0E38-DAEF-09FE1E047038">
<hideElementsInCurrentOnly>false</hideElementsInCurrentOnly>
<backgroundColor>-16777216</backgroundColor>
<lineWidth>1</lineWidth>
<points>
<point x="921" y="152"/>
<point x="176" y="152"/>
</points>
</Connector>
<Connector class="oracle.dbtools.crest.swingui.logical.TVRelation" oid="6AA0E003-1B5D-450C-0E41-DC546EE58B3B" otype="Relation" vid_source="35F38FF7-92B2-9DA6-D71F-357F8CB059B2" vid_target="161CF8E1-F8B1-311F-CC41-84C7D1115826">
<hideElementsInCurrentOnly>false</hideElementsInCurrentOnly>
<backgroundColor>-16777216</backgroundColor>
<lineWidth>1</lineWidth>
<points>
<point x="1240" y="376"/>
<point x="1477" y="683"/>
</points>
</Connector>
<Connector class="oracle.dbtools.crest.swingui.logical.TVRelation" oid="6C54E7FE-A5DB-F689-99F5-8F687039CF61" otype="Relation" vid_source="AAAE71CC-7E14-F419-3BA4-53CDD4A636D2" vid_target="5FD6D117-B4B0-B6DB-25F1-B9D0D94B37C7">
<hideElementsInCurrentOnly>false</hideElementsInCurrentOnly>
<backgroundColor>-16777216</backgroundColor>
<lineWidth>1</lineWidth>
<points>
<point x="650" y="928"/>
<point x="1179" y="928"/>
</points>
</Connector>
<Connector class="oracle.dbtools.crest.swingui.logical.TVRelation" oid="7624567E-DF9A-FA8E-F0AC-59D7CCC67DD7" otype="Relation" vid_source="BBB3D676-FCFF-2F19-476F-AA87EE6DB763" vid_target="8F5FCA2B-6F9B-F9A8-DDAB-377F5C7F629B">
<hideElementsInCurrentOnly>false</hideElementsInCurrentOnly>
<backgroundColor>-16777216</backgroundColor>
<lineWidth>1</lineWidth>
<points>
<point x="264" y="728"/>
<point x="466" y="728"/>
</points>
</Connector>
<Connector class="oracle.dbtools.crest.swingui.logical.TVRelation" oid="7D3FAC92-DDD5-A520-BF43-9B2D330C237B" otype="Relation" vid_source="35F38FF7-92B2-9DA6-D71F-357F8CB059B2" vid_target="5FD6D117-B4B0-B6DB-25F1-B9D0D94B37C7">
<hideElementsInCurrentOnly>false</hideElementsInCurrentOnly>
<backgroundColor>-16777216</backgroundColor>
<lineWidth>1</lineWidth>
<points>
<point x="1275" y="376"/>
<point x="1275" y="818"/>
</points>
</Connector>
<Connector class="oracle.dbtools.crest.swingui.logical.TVInheritanceRelation" oid="7D4F22D5-F79E-6E53-9690-F2370D87A27A" otype="Hierarchy relation" vid_source="8F5FCA2B-6F9B-F9A8-DDAB-377F5C7F629B" vid_target="AAAE71CC-7E14-F419-3BA4-53CDD4A636D2">
<hideElementsInCurrentOnly>false</hideElementsInCurrentOnly>
<backgroundColor>-65536</backgroundColor>
<lineWidth>1</lineWidth>
<points>
<point x="558" y="770"/>
<point x="558" y="926"/>
</points>
</Connector>
<Connector class="oracle.dbtools.crest.swingui.logical.TVRelation" oid="85EB5C9F-30F7-BE3F-C0FE-070FC84C7876" otype="Relation" vid_source="DD2BAB28-7EAE-B10E-56FC-8CD29ED6948C" vid_target="161CF8E1-F8B1-311F-CC41-84C7D1115826">
<hideElementsInCurrentOnly>false</hideElementsInCurrentOnly>
<backgroundColor>-16777216</backgroundColor>
<lineWidth>1</lineWidth>
<points>
<point x="1565" y="565"/>
<point x="1565" y="683"/>
</points>
</Connector>
<Connector class="oracle.dbtools.crest.swingui.logical.TVRelation" oid="8B9D92FB-1252-4B3F-5746-3EC178A887CC" otype="Relation" vid_source="CD05A4E2-132C-173F-FDA3-EC9C0C1B3BC5" vid_target="EACB147A-2FE9-E6C7-EBAE-335B3FCA5684">
<hideElementsInCurrentOnly>false</hideElementsInCurrentOnly>
<backgroundColor>-16777216</backgroundColor>
<lineWidth>1</lineWidth>
<points>
<point x="475" y="71"/>
<point x="551" y="71"/>
</points>
</Connector>
<Connector class="oracle.dbtools.crest.swingui.logical.TVInheritanceRelation" oid="99F4F3C6-58C1-89BA-D2AB-F0601CBBCB29" otype="Hierarchy relation" vid_source="8F5FCA2B-6F9B-F9A8-DDAB-377F5C7F629B" vid_target="25AF5E57-7154-2924-699B-6671CBA206F7">
<hideElementsInCurrentOnly>false</hideElementsInCurrentOnly>
<backgroundColor>-65536</backgroundColor>
<lineWidth>1</lineWidth>
<points>
<point x="636" y="692"/>
<point x="758" y="692"/>
</points>
</Connector>
<Connector class="oracle.dbtools.crest.swingui.logical.TVRelation" oid="9F7737F5-979C-496C-C5E3-B4EDBF53093B" otype="Relation" vid_source="5FD6D117-B4B0-B6DB-25F1-B9D0D94B37C7" vid_target="F0B2F89C-8353-AE14-07CC-61E96950CBBE">
<hideElementsInCurrentOnly>false</hideElementsInCurrentOnly>
<backgroundColor>-16777216</backgroundColor>
<lineWidth>1</lineWidth>
<points>
<point x="1349" y="895"/>
<point x="1597" y="895"/>
</points>
</Connector>
<Connector class="oracle.dbtools.crest.swingui.logical.TVRelation" oid="A6B9E27D-D99C-B6BA-2021-256D67F89581" otype="Relation" vid_source="FE1F66E3-CF75-E0C6-AC13-56B3A4F9824C" vid_target="35F38FF7-92B2-9DA6-D71F-357F8CB059B2">
<hideElementsInCurrentOnly>false</hideElementsInCurrentOnly>
<backgroundColor>-16777216</backgroundColor>
<lineWidth>1</lineWidth>
<points>
<point x="1557" y="122"/>
<point x="1297" y="266"/>
</points>
</Connector>
<Connector class="oracle.dbtools.crest.swingui.logical.TVRelation" oid="AB0B1420-A7C4-6A79-CE30-84098E686475" otype="Relation" vid_source="BD03B7B4-0DD5-4A56-2397-F4D677832530" vid_target="CA346615-F595-902C-3912-7FD51C685015">
<hideElementsInCurrentOnly>false</hideElementsInCurrentOnly>
<backgroundColor>-16777216</backgroundColor>
<lineWidth>1</lineWidth>
<points>
<point x="921" y="164"/>
<point x="355" y="164"/>
</points>
</Connector>
<Connector class="oracle.dbtools.crest.swingui.logical.TVRelation" oid="C8DBE5A8-08F7-681E-F72A-B9A95BF2E120" otype="Relation" vid_source="766C3394-981B-FBA3-07F7-D6AC4729984F" vid_target="26AF3DDE-199A-4ECC-B665-14DF41A8C45D">
<hideElementsInCurrentOnly>false</hideElementsInCurrentOnly>
<backgroundColor>-16777216</backgroundColor>
<lineWidth>1</lineWidth>
<points>
<point x="971" y="537"/>
<point x="971" y="803"/>
</points>
</Connector>
<Connector class="oracle.dbtools.crest.swingui.logical.TVRelation" oid="CDEA444F-B21A-B92A-4E43-8CC36B50711D" otype="Relation" vid_source="8A0D5FFB-C644-A544-147D-D9E5407DF5CD" vid_target="161CF8E1-F8B1-311F-CC41-84C7D1115826">
<hideElementsInCurrentOnly>false</hideElementsInCurrentOnly>
<backgroundColor>-16777216</backgroundColor>
<lineWidth>1</lineWidth>
<points>
<point x="1771" y="769"/>
<point x="1605" y="769"/>
</points>
</Connector>
<Connector class="oracle.dbtools.crest.swingui.logical.TVRelation" oid="D297B148-5B3E-6037-A8D6-6D08BFB5ACC1" otype="Relation" vid_source="E3A10B2B-34F3-8CDF-4DE2-294DD506FCCB" vid_target="161CF8E1-F8B1-311F-CC41-84C7D1115826">
<hideElementsInCurrentOnly>false</hideElementsInCurrentOnly>
<backgroundColor>-16777216</backgroundColor>
<lineWidth>1</lineWidth>
<points>
<point x="1792" y="441"/>
<point x="1540" y="683"/>
</points>
</Connector>
<Connector class="oracle.dbtools.crest.swingui.logical.TVRelation" oid="DB5B8FAE-0401-1856-B306-5194D4E97A07" otype="Relation" vid_source="EACB147A-2FE9-E6C7-EBAE-335B3FCA5684" vid_target="BD03B7B4-0DD5-4A56-2397-F4D677832530">
<hideElementsInCurrentOnly>false</hideElementsInCurrentOnly>
<backgroundColor>-16777216</backgroundColor>
<lineWidth>1</lineWidth>
<points>
<point x="721" y="78"/>
<point x="921" y="78"/>
</points>
</Connector>
<Connector class="oracle.dbtools.crest.swingui.logical.TVRelation" oid="DD80CC1E-93F0-6600-5924-5C7AC57B70D2" otype="Relation" vid_source="35F38FF7-92B2-9DA6-D71F-357F8CB059B2" vid_target="26AF3DDE-199A-4ECC-B665-14DF41A8C45D">
<hideElementsInCurrentOnly>false</hideElementsInCurrentOnly>
<backgroundColor>-16777216</backgroundColor>
<lineWidth>1</lineWidth>
<points>
<point x="1173" y="376"/>
<point x="983" y="803"/>
</points>
</Connector>
<Connector class="oracle.dbtools.crest.swingui.logical.TVRelation" oid="E1320A54-BD91-7D04-3C5A-806580C71174" otype="Relation" vid_source="72B66748-E9AD-2827-B38E-FA34991E3F88" vid_target="BD03B7B4-0DD5-4A56-2397-F4D677832530">
<hideElementsInCurrentOnly>false</hideElementsInCurrentOnly>
<backgroundColor>-16777216</backgroundColor>
<lineWidth>1</lineWidth>
<points>
<point x="878" y="243"/>
<point x="946" y="167"/>
</points>
</Connector>
<Connector class="oracle.dbtools.crest.swingui.logical.TVInheritanceRelation" oid="E4DBE6AE-4692-8A5B-A93F-65CFDE662C8A" otype="Hierarchy relation" vid_source="BD03B7B4-0DD5-4A56-2397-F4D677832530" vid_target="35F38FF7-92B2-9DA6-D71F-357F8CB059B2">
<hideElementsInCurrentOnly>false</hideElementsInCurrentOnly>
<backgroundColor>-65536</backgroundColor>
<lineWidth>1</lineWidth>
<points>
<point x="1087" y="167"/>
<point x="1087" y="266"/>
</points>
</Connector>
<Connector class="oracle.dbtools.crest.swingui.logical.TVRelation" oid="EC2D805E-09C7-E0BB-03CD-1A38F00C9AB6" otype="Relation" vid_source="DF13B75D-0A37-5AA2-EDF1-5EB24734B228" vid_target="161CF8E1-F8B1-311F-CC41-84C7D1115826">
<hideElementsInCurrentOnly>false</hideElementsInCurrentOnly>
<backgroundColor>-16777216</backgroundColor>
<lineWidth>1</lineWidth>
<points>
<point x="1781" y="695"/>
<point x="1605" y="695"/>
</points>
</Connector>
<Connector class="oracle.dbtools.crest.swingui.logical.TVRelation" oid="F7CBFEAE-265C-A0A2-FFAB-E1F212F97738" otype="Relation" vid_source="35F38FF7-92B2-9DA6-D71F-357F8CB059B2" vid_target="35F38FF7-92B2-9DA6-D71F-357F8CB059B2">
<hideElementsInCurrentOnly>false</hideElementsInCurrentOnly>
<backgroundColor>-16777216</backgroundColor>
<lineWidth>1</lineWidth>
<points>
<point x="1278" y="333"/>
<point x="1278" y="330"/>
<point x="1278" y="401"/>
<point x="1183" y="401"/>
<point x="1183" y="376"/>
</points>
</Connector>
<Connector class="oracle.dbtools.crest.swingui.logical.TVRelation" oid="FA44AADF-F1B0-1669-95E6-B708D339A600" otype="Relation" vid_source="AEA7100A-9460-7049-0F4E-4F13343A5D6A" vid_target="35F38FF7-92B2-9DA6-D71F-357F8CB059B2">
<hideElementsInCurrentOnly>false</hideElementsInCurrentOnly>
<backgroundColor>-16777216</backgroundColor>
<lineWidth>1</lineWidth>
<points>
<point x="1241" y="125"/>
<point x="1241" y="266"/>
</points>
</Connector>
</connectors>
<arcs>
<Arc class="oracle.dbtools.crest.swingui.logical.TVArc" oid="18519D44-6ACB-0FD4-5436-8E80C19AD852" otype="Arc" vid="27ECA709-5C1B-CED0-1D41-E8544F667A0D">
<hideElementsInCurrentOnly>false</hideElementsInCurrentOnly>
<bounds x="901" y="13" width="211" height="174"/>
</Arc>
</arcs>
</Diagram>