<?xml version = '1.0' encoding = 'UTF-8'?>
<Relation class="oracle.dbtools.crest.model.design.logical.Relation" name="empleado-reserva" directorySegmentName="seg_0" id="0554375E-BD1A-2CDD-8AE2-306BF79DDA73">
<createdBy>ariel</createdBy>
<createdTime>2025-08-18 15:01:18 UTC</createdTime>
<ownerDesignName>Exp1_S1_Grupo4</ownerDesignName>
<engineerTo>
<item key="7C7FA3B9-36F9-5CBF-D31C-709D5BD8C430" value="true"/>
</engineerTo>
<sourcePk>89B0A2CA-5299-3D3D-5176-4E406DCA0668</sourcePk>
<identifying>false</identifying>
<optionalSource>false</optionalSource>
<optionalTarget>true</optionalTarget>
<sourceCardinality>1</sourceCardinality>
<sourceEntity>4A26C838-CCB5-464A-74E2-1BD7F72F953B</sourceEntity>
<targetCardinalityString>*</targetCardinalityString>
<targetEntity>E7FBD23D-EA38-C539-581E-D103F7F60DE4</targetEntity>
<transferable>true</transferable>
<deleteRule>NO ACTION</deleteRule>
</Relation>