<?xml version = '1.0' encoding = 'UTF-8'?>
<Relation class="oracle.dbtools.crest.model.design.logical.Relation" name="pasajero_reserva" directorySegmentName="seg_0" id="3C27ED36-A831-A87C-D7C9-0632E3B4ACE7">
<createdBy>ariel</createdBy>
<createdTime>2025-08-18 15:00:46 UTC</createdTime>
<ownerDesignName>Exp1_S1_Grupo4</ownerDesignName>
<engineerTo>
<item key="7C7FA3B9-36F9-5CBF-D31C-709D5BD8C430" value="true"/>
</engineerTo>
<sourcePk>F7B79DA9-1A8D-1056-D7E1-5268E907D192</sourcePk>
<identifying>false</identifying>
<optionalSource>false</optionalSource>
<optionalTarget>true</optionalTarget>
<sourceCardinality>1</sourceCardinality>
<sourceEntity>18ADAA10-960A-9829-FEB7-CCAE17A2CC75</sourceEntity>
<targetCardinalityString>*</targetCardinalityString>
<targetEntity>E7FBD23D-EA38-C539-581E-D103F7F60DE4</targetEntity>
<transferable>true</transferable>
<deleteRule>NO ACTION</deleteRule>
</Relation>