<?xml version = '1.0' encoding = 'UTF-8'?>
<Relation class="oracle.dbtools.crest.model.design.logical.Relation" name="vuelo_reserva" directorySegmentName="seg_0" id="DF246FA3-FA7D-A503-2111-1FCDC73B90ED">
<createdBy>ariel</createdBy>
<createdTime>2025-08-18 14:59:08 UTC</createdTime>
<ownerDesignName>Exp1_S1_Grupo4</ownerDesignName>
<engineerTo>
<item key="7C7FA3B9-36F9-5CBF-D31C-709D5BD8C430" value="true"/>
</engineerTo>
<targetPk>E5D294CE-6FF8-DB02-6329-4F3F89773153</targetPk>
<identifying>false</identifying>
<optionalSource>false</optionalSource>
<optionalTarget>true</optionalTarget>
<sourceCardinality>1</sourceCardinality>
<sourceEntity>070EB8B4-9438-689A-83AA-2D367D42DCCC</sourceEntity>
<targetCardinalityString>*</targetCardinalityString>
<targetEntity>E7FBD23D-EA38-C539-581E-D103F7F60DE4</targetEntity>
<transferable>true</transferable>
<deleteRule>NO ACTION</deleteRule>
<attributes itemClass="oracle.dbtools.crest.model.design.logical.Attribute">
<attribute name="estado_asignado" id="D71CD395-3BC7-84EA-9263-A7ACA9342F8D">
<createdBy>ariel</createdBy>
<createdTime>2025-08-18 14:59:38 UTC</createdTime>
<ownerDesignName>Exp1_S1_Grupo4</ownerDesignName>
<engineerTo>
<item key="7C7FA3B9-36F9-5CBF-D31C-709D5BD8C430" value="true"/>
</engineerTo>
<useDomainConstraints>false</useDomainConstraints>
<use>1</use>
<logicalDatatype>LOGDT025</logicalDatatype>
<ownDataTypeParameters>,,</ownDataTypeParameters>
</attribute>
<attribute name="num_empleado" id="BB71B4E9-EF75-0058-D9BB-C773E9717435">
<createdBy>ariel</createdBy>
<createdTime>2025-08-18 14:59:45 UTC</createdTime>
<ownerDesignName>Exp1_S1_Grupo4</ownerDesignName>
<engineerTo>
<item key="7C7FA3B9-36F9-5CBF-D31C-709D5BD8C430" value="true"/>
</engineerTo>
<useDomainConstraints>false</useDomainConstraints>
<use>1</use>
<logicalDatatype>LOGDT037</logicalDatatype>
<ownDataTypeParameters>,,</ownDataTypeParameters>
</attribute>
</attributes>
</Relation>