<?xml version = '1.0' encoding = 'UTF-8'?>
<Entity class="oracle.dbtools.crest.model.design.logical.Entity" directorySegmentName="seg_0" id="4A26C838-CCB5-464A-74E2-1BD7F72F953B" name="Empleado">
<createdBy>ariel</createdBy>
<createdTime>2025-08-18 14:08:22 UTC</createdTime>
<ownerDesignName>Exp1_S1_Grupo4</ownerDesignName>
<engineerTo>
<item key="7C7FA3B9-36F9-5CBF-D31C-709D5BD8C430" value="true"/>
</engineerTo>
<adequatelyNormalized>NO</adequatelyNormalized>
<expectedVolumes>0</expectedVolumes>
<fwdEngineeringStrategyName>Single Table</fwdEngineeringStrategyName>
<growthPercent>0</growthPercent>
<growthType>Year</growthType>
<maxVolumes>9999999</maxVolumes>
<minVolumes>0</minVolumes>
<normalForm>Third</normalForm>
<attributes itemClass="oracle.dbtools.crest.model.design.logical.Attribute">
<Attribute name="num_empleado" id="509A80F4-A6B6-0152-CDCD-0B635CCE9CB2">
<createdBy>ariel</createdBy>
<createdTime>2025-08-18 14:22:13 UTC</createdTime>
<ownerDesignName>Exp1_S1_Grupo4</ownerDesignName>
<engineerTo>
<item key="7C7FA3B9-36F9-5CBF-D31C-709D5BD8C430" value="true"/>
</engineerTo>
<useDomainConstraints>false</useDomainConstraints>
<use>1</use>
<logicalDatatype>LOGDT037</logicalDatatype>
<ownDataTypeParameters>,,</ownDataTypeParameters>
</Attribute>
<Attribute name="rut" id="34688191-561C-3670-5C21-F923773639A1">
<createdBy>ariel</createdBy>
<createdTime>2025-08-18 14:08:36 UTC</createdTime>
<ownerDesignName>Exp1_S1_Grupo4</ownerDesignName>
<engineerTo>
<item key="7C7FA3B9-36F9-5CBF-D31C-709D5BD8C430" value="true"/>
</engineerTo>
<useDomainConstraints>false</useDomainConstraints>
<use>1</use>
<logicalDatatype>LOGDT037</logicalDatatype>
<ownDataTypeParameters>,,</ownDataTypeParameters>
</Attribute>
<Attribute name="nombre_completo" id="73DF2E99-E1C3-F606-6FA6-813C581B3C77">
<createdBy>ariel</createdBy>
<createdTime>2025-08-18 14:08:47 UTC</createdTime>
<ownerDesignName>Exp1_S1_Grupo4</ownerDesignName>
<engineerTo>
<item key="7C7FA3B9-36F9-5CBF-D31C-709D5BD8C430" value="true"/>
</engineerTo>
<useDomainConstraints>false</useDomainConstraints>
<use>1</use>
<logicalDatatype>LOGDT024</logicalDatatype>
<ownDataTypeParameters>,,</ownDataTypeParameters>
</Attribute>
<Attribute name="direccion" id="19092F2D-09C3-C4AA-E1F4-D8F312DFB068">
<createdBy>ariel</createdBy>
<createdTime>2025-08-18 14:08:52 UTC</createdTime>
<ownerDesignName>Exp1_S1_Grupo4</ownerDesignName>
<engineerTo>
<item key="7C7FA3B9-36F9-5CBF-D31C-709D5BD8C430" value="true"/>
</engineerTo>
<nullsAllowed>true</nullsAllowed>
<useDomainConstraints>false</useDomainConstraints>
<use>1</use>
<logicalDatatype>LOGDT024</logicalDatatype>
<ownDataTypeParameters>,,</ownDataTypeParameters>
</Attribute>
<Attribute name="sueldo_base" id="49D5562D-11CB-774A-8B76-2AA1E4AC572E">
<createdBy>ariel</createdBy>
<createdTime>2025-08-18 14:08:57 UTC</createdTime>
<ownerDesignName>Exp1_S1_Grupo4</ownerDesignName>
<engineerTo>
<item key="7C7FA3B9-36F9-5CBF-D31C-709D5BD8C430" value="true"/>
</engineerTo>
<nullsAllowed>true</nullsAllowed>
<useDomainConstraints>false</useDomainConstraints>
<use>1</use>
<logicalDatatype>LOGDT011</logicalDatatype>
<ownDataTypeParameters>,,</ownDataTypeParameters>
</Attribute>
<Attribute name="fecha_ingreso" id="2E172B4A-DD06-A124-E80B-ABAE820B5128">
<createdBy>ariel</createdBy>
<createdTime>2025-08-18 14:09:00 UTC</createdTime>
<ownerDesignName>Exp1_S1_Grupo4</ownerDesignName>
<engineerTo>
<item key="7C7FA3B9-36F9-5CBF-D31C-709D5BD8C430" value="true"/>
</engineerTo>
<nullsAllowed>true</nullsAllowed>
<useDomainConstraints>false</useDomainConstraints>
<use>1</use>
<logicalDatatype>LOGDT007</logicalDatatype>
<ownDataTypeParameters>,,</ownDataTypeParameters>
</Attribute>
<Attribute name="genero" id="8C8F6489-910B-BF8E-02FE-E76AB73976B1">
<createdBy>ariel</createdBy>
<createdTime>2025-08-18 14:09:11 UTC</createdTime>
<ownerDesignName>Exp1_S1_Grupo4</ownerDesignName>
<engineerTo>
<item key="7C7FA3B9-36F9-5CBF-D31C-709D5BD8C430" value="true"/>
</engineerTo>
<nullsAllowed>true</nullsAllowed>
<useDomainConstraints>false</useDomainConstraints>
<use>1</use>
<logicalDatatype>LOGDT025</logicalDatatype>
<ownDataTypeParameters>,,</ownDataTypeParameters>
</Attribute>
<Attribute name="num_telefono" id="DE7FEFE0-EF99-B75A-FDFA-7D67611F9C1D">
<createdBy>ariel</createdBy>
<createdTime>2025-08-18 14:09:15 UTC</createdTime>
<ownerDesignName>Exp1_S1_Grupo4</ownerDesignName>
<engineerTo>
<item key="7C7FA3B9-36F9-5CBF-D31C-709D5BD8C430" value="true"/>
</engineerTo>
<useDomainConstraints>false</useDomainConstraints>
<use>1</use>
<logicalDatatype>LOGDT019</logicalDatatype>
<ownDataTypeParameters>,,</ownDataTypeParameters>
</Attribute>
<Attribute name="tel_contacto" id="19AE9976-C352-8F95-51F4-08B44B23774E">
<createdBy>ariel</createdBy>
<createdTime>2025-08-18 14:09:32 UTC</createdTime>
<ownerDesignName>Exp1_S1_Grupo4</ownerDesignName>
<engineerTo>
<item key="7C7FA3B9-36F9-5CBF-D31C-709D5BD8C430" value="true"/>
</engineerTo>
<nullsAllowed>true</nullsAllowed>
<useDomainConstraints>false</useDomainConstraints>
<use>1</use>
<logicalDatatype>LOGDT019</logicalDatatype>
<ownDataTypeParameters>,,</ownDataTypeParameters>
</Attribute>
</attributes>
<identifiers itemClass="oracle.dbtools.crest.model.design.logical.CandidateKey">
<identifier id="89B0A2CA-5299-3D3D-5176-4E406DCA0668" name="Empleado PK">
<createdBy>ariel</createdBy>
<createdTime>2025-08-18 14:22:41 UTC</createdTime>
<ownerDesignName>Exp1_S1_Grupo4</ownerDesignName>
<engineerTo>
<item key="7C7FA3B9-36F9-5CBF-D31C-709D5BD8C430" value="true"/>
</engineerTo>
<pk>true</pk>
<usedAttributes>
<attributeRef>509A80F4-A6B6-0152-CDCD-0B635CCE9CB2</attributeRef>
</usedAttributes>
</identifier>
</identifiers>
</Entity>