<?xml version = '1.0' encoding = 'UTF-8'?>
<Entity class="oracle.dbtools.crest.model.design.logical.Entity" directorySegmentName="seg_0" id="E7FBD23D-EA38-C539-581E-D103F7F60DE4" name="Reserva">
<createdBy>ariel</createdBy>
<createdTime>2025-08-18 14:11:08 UTC</createdTime>
<ownerDesignName>Exp1_S1_Grupo4</ownerDesignName>
<engineerTo>
<item key="7C7FA3B9-36F9-5CBF-D31C-709D5BD8C430" value="true"/>
</engineerTo>
<adequatelyNormalized>NO</adequatelyNormalized>
<expectedVolumes>0</expectedVolumes>
<fwdEngineeringStrategyName>Single Table</fwdEngineeringStrategyName>
<growthPercent>0</growthPercent>
<growthType>Year</growthType>
<maxVolumes>9999999</maxVolumes>
<minVolumes>0</minVolumes>
<normalForm>Third</normalForm>
<attributes itemClass="oracle.dbtools.crest.model.design.logical.Attribute">
<Attribute name="num_reserva" id="A81081BD-05F6-7D88-E2E3-AFE9358511C7">
<createdBy>ariel</createdBy>
<createdTime>2025-08-18 14:11:13 UTC</createdTime>
<ownerDesignName>Exp1_S1_Grupo4</ownerDesignName>
<engineerTo>
<item key="7C7FA3B9-36F9-5CBF-D31C-709D5BD8C430" value="true"/>
</engineerTo>
<useDomainConstraints>false</useDomainConstraints>
<use>1</use>
<logicalDatatype>LOGDT037</logicalDatatype>
<ownDataTypeParameters>,,</ownDataTypeParameters>
</Attribute>
<Attribute name="fecha_reserva" id="88D244A8-A7B5-D700-DB20-F1F3D0F2D9FE">
<createdBy>ariel</createdBy>
<createdTime>2025-08-18 14:57:45 UTC</createdTime>
<ownerDesignName>Exp1_S1_Grupo4</ownerDesignName>
<engineerTo>
<item key="7C7FA3B9-36F9-5CBF-D31C-709D5BD8C430" value="true"/>
</engineerTo>
<useDomainConstraints>false</useDomainConstraints>
<use>1</use>
<logicalDatatype>LOGDT008</logicalDatatype>
<ownDataTypeParameters>,,</ownDataTypeParameters>
</Attribute>
<Attribute name="fecha_vuelo" id="9416C717-50D9-8485-1E58-41A87692264E">
<createdBy>ariel</createdBy>
<createdTime>2025-08-18 14:58:03 UTC</createdTime>
<ownerDesignName>Exp1_S1_Grupo4</ownerDesignName>
<engineerTo>
<item key="7C7FA3B9-36F9-5CBF-D31C-709D5BD8C430" value="true"/>
</engineerTo>
<useDomainConstraints>false</useDomainConstraints>
<use>1</use>
<logicalDatatype>LOGDT007</logicalDatatype>
<ownDataTypeParameters>,,</ownDataTypeParameters>
</Attribute>
<Attribute name="estado" id="058EE737-448F-C5C3-886D-F494842BCEBC">
<createdBy>ariel</createdBy>
<createdTime>2025-08-18 14:12:16 UTC</createdTime>
<ownerDesignName>Exp1_S1_Grupo4</ownerDesignName>
<engineerTo>
<item key="7C7FA3B9-36F9-5CBF-D31C-709D5BD8C430" value="true"/>
</engineerTo>
<useDomainConstraints>false</useDomainConstraints>
<use>1</use>
<logicalDatatype>LOGDT025</logicalDatatype>
<ownDataTypeParameters>,,</ownDataTypeParameters>
</Attribute>
<Attribute name="num_pasajero" id="BDB549A6-3772-2DAF-EC23-431D8472011C">
<createdBy>ariel</createdBy>
<createdTime>2025-08-18 15:00:46 UTC</createdTime>
<generatorID>3C27ED36-A831-A87C-D7C9-0632E3B4ACE7</generatorID>
<ownerDesignName>Exp1_S1_Grupo4</ownerDesignName>
<engineerTo>
<item key="7C7FA3B9-36F9-5CBF-D31C-709D5BD8C430" value="true"/>
</engineerTo>
<nullsAllowed>true</nullsAllowed>
<referedAttribute>C331E8AC-A1D6-E013-424F-B917FAD28D4D</referedAttribute>
<useDomainConstraints>false</useDomainConstraints>
<use>1</use>
<logicalDatatype>LOGDT037</logicalDatatype>
<ownDataTypeParameters>,,</ownDataTypeParameters>
</Attribute>
<Attribute name="num_empleado" id="8149234D-D301-9C5C-8556-0DAF521B60D4">
<createdBy>ariel</createdBy>
<createdTime>2025-08-18 15:01:18 UTC</createdTime>
<generatorID>0554375E-BD1A-2CDD-8AE2-306BF79DDA73</generatorID>
<ownerDesignName>Exp1_S1_Grupo4</ownerDesignName>
<engineerTo>
<item key="7C7FA3B9-36F9-5CBF-D31C-709D5BD8C430" value="true"/>
</engineerTo>
<nullsAllowed>true</nullsAllowed>
<referedAttribute>509A80F4-A6B6-0152-CDCD-0B635CCE9CB2</referedAttribute>
<useDomainConstraints>false</useDomainConstraints>
<use>1</use>
<logicalDatatype>LOGDT037</logicalDatatype>
<ownDataTypeParameters>,,</ownDataTypeParameters>
</Attribute>
</attributes>
<identifiers itemClass="oracle.dbtools.crest.model.design.logical.CandidateKey">
<identifier id="E5D294CE-6FF8-DB02-6329-4F3F89773153" name="Reserva PK">
<createdBy>ariel</createdBy>
<createdTime>2025-08-18 14:22:49 UTC</createdTime>
<ownerDesignName>Exp1_S1_Grupo4</ownerDesignName>
<engineerTo>
<item key="7C7FA3B9-36F9-5CBF-D31C-709D5BD8C430" value="true"/>
</engineerTo>
<pk>true</pk>
<usedAttributes>
<attributeRef>A81081BD-05F6-7D88-E2E3-AFE9358511C7</attributeRef>
</usedAttributes>
</identifier>
</identifiers>
</Entity>