<?xml version = '1.0' encoding = 'UTF-8'?>
<InheritanceRelation class="oracle.dbtools.crest.model.design.logical.InheritanceRelation" name="Hierarchy_1" directorySegmentName="seg_0" id="1D952F78-A47B-BC26-2DF5-664BA094663A">
<createdBy>ariel</createdBy>
<createdTime>2025-09-15 23:44:02 UTC</createdTime>
<ownerDesignName>Exp2_S5_NicolasCavieres</ownerDesignName>
<engineerTo>
<item key="5FE5B6C2-B17F-D373-02BC-69F51A5E9CAF" value="true"/>
</engineerTo>
<arc>18519D44-6ACB-0FD4-5436-8E80C19AD852</arc>
<identifying>false</identifying>
<nameOnSource>Super Type</nameOnSource>
<nameOnTarget>Sub Type</nameOnTarget>
<optionalSource>true</optionalSource>
<optionalTarget>true</optionalTarget>
<sourceEntity>C08DFAFB-3533-7CC1-58CA-54DCF573F54A</sourceEntity>
<targetEntity>DAD59786-E591-27FA-50E8-B64A2377DCAD</targetEntity>
<transferable>true</transferable>
<deleteRule>NO ACTION</deleteRule>
</InheritanceRelation>