<?xml version = '1.0' encoding = 'UTF-8'?>
<InheritanceRelation class="oracle.dbtools.crest.model.design.logical.InheritanceRelation" name="Hierarchy_2" directorySegmentName="seg_0" id="E4DBE6AE-4692-8A5B-A93F-65CFDE662C8A">
<createdBy>ariel</createdBy>
<createdTime>2025-09-15 23:44:53 UTC</createdTime>
<ownerDesignName>Exp2_S5_NicolasCavieres</ownerDesignName>
<engineerTo>
<item key="5FE5B6C2-B17F-D373-02BC-69F51A5E9CAF" value="true"/>
</engineerTo>
<arc>18519D44-6ACB-0FD4-5436-8E80C19AD852</arc>
<identifying>false</identifying>
<nameOnSource>Super Type</nameOnSource>
<nameOnTarget>Sub Type</nameOnTarget>
<optionalSource>true</optionalSource>
<optionalTarget>true</optionalTarget>
<sourceEntity>C08DFAFB-3533-7CC1-58CA-54DCF573F54A</sourceEntity>
<targetEntity>CF5AB430-610F-1DCD-1FBE-C482739735CD</targetEntity>
<transferable>true</transferable>
<deleteRule>NO ACTION</deleteRule>
</InheritanceRelation>