<?xml version = '1.0' encoding = 'UTF-8'?>
<Diagram class="oracle.dbtools.crest.swingui.relational.DPVRelational" name="Relational_1" id="98BEFB7B-F62D-BD8C-3C33-F1B056F07C2D">
<createdBy>ariel</createdBy>
<modifiedBy>ariel</modifiedBy>
<createdTime>2025-09-16 01:07:34 UTC</createdTime>
<autoRoute>false</autoRoute>
<boxInbox>true</boxInbox>
<showLegend>false</showLegend>
<showLabels>false</showLabels>
<showRelAttributes>false</showRelAttributes>
<gridEnabled>false</gridEnabled>
<showGrid>false</showGrid>
<diagramColor>-1</diagramColor>
<display>false</display>
<notation>1</notation>
<objectViews>
<OView class="oracle.dbtools.crest.swingui.relational.TVTable" oid="0C676CFD-3A82-DC26-EBBA-3C4633231AFA" otype="Table" vid="36342CB7-C891-5FF2-F1D0-D08BA394F822">
<hideElementsInCurrentOnly>false</hideElementsInCurrentOnly>
<bounds x="51" y="736" width="259" height="110"/>
</OView>
<OView class="oracle.dbtools.crest.swingui.relational.TVTable" oid="0FCA5006-5292-E470-6BF3-DEB0D372F356" otype="Table" vid="D2804A4C-A259-C943-57B9-4F1096CEC34A">
<hideElementsInCurrentOnly>false</hideElementsInCurrentOnly>
<bounds x="1634" y="194" width="547" height="256"/>
</OView>
<OView class="oracle.dbtools.crest.swingui.relational.TVTable" oid="240F7061-B2DC-7CC9-A848-24ED9A2C5700" otype="Table" vid="D0A6DDD3-E9BD-E6C6-FC1D-6CFE3B589ABC">
<hideElementsInCurrentOnly>false</hideElementsInCurrentOnly>
<bounds x="856" y="1174" width="347" height="282"/>
</OView>
<OView class="oracle.dbtools.crest.swingui.relational.TVTable" oid="27453E04-93ED-2893-570E-8F4EBFCFED46" otype="Table" vid="6B424365-8C1C-12DF-001F-9A941FAFE158">
<hideElementsInCurrentOnly>false</hideElementsInCurrentOnly>
<bounds x="952" y="535" width="422" height="240"/>
</OView>
<OView class="oracle.dbtools.crest.swingui.relational.TVTable" oid="28372752-DDF2-ABE4-73B4-E943D480392E" otype="Table" vid="B1AA3760-9E61-E7A6-D691-1041730E94C7">
<hideElementsInCurrentOnly>false</hideElementsInCurrentOnly>
<bounds x="2244" y="146" width="258" height="120"/>
</OView>
<OView class="oracle.dbtools.crest.swingui.relational.TVTable" oid="35950437-BEC3-56CF-582B-5FE935C8E8DB" otype="Table" vid="5CD41057-2810-62B3-0D29-F44DDB173091">
<hideElementsInCurrentOnly>false</hideElementsInCurrentOnly>
<bounds x="2016" y="18" width="222" height="88"/>
</OView>
<OView class="oracle.dbtools.crest.swingui.relational.TVTable" oid="5FCBFBBF-4A9D-47A1-FBAE-9D72059B0E6B" otype="Table" vid="A145E970-5406-D473-6BD2-4CB8D165CBEA">
<hideElementsInCurrentOnly>false</hideElementsInCurrentOnly>
<bounds x="1971" y="788" width="475" height="310"/>
</OView>
<OView class="oracle.dbtools.crest.swingui.relational.TVTable" oid="5FEA6AB0-225F-3732-7E62-93D3EADB3AD6" otype="Table" vid="865A38D6-76CB-4ED4-94C8-C3056761EC1C">
<hideElementsInCurrentOnly>false</hideElementsInCurrentOnly>
<bounds x="39" y="214" width="263" height="111"/>
</OView>
<OView class="oracle.dbtools.crest.swingui.relational.TVTable" oid="6126AD67-47F7-3E4E-EC65-B6AFC575F6B3" otype="Table" vid="D5E48C50-A7E8-86C7-7024-CBC0E91A891A">
<hideElementsInCurrentOnly>false</hideElementsInCurrentOnly>
<bounds x="2135" y="1259" width="319" height="202"/>
</OView>
<OView class="oracle.dbtools.crest.swingui.relational.TVTable" oid="6F20848B-658B-B627-6A20-8E35EFF9B8AD" otype="Table" vid="03F6AB3B-B415-BA41-2DBA-CC8CFC74EEFA">
<hideElementsInCurrentOnly>false</hideElementsInCurrentOnly>
<bounds x="997" y="192" width="429" height="238"/>
</OView>
<OView class="oracle.dbtools.crest.swingui.relational.TVTable" oid="75B6ABA1-31F7-147F-D4EB-6DC3AF42B72D" otype="Table" vid="A7E0CAB3-62D3-00D3-64E6-F60F1434C968">
<hideElementsInCurrentOnly>false</hideElementsInCurrentOnly>
<bounds x="323" y="1192" width="291" height="169"/>
</OView>
<OView class="oracle.dbtools.crest.swingui.relational.TVTable" oid="80AEC49F-AB3A-1670-C8E3-6CA4E288289E" otype="Table" vid="DE1613CA-6CF4-78E3-0141-8A5556E0FCF5">
<hideElementsInCurrentOnly>false</hideElementsInCurrentOnly>
<bounds x="864" y="8" width="248" height="90"/>
</OView>
<OView class="oracle.dbtools.crest.swingui.relational.TVTable" oid="84FEC1A2-5C36-494B-EE8C-589F44AEE080" otype="Table" vid="106738BD-E7AD-9A5B-CE2E-6ABDFA479B56">
<hideElementsInCurrentOnly>false</hideElementsInCurrentOnly>
<bounds x="2212" y="630" width="236" height="89"/>
</OView>
<OView class="oracle.dbtools.crest.swingui.relational.TVTable" oid="8966875B-CFB0-0F7B-8BB0-CD8D422E05C5" otype="Table" vid="2A481FAD-7C45-82E5-4F88-2F54335206D8">
<hideElementsInCurrentOnly>false</hideElementsInCurrentOnly>
<bounds x="392" y="445" width="284" height="175"/>
</OView>
<OView class="oracle.dbtools.crest.swingui.relational.TVTable" oid="8992DC9C-88D4-1447-4875-B35CF1EA3B3F" otype="Table" vid="AFEBB448-BCB2-F82D-8C75-9384C19121E2">
<hideElementsInCurrentOnly>false</hideElementsInCurrentOnly>
<bounds x="1117" y="5" width="240" height="118"/>
</OView>
<OView class="oracle.dbtools.crest.swingui.relational.TVTable" oid="9F131BB5-6658-8079-3E03-DF8FD60A5B5F" otype="Table" vid="090BA255-162D-6590-120B-72DFB7207733">
<hideElementsInCurrentOnly>false</hideElementsInCurrentOnly>
<bounds x="331" y="12" width="234" height="89"/>
</OView>
<OView class="oracle.dbtools.crest.swingui.relational.TVTable" oid="9F4F49C3-1940-0882-ECA5-5110B43D10CA" otype="Table" vid="1980B4E5-9CFD-5DA5-E846-078D8520AF01">
<hideElementsInCurrentOnly>false</hideElementsInCurrentOnly>
<bounds x="591" y="10" width="223" height="77"/>
</OView>
<OView class="oracle.dbtools.crest.swingui.relational.TVTable" oid="B3812EA4-AC0A-F5C9-696B-04894E569C68" otype="Table" vid="DA9FFD65-400B-3DB5-3326-0E7A7E1B7885">
<hideElementsInCurrentOnly>false</hideElementsInCurrentOnly>
<bounds x="2144" y="508" width="284" height="81"/>
</OView>
<OView class="oracle.dbtools.crest.swingui.relational.TVTable" oid="B59ED0AF-CDAD-270B-8415-4C12AD82B07B" otype="Table" vid="A0B66541-E9BB-17CD-CB0A-FDB05FB4458C">
<hideElementsInCurrentOnly>false</hideElementsInCurrentOnly>
<bounds x="1337" y="1352" width="342" height="197"/>
</OView>
<OView class="oracle.dbtools.crest.swingui.relational.TVTable" oid="BAA62474-FD16-5059-39F5-B22B5ACF97DC" otype="Table" vid="AF737488-7086-C01F-F637-29CCF358A71F">
<hideElementsInCurrentOnly>false</hideElementsInCurrentOnly>
<bounds x="28" y="51" width="241" height="101"/>
</OView>
<OView class="oracle.dbtools.crest.swingui.relational.TVTable" oid="BB0F4958-0385-3844-6CCE-14027064ACAD" otype="Table" vid="C3DE8A97-B8A9-1809-A40E-1242DD9F24B8">
<hideElementsInCurrentOnly>false</hideElementsInCurrentOnly>
<bounds x="1368" y="14" width="242" height="120"/>
</OView>
<OView class="oracle.dbtools.crest.swingui.relational.TVTable" oid="BB516239-DE88-A044-1031-4D44AF42235C" otype="Table" vid="4F2B2317-74EA-61A4-54B2-1ADBCA85024E">
<hideElementsInCurrentOnly>false</hideElementsInCurrentOnly>
<bounds x="1673" y="9" width="253" height="117"/>
</OView>
<OView class="oracle.dbtools.crest.swingui.relational.TVTable" oid="BD90C64C-0A19-A47D-DFEC-09F29223D8C8" otype="Table" vid="9BA60F3F-19D1-1FC7-BF37-F530A273C511">
<hideElementsInCurrentOnly>false</hideElementsInCurrentOnly>
<bounds x="1733" y="553" width="311" height="137"/>
</OView>
<OView class="oracle.dbtools.crest.swingui.relational.TVTable" oid="CA5CC4E8-D22F-D0D7-2BA2-C7ED57AB2B8F" otype="Table" vid="70CC5355-12E2-9D9F-E6AE-75AD69C67FEB">
<hideElementsInCurrentOnly>false</hideElementsInCurrentOnly>
<bounds x="1754" y="1219" width="281" height="220"/>
</OView>
<OView class="oracle.dbtools.crest.swingui.relational.TVTable" oid="CCF71446-C516-8640-8570-CF231762F97C" otype="Table" vid="EF669E11-95E6-70CB-490E-3E37D7CC8048">
<hideElementsInCurrentOnly>false</hideElementsInCurrentOnly>
<bounds x="442" y="721" width="211" height="178"/>
</OView>
<OView class="oracle.dbtools.crest.swingui.relational.TVTable" oid="D35CDB7B-ACD1-8B28-8278-0C7B8A10BB80" otype="Table" vid="D6492AFD-9390-F55D-5532-D44F8259F842">
<hideElementsInCurrentOnly>false</hideElementsInCurrentOnly>
<bounds x="572" y="971" width="332" height="176"/>
</OView>
<OView class="oracle.dbtools.crest.swingui.relational.TVTable" oid="DC97A03A-CBF2-E80C-1D4C-B12DD2A091BB" otype="Table" vid="CC71E3B2-68E7-6F13-9BAE-4E09205AE844">
<hideElementsInCurrentOnly>false</hideElementsInCurrentOnly>
<bounds x="386" y="187" width="293" height="160"/>
</OView>
<OView class="oracle.dbtools.crest.swingui.relational.TVTable" oid="E08ED9D3-7CA6-A728-0F65-D3D760C9E3A8" otype="Table" vid="CC04A816-C333-54B1-C87D-A01E8C97803D">
<hideElementsInCurrentOnly>false</hideElementsInCurrentOnly>
<bounds x="39" y="441" width="253" height="88"/>
</OView>
<OView class="oracle.dbtools.crest.swingui.relational.TVTable" oid="E12FDF09-E5BC-5577-7096-14DD60A3AAC0" otype="Table" vid="1E414741-025E-65E9-58A3-CCFBBBAD4FB7">
<hideElementsInCurrentOnly>false</hideElementsInCurrentOnly>
<bounds x="60" y="934" width="216" height="112"/>
</OView>
<OView class="oracle.dbtools.crest.swingui.relational.TVTable" oid="FC0E61DA-026E-2F30-1425-35FBD508A1AF" otype="Table" vid="D727EB46-3C61-B479-C674-8F8AECEBAC17">
<hideElementsInCurrentOnly>false</hideElementsInCurrentOnly>
<bounds x="2253" y="338" width="244" height="112"/>
</OView>
</objectViews>
<connectors>
<Connector class="oracle.dbtools.crest.swingui.relational.TVFKRelation" oid="0E6AC140-2D45-EF0C-A2B4-E74159BEEC10" otype="FKIndexAssociation" vid_source="D2804A4C-A259-C943-57B9-4F1096CEC34A" vid_target="D0A6DDD3-E9BD-E6C6-FC1D-6CFE3B589ABC">
<hideElementsInCurrentOnly>false</hideElementsInCurrentOnly>
<backgroundColor>-16777216</backgroundColor>
<lineWidth>1</lineWidth>
<points>
<point x="1794" y="450"/>
<point x="1154" y="1174"/>
</points>
</Connector>
<Connector class="oracle.dbtools.crest.swingui.relational.TVFKRelation" oid="18261411-C135-5269-BF46-6D67360C77EF" otype="FKIndexAssociation" vid_source="9BA60F3F-19D1-1FC7-BF37-F530A273C511" vid_target="A145E970-5406-D473-6BD2-4CB8D165CBEA">
<hideElementsInCurrentOnly>false</hideElementsInCurrentOnly>
<backgroundColor>-16777216</backgroundColor>
<lineWidth>1</lineWidth>
<points>
<point x="2007" y="690"/>
<point x="2007" y="788"/>
</points>
</Connector>
<Connector class="oracle.dbtools.crest.swingui.relational.TVFKRelation" oid="2D420B6D-3F91-3C2B-22FB-ACD68EE65001" otype="FKIndexAssociation" vid_source="03F6AB3B-B415-BA41-2DBA-CC8CFC74EEFA" vid_target="6B424365-8C1C-12DF-001F-9A941FAFE158">
<hideElementsInCurrentOnly>false</hideElementsInCurrentOnly>
<backgroundColor>-16777216</backgroundColor>
<lineWidth>1</lineWidth>
<points>
<point x="1185" y="430"/>
<point x="1185" y="535"/>
</points>
</Connector>
<Connector class="oracle.dbtools.crest.swingui.relational.TVFKRelation" oid="2EFE34A0-F63A-9675-C5E1-CF3104BF729D" otype="FKIndexAssociation" vid_source="9BA60F3F-19D1-1FC7-BF37-F530A273C511" vid_target="6B424365-8C1C-12DF-001F-9A941FAFE158">
<hideElementsInCurrentOnly>false</hideElementsInCurrentOnly>
<backgroundColor>-16777216</backgroundColor>
<lineWidth>1</lineWidth>
<points>
<point x="1733" y="621"/>
<point x="1374" y="621"/>
</points>
</Connector>
<Connector class="oracle.dbtools.crest.swingui.relational.TVFKRelation" oid="33FC5AAE-D68C-0EDD-265A-4A8E281ADD79" otype="FKIndexAssociation" vid_source="106738BD-E7AD-9A5B-CE2E-6ABDFA479B56" vid_target="A145E970-5406-D473-6BD2-4CB8D165CBEA">
<hideElementsInCurrentOnly>false</hideElementsInCurrentOnly>
<backgroundColor>-16777216</backgroundColor>
<lineWidth>1</lineWidth>
<points>
<point x="2329" y="719"/>
<point x="2329" y="788"/>
</points>
</Connector>
<Connector class="oracle.dbtools.crest.swingui.relational.TVFKRelation" oid="376E613F-5FA2-1842-8723-1CAED588EB5F" otype="FKIndexAssociation" vid_source="090BA255-162D-6590-120B-72DFB7207733" vid_target="03F6AB3B-B415-BA41-2DBA-CC8CFC74EEFA">
<hideElementsInCurrentOnly>false</hideElementsInCurrentOnly>
<backgroundColor>-16777216</backgroundColor>
<lineWidth>1</lineWidth>
<points>
<point x="565" y="95"/>
<point x="997" y="239"/>
</points>
</Connector>
<Connector class="oracle.dbtools.crest.swingui.relational.TVFKRelation" oid="3F65435F-8031-FD46-C984-016564FFF1EF" otype="FKIndexAssociation" vid_source="6B424365-8C1C-12DF-001F-9A941FAFE158" vid_target="D0A6DDD3-E9BD-E6C6-FC1D-6CFE3B589ABC">
<hideElementsInCurrentOnly>false</hideElementsInCurrentOnly>
<backgroundColor>-16777216</backgroundColor>
<lineWidth>1</lineWidth>
<points>
<point x="1077" y="775"/>
<point x="1077" y="1174"/>
</points>
</Connector>
<Connector class="oracle.dbtools.crest.swingui.relational.TVFKRelation" oid="3FFB9A78-32D2-70D6-FF62-DE9400B4F0C1" otype="FKIndexAssociation" vid_source="D2804A4C-A259-C943-57B9-4F1096CEC34A" vid_target="D2804A4C-A259-C943-57B9-4F1096CEC34A">
<hideElementsInCurrentOnly>false</hideElementsInCurrentOnly>
<backgroundColor>-16777216</backgroundColor>
<lineWidth>1</lineWidth>
<points>
<point x="1908" y="450"/>
<point x="1908" y="402"/>
<point x="1908" y="473"/>
<point x="1813" y="473"/>
<point x="1813" y="450"/>
</points>
</Connector>
<Connector class="oracle.dbtools.crest.swingui.relational.TVFKRelation" oid="472F424E-0148-FCBE-F5AD-77965311EAF6" otype="FKIndexAssociation" vid_source="EF669E11-95E6-70CB-490E-3E37D7CC8048" vid_target="36342CB7-C891-5FF2-F1D0-D08BA394F822">
<hideElementsInCurrentOnly>false</hideElementsInCurrentOnly>
<backgroundColor>-16777216</backgroundColor>
<lineWidth>1</lineWidth>
<points>
<point x="442" y="791"/>
<point x="310" y="791"/>
</points>
</Connector>
<Connector class="oracle.dbtools.crest.swingui.relational.TVFKRelation" oid="48518432-0AF7-FD7D-6211-36C827A80BAC" otype="FKIndexAssociation" vid_source="DA9FFD65-400B-3DB5-3326-0E7A7E1B7885" vid_target="A145E970-5406-D473-6BD2-4CB8D165CBEA">
<hideElementsInCurrentOnly>false</hideElementsInCurrentOnly>
<backgroundColor>-16777216</backgroundColor>
<lineWidth>1</lineWidth>
<points>
<point x="2286" y="589"/>
<point x="2286" y="788"/>
</points>
</Connector>
<Connector class="oracle.dbtools.crest.swingui.relational.TVFKRelation" oid="4F8CCF92-8AE0-229C-51CF-BC072A72230D" otype="FKIndexAssociation" vid_source="03F6AB3B-B415-BA41-2DBA-CC8CFC74EEFA" vid_target="D2804A4C-A259-C943-57B9-4F1096CEC34A">
<hideElementsInCurrentOnly>false</hideElementsInCurrentOnly>
<backgroundColor>-16777216</backgroundColor>
<lineWidth>1</lineWidth>
<points>
<point x="1426" y="312"/>
<point x="1634" y="312"/>
</points>
</Connector>
<Connector class="oracle.dbtools.crest.swingui.relational.TVFKRelation" oid="525D8BD8-31C4-9EB6-CCA4-258B4BB21202" otype="FKIndexAssociation" vid_source="6B424365-8C1C-12DF-001F-9A941FAFE158" vid_target="2A481FAD-7C45-82E5-4F88-2F54335206D8">
<hideElementsInCurrentOnly>false</hideElementsInCurrentOnly>
<backgroundColor>-16777216</backgroundColor>
<lineWidth>1</lineWidth>
<points>
<point x="952" y="577"/>
<point x="676" y="577"/>
</points>
</Connector>
<Connector class="oracle.dbtools.crest.swingui.relational.TVFKRelation" oid="5820D55A-89F0-F130-828A-FCA8718AD5DB" otype="FKIndexAssociation" vid_source="B1AA3760-9E61-E7A6-D691-1041730E94C7" vid_target="D2804A4C-A259-C943-57B9-4F1096CEC34A">
<hideElementsInCurrentOnly>false</hideElementsInCurrentOnly>
<backgroundColor>-16777216</backgroundColor>
<lineWidth>1</lineWidth>
<points>
<point x="2244" y="230"/>
<point x="2181" y="230"/>
</points>
</Connector>
<Connector class="oracle.dbtools.crest.swingui.relational.TVFKRelation" oid="5DD16ECD-6828-BD39-2C77-750097DF603B" otype="FKIndexAssociation" vid_source="1980B4E5-9CFD-5DA5-E846-078D8520AF01" vid_target="03F6AB3B-B415-BA41-2DBA-CC8CFC74EEFA">
<hideElementsInCurrentOnly>false</hideElementsInCurrentOnly>
<backgroundColor>-16777216</backgroundColor>
<lineWidth>1</lineWidth>
<points>
<point x="777" y="87"/>
<point x="997" y="200"/>
</points>
</Connector>
<Connector class="oracle.dbtools.crest.swingui.relational.TVFKRelation" oid="6D32C638-9F40-09ED-E900-9AFEA4E8DD3F" otype="FKIndexAssociation" vid_source="2A481FAD-7C45-82E5-4F88-2F54335206D8" vid_target="EF669E11-95E6-70CB-490E-3E37D7CC8048">
<hideElementsInCurrentOnly>false</hideElementsInCurrentOnly>
<backgroundColor>-16777216</backgroundColor>
<lineWidth>1</lineWidth>
<points>
<point x="547" y="620"/>
<point x="547" y="721"/>
</points>
</Connector>
<Connector class="oracle.dbtools.crest.swingui.relational.TVFKRelation" oid="755F828C-7AC4-FF3D-5826-F41FC3FDD3A7" otype="FKIndexAssociation" vid_source="6B424365-8C1C-12DF-001F-9A941FAFE158" vid_target="A0B66541-E9BB-17CD-CB0A-FDB05FB4458C">
<hideElementsInCurrentOnly>false</hideElementsInCurrentOnly>
<backgroundColor>-16777216</backgroundColor>
<lineWidth>1</lineWidth>
<points>
<point x="1370" y="775"/>
<point x="1370" y="1352"/>
</points>
</Connector>
<Connector class="oracle.dbtools.crest.swingui.relational.TVFKRelation" oid="7C8FBD7D-ACBA-DA23-7BE1-04D386EE5713" otype="FKIndexAssociation" vid_source="D2804A4C-A259-C943-57B9-4F1096CEC34A" vid_target="A0B66541-E9BB-17CD-CB0A-FDB05FB4458C">
<hideElementsInCurrentOnly>false</hideElementsInCurrentOnly>
<backgroundColor>-16777216</backgroundColor>
<lineWidth>1</lineWidth>
<points>
<point x="1656" y="450"/>
<point x="1656" y="1352"/>
</points>
</Connector>
<Connector class="oracle.dbtools.crest.swingui.relational.TVFKRelation" oid="7D316559-F798-5822-8213-9B2E4A65BDEF" otype="FKIndexAssociation" vid_source="6B424365-8C1C-12DF-001F-9A941FAFE158" vid_target="9BA60F3F-19D1-1FC7-BF37-F530A273C511">
<hideElementsInCurrentOnly>false</hideElementsInCurrentOnly>
<backgroundColor>-16777216</backgroundColor>
<lineWidth>1</lineWidth>
<points>
<point x="1374" y="636"/>
<point x="1733" y="636"/>
</points>
</Connector>
<Connector class="oracle.dbtools.crest.swingui.relational.TVFKRelation" oid="7EEE4558-4F6D-F4B5-C78E-EDF99C1F79EF" otype="FKIndexAssociation" vid_source="AF737488-7086-C01F-F637-29CCF358A71F" vid_target="865A38D6-76CB-4ED4-94C8-C3056761EC1C">
<hideElementsInCurrentOnly>false</hideElementsInCurrentOnly>
<backgroundColor>-16777216</backgroundColor>
<lineWidth>1</lineWidth>
<points>
<point x="154" y="152"/>
<point x="154" y="214"/>
</points>
</Connector>
<Connector class="oracle.dbtools.crest.swingui.relational.TVFKRelation" oid="8C0205CE-EE8F-B3ED-CFB8-AA8B7A669014" otype="FKIndexAssociation" vid_source="CC04A816-C333-54B1-C87D-A01E8C97803D" vid_target="2A481FAD-7C45-82E5-4F88-2F54335206D8">
<hideElementsInCurrentOnly>false</hideElementsInCurrentOnly>
<backgroundColor>-16777216</backgroundColor>
<lineWidth>1</lineWidth>
<points>
<point x="292" y="487"/>
<point x="392" y="487"/>
</points>
</Connector>
<Connector class="oracle.dbtools.crest.swingui.relational.TVFKRelation" oid="8C452878-C045-8845-0F24-74AA36C29B06" otype="FKIndexAssociation" vid_source="865A38D6-76CB-4ED4-94C8-C3056761EC1C" vid_target="CC71E3B2-68E7-6F13-9BAE-4E09205AE844">
<hideElementsInCurrentOnly>false</hideElementsInCurrentOnly>
<backgroundColor>-16777216</backgroundColor>
<lineWidth>1</lineWidth>
<points>
<point x="302" y="269"/>
<point x="386" y="269"/>
</points>
</Connector>
<Connector class="oracle.dbtools.crest.swingui.relational.TVFKRelation" oid="8E4DC7F7-DA69-7908-79DA-5C48C066D5D9" otype="FKIndexAssociation" vid_source="4F2B2317-74EA-61A4-54B2-1ADBCA85024E" vid_target="D2804A4C-A259-C943-57B9-4F1096CEC34A">
<hideElementsInCurrentOnly>false</hideElementsInCurrentOnly>
<backgroundColor>-16777216</backgroundColor>
<lineWidth>1</lineWidth>
<points>
<point x="1799" y="126"/>
<point x="1799" y="194"/>
</points>
</Connector>
<Connector class="oracle.dbtools.crest.swingui.relational.TVFKRelation" oid="A391CDEF-1EFD-7C84-EA38-09F9A3DDBD06" otype="FKIndexAssociation" vid_source="9BA60F3F-19D1-1FC7-BF37-F530A273C511" vid_target="D0A6DDD3-E9BD-E6C6-FC1D-6CFE3B589ABC">
<hideElementsInCurrentOnly>false</hideElementsInCurrentOnly>
<backgroundColor>-16777216</backgroundColor>
<lineWidth>1</lineWidth>
<points>
<point x="1803" y="690"/>
<point x="1203" y="1174"/>
</points>
</Connector>
<Connector class="oracle.dbtools.crest.swingui.relational.TVFKRelation" oid="AC6F8F50-2D26-61FE-D0BD-D0DFA8835906" otype="FKIndexAssociation" vid_source="1E414741-025E-65E9-58A3-CCFBBBAD4FB7" vid_target="36342CB7-C891-5FF2-F1D0-D08BA394F822">
<hideElementsInCurrentOnly>false</hideElementsInCurrentOnly>
<backgroundColor>-16777216</backgroundColor>
<lineWidth>1</lineWidth>
<points>
<point x="168" y="934"/>
<point x="168" y="846"/>
</points>
</Connector>
<Connector class="oracle.dbtools.crest.swingui.relational.TVFKRelation" oid="AF35A0B9-185D-CFE9-8650-433C218676D0" otype="FKIndexAssociation" vid_source="9BA60F3F-19D1-1FC7-BF37-F530A273C511" vid_target="70CC5355-12E2-9D9F-E6AE-75AD69C67FEB">
<hideElementsInCurrentOnly>false</hideElementsInCurrentOnly>
<backgroundColor>-16777216</backgroundColor>
<lineWidth>1</lineWidth>
<points>
<point x="1894" y="690"/>
<point x="1894" y="1219"/>
</points>
</Connector>
<Connector class="oracle.dbtools.crest.swingui.relational.TVFKRelation" oid="B2BBC095-0022-AEBF-6BD9-5A3CF21359F0" otype="FKIndexAssociation" vid_source="D2804A4C-A259-C943-57B9-4F1096CEC34A" vid_target="A145E970-5406-D473-6BD2-4CB8D165CBEA">
<hideElementsInCurrentOnly>false</hideElementsInCurrentOnly>
<backgroundColor>-16777216</backgroundColor>
<lineWidth>1</lineWidth>
<points>
<point x="2076" y="450"/>
<point x="2076" y="788"/>
</points>
</Connector>
<Connector class="oracle.dbtools.crest.swingui.relational.TVFKRelation" oid="B5825D44-1E8B-B916-D280-DE421546C133" otype="FKIndexAssociation" vid_source="D0A6DDD3-E9BD-E6C6-FC1D-6CFE3B589ABC" vid_target="70CC5355-12E2-9D9F-E6AE-75AD69C67FEB">
<hideElementsInCurrentOnly>false</hideElementsInCurrentOnly>
<backgroundColor>-16777216</backgroundColor>
<lineWidth>1</lineWidth>
<points>
<point x="1203" y="1329"/>
<point x="1754" y="1329"/>
</points>
</Connector>
<Connector class="oracle.dbtools.crest.swingui.relational.TVFKRelation" oid="B89636BB-D3FF-F817-2429-6071DE4AC223" otype="FKIndexAssociation" vid_source="D0A6DDD3-E9BD-E6C6-FC1D-6CFE3B589ABC" vid_target="A0B66541-E9BB-17CD-CB0A-FDB05FB4458C">
<hideElementsInCurrentOnly>false</hideElementsInCurrentOnly>
<backgroundColor>-16777216</backgroundColor>
<lineWidth>1</lineWidth>
<points>
<point x="1203" y="1404"/>
<point x="1337" y="1404"/>
</points>
</Connector>
<Connector class="oracle.dbtools.crest.swingui.relational.TVFKRelation" oid="C219DB1D-D341-4A3B-34F7-E3E711572150" otype="FKIndexAssociation" vid_source="5CD41057-2810-62B3-0D29-F44DDB173091" vid_target="D2804A4C-A259-C943-57B9-4F1096CEC34A">
<hideElementsInCurrentOnly>false</hideElementsInCurrentOnly>
<backgroundColor>-16777216</backgroundColor>
<lineWidth>1</lineWidth>
<points>
<point x="2098" y="106"/>
<point x="2098" y="194"/>
</points>
</Connector>
<Connector class="oracle.dbtools.crest.swingui.relational.TVFKRelation" oid="C58C541C-A99E-E8AC-7F7E-7B843B1EBB34" otype="FKIndexAssociation" vid_source="EF669E11-95E6-70CB-490E-3E37D7CC8048" vid_target="A7E0CAB3-62D3-00D3-64E6-F60F1434C968">
<hideElementsInCurrentOnly>false</hideElementsInCurrentOnly>
<backgroundColor>-16777216</backgroundColor>
<lineWidth>1</lineWidth>
<points>
<point x="528" y="899"/>
<point x="528" y="1192"/>
</points>
</Connector>
<Connector class="oracle.dbtools.crest.swingui.relational.TVFKRelation" oid="CBC80FD3-17CD-B13B-5B80-C03460D3F220" otype="FKIndexAssociation" vid_source="CC71E3B2-68E7-6F13-9BAE-4E09205AE844" vid_target="03F6AB3B-B415-BA41-2DBA-CC8CFC74EEFA">
<hideElementsInCurrentOnly>false</hideElementsInCurrentOnly>
<backgroundColor>-16777216</backgroundColor>
<lineWidth>1</lineWidth>
<points>
<point x="679" y="269"/>
<point x="997" y="269"/>
</points>
</Connector>
<Connector class="oracle.dbtools.crest.swingui.relational.TVFKRelation" oid="D02FDE4C-70B6-B5F7-7CBE-7D127C3A7F16" otype="FKIndexAssociation" vid_source="A145E970-5406-D473-6BD2-4CB8D165CBEA" vid_target="D5E48C50-A7E8-86C7-7024-CBC0E91A891A">
<hideElementsInCurrentOnly>false</hideElementsInCurrentOnly>
<backgroundColor>-16777216</backgroundColor>
<lineWidth>1</lineWidth>
<points>
<point x="2275" y="1098"/>
<point x="2275" y="1259"/>
</points>
</Connector>
<Connector class="oracle.dbtools.crest.swingui.relational.TVFKRelation" oid="DF928529-D5F2-EDE0-F87A-834A56623369" otype="FKIndexAssociation" vid_source="03F6AB3B-B415-BA41-2DBA-CC8CFC74EEFA" vid_target="AFEBB448-BCB2-F82D-8C75-9384C19121E2">
<hideElementsInCurrentOnly>false</hideElementsInCurrentOnly>
<backgroundColor>-16777216</backgroundColor>
<lineWidth>1</lineWidth>
<points>
<point x="1237" y="192"/>
<point x="1237" y="123"/>
</points>
</Connector>
<Connector class="oracle.dbtools.crest.swingui.relational.TVFKRelation" oid="E2FCFC11-22BE-5127-1BF8-C7CC10EA52F6" otype="FKIndexAssociation" vid_source="D727EB46-3C61-B479-C674-8F8AECEBAC17" vid_target="D2804A4C-A259-C943-57B9-4F1096CEC34A">
<hideElementsInCurrentOnly>false</hideElementsInCurrentOnly>
<backgroundColor>-16777216</backgroundColor>
<lineWidth>1</lineWidth>
<points>
<point x="2253" y="394"/>
<point x="2181" y="394"/>
</points>
</Connector>
<Connector class="oracle.dbtools.crest.swingui.relational.TVFKRelation" oid="E5A6C7C9-D478-79CA-86E4-DC587B35EE6F" otype="FKIndexAssociation" vid_source="EF669E11-95E6-70CB-490E-3E37D7CC8048" vid_target="D6492AFD-9390-F55D-5532-D44F8259F842">
<hideElementsInCurrentOnly>false</hideElementsInCurrentOnly>
<backgroundColor>-16777216</backgroundColor>
<lineWidth>1</lineWidth>
<points>
<point x="612" y="899"/>
<point x="612" y="971"/>
</points>
</Connector>
<Connector class="oracle.dbtools.crest.swingui.relational.TVFKRelation" oid="E5B2DF2D-AC36-EDD0-790C-FD512E5900EC" otype="FKIndexAssociation" vid_source="6B424365-8C1C-12DF-001F-9A941FAFE158" vid_target="D5E48C50-A7E8-86C7-7024-CBC0E91A891A">
<hideElementsInCurrentOnly>false</hideElementsInCurrentOnly>
<backgroundColor>-16777216</backgroundColor>
<lineWidth>1</lineWidth>
<points>
<point x="1355" y="775"/>
<point x="2135" y="1260"/>
</points>
</Connector>
<Connector class="oracle.dbtools.crest.swingui.relational.TVFKRelation" oid="E7C56AD5-EAD8-212F-C501-434771AFA4FD" otype="FKIndexAssociation" vid_source="03F6AB3B-B415-BA41-2DBA-CC8CFC74EEFA" vid_target="C3DE8A97-B8A9-1809-A40E-1242DD9F24B8">
<hideElementsInCurrentOnly>false</hideElementsInCurrentOnly>
<backgroundColor>-16777216</backgroundColor>
<lineWidth>1</lineWidth>
<points>
<point x="1397" y="192"/>
<point x="1397" y="134"/>
</points>
</Connector>
<Connector class="oracle.dbtools.crest.swingui.relational.TVFKRelation" oid="ECD1197F-CFAC-B4C4-F2F2-A873A5A65853" otype="FKIndexAssociation" vid_source="DE1613CA-6CF4-78E3-0141-8A5556E0FCF5" vid_target="03F6AB3B-B415-BA41-2DBA-CC8CFC74EEFA">
<hideElementsInCurrentOnly>false</hideElementsInCurrentOnly>
<backgroundColor>-16777216</backgroundColor>
<lineWidth>1</lineWidth>
<points>
<point x="1054" y="98"/>
<point x="1054" y="192"/>
</points>
</Connector>
<Connector class="oracle.dbtools.crest.swingui.relational.TVFKRelation" oid="ED924221-B317-C17A-DDE4-406C879FDE33" otype="FKIndexAssociation" vid_source="A145E970-5406-D473-6BD2-4CB8D165CBEA" vid_target="D6492AFD-9390-F55D-5532-D44F8259F842">
<hideElementsInCurrentOnly>false</hideElementsInCurrentOnly>
<backgroundColor>-16777216</backgroundColor>
<lineWidth>1</lineWidth>
<points>
<point x="1971" y="1034"/>
<point x="904" y="1034"/>
</points>
</Connector>
<Connector class="oracle.dbtools.crest.swingui.relational.TVFKRelation" oid="EDBE6608-4412-C805-7AD7-C0A122751D14" otype="FKIndexAssociation" vid_source="A7E0CAB3-62D3-00D3-64E6-F60F1434C968" vid_target="D0A6DDD3-E9BD-E6C6-FC1D-6CFE3B589ABC">
<hideElementsInCurrentOnly>false</hideElementsInCurrentOnly>
<backgroundColor>-16777216</backgroundColor>
<lineWidth>1</lineWidth>
<points>
<point x="614" y="1276"/>
<point x="856" y="1276"/>
</points>
</Connector>
</connectors>
<arcs>
<Arc class="oracle.dbtools.crest.swingui.relational.TVFKArc" oid="4E906666-4C82-5CBC-CAFA-A5BA1CA41624" otype="FKArc" vid="8D3F26D7-9689-CEF9-E510-07B99911AB65">
<hideElementsInCurrentOnly>false</hideElementsInCurrentOnly>
<bounds x="977" y="172" width="469" height="278"/>
</Arc>
<Arc class="oracle.dbtools.crest.swingui.relational.TVFKArc" oid="BE1690FB-D9F7-9CB9-23B0-60911F1215E2" otype="FKArc" vid="F7B18130-911B-F0B1-5850-8F084E6CC32A">
<hideElementsInCurrentOnly>false</hideElementsInCurrentOnly>
<bounds x="957" y="152" width="509" height="318"/>
</Arc>
</arcs>
</Diagram>