<?xml version = '1.0' encoding = 'UTF-8'?>
<Relation class="oracle.dbtools.crest.model.design.logical.Relation" name="SUPERVISION_MEDICO" directorySegmentName="seg_0" id="28E6FFBB-CE24-6400-04B0-6F7A7C70BD3E">
<createdBy>nicolascavieres</createdBy>
<createdTime>2025-09-01 00:51:19 UTC</createdTime>
<ownerDesignName>Encargo_Semanal</ownerDesignName>
<engineerTo>
<item key="E6520E01-3821-DB18-EC55-91B2A1332729" value="true"/>
</engineerTo>
<targetPk>B17B675D-18A7-F07A-CED5-F9798318AC26</targetPk>
<identifying>false</identifying>
<nameOnSource>supervisor</nameOnSource>
<nameOnTarget>residente</nameOnTarget>
<optionalSource>true</optionalSource>
<optionalTarget>false</optionalTarget>
<sourceCardinality>1</sourceCardinality>
<sourceEntity>9B93D7CC-2218-8A58-42BC-1F33EFF500E6</sourceEntity>
<targetCardinalityString>*</targetCardinalityString>
<targetEntity>9B93D7CC-2218-8A58-42BC-1F33EFF500E6</targetEntity>
<transferable>true</transferable>
<deleteRule>NO ACTION</deleteRule>
<attributes itemClass="oracle.dbtools.crest.model.design.logical.Attribute">
<attribute name="rut_supervisor" id="64D38605-5A30-BBDD-E7C4-87FBB676647B">
<createdBy>ariel</createdBy>
<createdTime>2025-09-02 00:09:19 UTC</createdTime>
<ownerDesignName>Encargo_Semanal</ownerDesignName>
<engineerTo>
<item key="E6520E01-3821-DB18-EC55-91B2A1332729" value="true"/>
</engineerTo>
<nullsAllowed>true</nullsAllowed>
<use>0</use>
<ownDataTypeParameters>,,</ownDataTypeParameters>
</attribute>
</attributes>
</Relation>