<?xml version = '1.0' encoding = 'UTF-8'?>
<Relation class="oracle.dbtools.crest.model.design.logical.Relation" name="CONTRATO_ANEXO" directorySegmentName="seg_0" id="69C93845-CB7A-8667-CEC2-FC78CEEF65EF">
<createdBy>nicolascavieres</createdBy>
<createdTime>2025-09-01 01:31:14 UTC</createdTime>
<ownerDesignName>Encargo_Semanal</ownerDesignName>
<engineerTo>
<item key="E6520E01-3821-DB18-EC55-91B2A1332729" value="true"/>
</engineerTo>
<sourceTransferable>false</sourceTransferable>
<targetTransferable>false</targetTransferable>
<sourcePk>5343F528-74A1-7D45-9EF2-360CE0027EE8</sourcePk>
<targetPk>36913CCC-BD21-03C5-12EF-19142BCBADD1</targetPk>
<identifying>false</identifying>
<optionalSource>false</optionalSource>
<optionalTarget>false</optionalTarget>
<sourceCardinality>*</sourceCardinality>
<sourceEntity>2DE2083A-AEA5-5C1B-A456-BE4E90405DD5</sourceEntity>
<targetCardinalityString>1</targetCardinalityString>
<targetEntity>BBFA7D9A-BA23-7765-4145-D13391416710</targetEntity>
<transferable>true</transferable>
<deleteRule>NO ACTION</deleteRule>
</Relation>