<?xml version = '1.0' encoding = 'UTF-8'?>
<Relation class="oracle.dbtools.crest.model.design.logical.Relation" name="HABITACION_ASIGNACION" directorySegmentName="seg_0" id="79F32134-13EE-4F6F-FC30-D53A25082638">
<createdBy>ariel</createdBy>
<createdTime>2025-09-02 01:41:38 UTC</createdTime>
<ownerDesignName>Encargo_Semanal</ownerDesignName>
<engineerTo>
<item key="E6520E01-3821-DB18-EC55-91B2A1332729" value="true"/>
</engineerTo>
<sourcePk>C414C6CC-A6D7-45C9-A8F5-9BE5B94C1150</sourcePk>
<targetPk>9397CD95-9E96-0E86-B941-043F87E0F3C1</targetPk>
<identifying>false</identifying>
<optionalSource>true</optionalSource>
<optionalTarget>false</optionalTarget>
<sourceCardinality>*</sourceCardinality>
<sourceEntity>D6607E10-7CF6-ED2B-CE0B-2343D4BD257A</sourceEntity>
<targetCardinalityString>1</targetCardinalityString>
<targetEntity>7BE15087-4261-2E3F-2C70-7F894F1E2491</targetEntity>
<transferable>true</transferable>
<deleteRule>NO ACTION</deleteRule>
</Relation>