<?xml version = '1.0' encoding = 'UTF-8'?>
<Relation class="oracle.dbtools.crest.model.design.logical.Relation" name="Relation_14" directorySegmentName="seg_0" id="97406BE0-3E36-AE4B-DB36-DD1A22078CCC">
<createdBy>ariel</createdBy>
<createdTime>2025-09-01 23:47:01 UTC</createdTime>
<ownerDesignName>Encargo_Semanal</ownerDesignName>
<engineerTo>
<item key="E6520E01-3821-DB18-EC55-91B2A1332729" value="true"/>
</engineerTo>
<sourcePk>46EFD893-F085-763D-140A-5D299AB30865</sourcePk>
<targetPk>C96D4099-5861-DD75-C299-95A5102F1C3B</targetPk>
<identifying>false</identifying>
<optionalSource>false</optionalSource>
<optionalTarget>false</optionalTarget>
<sourceCardinality>1</sourceCardinality>
<sourceEntity>FE4E0728-0B9F-6B51-98D8-88C7DC4F9406</sourceEntity>
<targetCardinalityString>*</targetCardinalityString>
<targetEntity>5298263F-D068-A208-99C4-D8A7A25D66C9</targetEntity>
<transferable>true</transferable>
<deleteRule>NO ACTION</deleteRule>
</Relation>