<?xml version = '1.0' encoding = 'UTF-8'?>
<Relation class="oracle.dbtools.crest.model.design.logical.Relation" name="APODERADO_CONTRATO" directorySegmentName="seg_0" id="A754C939-47C0-B26E-4BCA-FE6FF216B61C">
<createdBy>ariel</createdBy>
<createdTime>2025-09-02 00:25:48 UTC</createdTime>
<ownerDesignName>Encargo_Semanal</ownerDesignName>
<engineerTo>
<item key="E6520E01-3821-DB18-EC55-91B2A1332729" value="true"/>
</engineerTo>
<sourcePk>46D8291F-3E17-4B4B-2674-49F803CB7829</sourcePk>
<targetPk>36913CCC-BD21-03C5-12EF-19142BCBADD1</targetPk>
<identifying>false</identifying>
<optionalSource>false</optionalSource>
<optionalTarget>false</optionalTarget>
<sourceCardinality>1</sourceCardinality>
<sourceEntity>15A967A6-DFB8-791A-7838-DE28A31EDEDF</sourceEntity>
<targetCardinalityString>*</targetCardinalityString>
<targetEntity>BBFA7D9A-BA23-7765-4145-D13391416710</targetEntity>
<transferable>true</transferable>
<deleteRule>NO ACTION</deleteRule>
</Relation>