<?xml version = '1.0' encoding = 'UTF-8'?>
<Relation class="oracle.dbtools.crest.model.design.logical.Relation" name="RESIDENCIA-HABITACION" directorySegmentName="seg_0" id="AE4DBE55-FEBE-BE5E-42F8-30D0C858E062">
<createdBy>nicolascavieres</createdBy>
<createdTime>2025-09-01 01:02:02 UTC</createdTime>
<ownerDesignName>Encargo_Semanal</ownerDesignName>
<engineerTo>
<item key="E6520E01-3821-DB18-EC55-91B2A1332729" value="true"/>
</engineerTo>
<sourceTransferable>false</sourceTransferable>
<targetTransferable>false</targetTransferable>
<sourcePk>46EFD893-F085-763D-140A-5D299AB30865</sourcePk>
<targetPk>9397CD95-9E96-0E86-B941-043F87E0F3C1</targetPk>
<identifying>false</identifying>
<optionalSource>false</optionalSource>
<optionalTarget>false</optionalTarget>
<sourceCardinality>1</sourceCardinality>
<sourceEntity>FE4E0728-0B9F-6B51-98D8-88C7DC4F9406</sourceEntity>
<targetCardinalityString>*</targetCardinalityString>
<targetEntity>7BE15087-4261-2E3F-2C70-7F894F1E2491</targetEntity>
<transferable>true</transferable>
<deleteRule>NO ACTION</deleteRule>
</Relation>