<?xml version = '1.0' encoding = 'UTF-8'?>
<Relation class="oracle.dbtools.crest.model.design.logical.Relation" name="COMUNA_RESIDENCIA" directorySegmentName="seg_0" id="B43FA53C-F346-90EF-7144-FA1DC95A5511">
<createdBy>nicolascavieres</createdBy>
<createdTime>2025-09-01 01:04:33 UTC</createdTime>
<ownerDesignName>Encargo_Semanal</ownerDesignName>
<engineerTo>
<item key="E6520E01-3821-DB18-EC55-91B2A1332729" value="true"/>
</engineerTo>
<sourcePk>70532227-E2B1-A5D0-8EB0-79DEBBBCA881</sourcePk>
<targetPk>46EFD893-F085-763D-140A-5D299AB30865</targetPk>
<identifying>false</identifying>
<optionalSource>false</optionalSource>
<optionalTarget>true</optionalTarget>
<sourceCardinality>1</sourceCardinality>
<sourceEntity>56F95F0F-2E7C-73E6-199C-536C533BF773</sourceEntity>
<targetCardinalityString>*</targetCardinalityString>
<targetEntity>FE4E0728-0B9F-6B51-98D8-88C7DC4F9406</targetEntity>
<transferable>true</transferable>
<deleteRule>NO ACTION</deleteRule>
</Relation>