<?xml version = '1.0' encoding = 'UTF-8'?>
<Relation class="oracle.dbtools.crest.model.design.logical.Relation" name="Relation_18" directorySegmentName="seg_0" id="BB1DC192-FCDF-53E7-245F-6683014AB3A2">
<createdBy>ariel</createdBy>
<createdTime>2025-09-02 00:26:14 UTC</createdTime>
<ownerDesignName>Encargo_Semanal</ownerDesignName>
<engineerTo>
<item key="E6520E01-3821-DB18-EC55-91B2A1332729" value="true"/>
</engineerTo>
<sourceTransferable>false</sourceTransferable>
<targetTransferable>false</targetTransferable>
<sourcePk>2603C91E-655E-EF68-D11A-EFC629D2CA50</sourcePk>
<targetPk>5343F528-74A1-7D45-9EF2-360CE0027EE8</targetPk>
<identifying>false</identifying>
<optionalSource>false</optionalSource>
<optionalTarget>false</optionalTarget>
<sourceCardinality>1</sourceCardinality>
<sourceEntity>9D24D8AE-0BBC-6D41-3EBB-7FC76D0473F3</sourceEntity>
<targetCardinalityString>1</targetCardinalityString>
<targetEntity>2DE2083A-AEA5-5C1B-A456-BE4E90405DD5</targetEntity>
<transferable>true</transferable>
<deleteRule>NO ACTION</deleteRule>
</Relation>