<?xml version = '1.0' encoding = 'UTF-8'?>
<Relation class="oracle.dbtools.crest.model.design.logical.Relation" name="RESIDENTE_ASIGNACION" directorySegmentName="seg_0" id="C1EA789F-60EB-8850-8BBB-69062BB58A0A">
<createdBy>ariel</createdBy>
<createdTime>2025-09-02 01:40:03 UTC</createdTime>
<ownerDesignName>Encargo_Semanal</ownerDesignName>
<engineerTo>
<item key="E6520E01-3821-DB18-EC55-91B2A1332729" value="true"/>
</engineerTo>
<sourceTransferable>false</sourceTransferable>
<targetTransferable>false</targetTransferable>
<sourcePk>2603C91E-655E-EF68-D11A-EFC629D2CA50</sourcePk>
<targetPk>C414C6CC-A6D7-45C9-A8F5-9BE5B94C1150</targetPk>
<identifying>false</identifying>
<optionalSource>false</optionalSource>
<optionalTarget>true</optionalTarget>
<sourceCardinality>1</sourceCardinality>
<sourceEntity>9D24D8AE-0BBC-6D41-3EBB-7FC76D0473F3</sourceEntity>
<targetCardinalityString>*</targetCardinalityString>
<targetEntity>D6607E10-7CF6-ED2B-CE0B-2343D4BD257A</targetEntity>
<transferable>true</transferable>
<deleteRule>NO ACTION</deleteRule>
</Relation>