<?xml version = '1.0' encoding = 'UTF-8'?>
<Relation class="oracle.dbtools.crest.model.design.logical.Relation" name="Relation_12" directorySegmentName="seg_0" id="D9A3CF39-000E-FB5C-F10F-55D1CC851CDE">
<createdBy>ariel</createdBy>
<createdTime>2025-09-01 23:44:43 UTC</createdTime>
<ownerDesignName>Encargo_Semanal</ownerDesignName>
<engineerTo>
<item key="11AD5D10-5ECF-605B-F82E-484F7B46ABAF" value="true"/>
</engineerTo>
<sourceTransferable>false</sourceTransferable>
<targetTransferable>false</targetTransferable>
<sourcePk>46EFD893-F085-763D-140A-5D299AB30865</sourcePk>
<targetPk>36913CCC-BD21-03C5-12EF-19142BCBADD1</targetPk>
<identifying>true</identifying>
<optionalSource>false</optionalSource>
<optionalTarget>false</optionalTarget>
<sourceCardinality>1</sourceCardinality>
<sourceEntity>FE4E0728-0B9F-6B51-98D8-88C7DC4F9406</sourceEntity>
<targetCardinalityString>*</targetCardinalityString>
<targetEntity>BBFA7D9A-BA23-7765-4145-D13391416710</targetEntity>
<transferable>true</transferable>
<deleteRule>NO ACTION</deleteRule>
</Relation>