<?xml version = '1.0' encoding = 'UTF-8'?>
<FKIndexAssociation class="oracle.dbtools.crest.model.design.relational.FKIndexAssociation" directorySegmentName="seg_0" id="0E6AC140-2D45-EF0C-A2B4-E74159BEEC10" containerWithKeyObject="240F7061-B2DC-7CC9-A848-24ED9A2C5700" localFKIndex="F675F086-142C-4ECC-5885-3E9B910C99E5" name="FK_MEDICOv3">
<createdBy>ariel</createdBy>
<createdTime>2025-09-16 01:07:42 UTC</createdTime>
<generatorID>7D3FAC92-DDD5-A520-BF43-9B2D330C237B</generatorID>
<ownerDesignName>Exp2_S5_NicolasCavieres</ownerDesignName>
<referredTableLongName>MEDICO</referredTableLongName>
<deleteRule>NO ACTION</deleteRule>
<referredTableID>0FCA5006-5292-E470-6BF3-DEB0D372F356</referredTableID>
<keyObject>F44EB599-739C-6EE0-5958-25382B976A2D</keyObject>
<referredKeyID>F44EB599-739C-6EE0-5958-25382B976A2D</referredKeyID>
<mandatory>false</mandatory>
<refColNames>id_medico</refColNames>
<transferable>false</transferable>
<rely>false</rely>
<columnDependencyConstraintGenerateInDDL>true</columnDependencyConstraintGenerateInDDL>
</FKIndexAssociation>