<?xml version = '1.0' encoding = 'UTF-8'?>
<FKIndexAssociation class="oracle.dbtools.crest.model.design.relational.FKIndexAssociation" directorySegmentName="seg_0" id="18261411-C135-5269-BF46-6D67360C77EF" containerWithKeyObject="5FCBFBBF-4A9D-47A1-FBAE-9D72059B0E6B" localFKIndex="93997EBB-0337-668E-8E23-876F96F41503" name="FK_FICHA_MEDICAv1">
<createdBy>ariel</createdBy>
<createdTime>2025-09-16 01:07:42 UTC</createdTime>
<generatorID>85EB5C9F-30F7-BE3F-C0FE-070FC84C7876</generatorID>
<ownerDesignName>Exp2_S5_NicolasCavieres</ownerDesignName>
<referredTableLongName>FICHA_MEDICA</referredTableLongName>
<deleteRule>NO ACTION</deleteRule>
<referredTableID>BD90C64C-0A19-A47D-DFEC-09F29223D8C8</referredTableID>
<keyObject>576275A0-14FD-0C03-6CBC-6D5987CC87CC</keyObject>
<referredKeyID>576275A0-14FD-0C03-6CBC-6D5987CC87CC</referredKeyID>
<mandatory>false</mandatory>
<refColNames>id_ficha_medica</refColNames>
<transferable>false</transferable>
<rely>false</rely>
<columnDependencyConstraintGenerateInDDL>true</columnDependencyConstraintGenerateInDDL>
</FKIndexAssociation>