<?xml version = '1.0' encoding = 'UTF-8'?>
<FKIndexAssociation class="oracle.dbtools.crest.model.design.relational.FKIndexAssociation" directorySegmentName="seg_0" id="2D420B6D-3F91-3C2B-22FB-ACD68EE65001" containerWithKeyObject="27453E04-93ED-2893-570E-8F4EBFCFED46" localFKIndex="A8A98DFF-FDDC-2E0D-3131-BAF24ED2F0C7" name="FK_PERSONAv2">
<createdBy>ariel</createdBy>
<createdTime>2025-09-16 01:07:42 UTC</createdTime>
<generatorID>1D952F78-A47B-BC26-2DF5-664BA094663A</generatorID>
<ownerDesignName>Exp2_S5_NicolasCavieres</ownerDesignName>
<referredTableLongName>PERSONA</referredTableLongName>
<arc>BE1690FB-D9F7-9CB9-23B0-60911F1215E2</arc>
<deleteRule>NO ACTION</deleteRule>
<referredTableID>6F20848B-658B-B627-6A20-8E35EFF9B8AD</referredTableID>
<keyObject>7433CE92-FAD0-C076-A485-7CC4EF2E7D09</keyObject>
<referredKeyID>7433CE92-FAD0-C076-A485-7CC4EF2E7D09</referredKeyID>
<mandatory>true</mandatory>
<refColNames>rut</refColNames>
<transferable>true</transferable>
<rely>false</rely>
<columnDependencyConstraintGenerateInDDL>true</columnDependencyConstraintGenerateInDDL>
</FKIndexAssociation>