<?xml version = '1.0' encoding = 'UTF-8'?>
<FKIndexAssociation class="oracle.dbtools.crest.model.design.relational.FKIndexAssociation" directorySegmentName="seg_0" id="2EFE34A0-F63A-9675-C5E1-CF3104BF729D" containerWithKeyObject="27453E04-93ED-2893-570E-8F4EBFCFED46" localFKIndex="F4656499-6C58-5F32-9030-BAA32B2ABC6B" name="FK_FICHA_MEDICA">
<createdBy>ariel</createdBy>
<createdTime>2025-09-16 01:07:42 UTC</createdTime>
<generatorID>5F9318F6-403F-5089-1A65-5DE15B9B84C2</generatorID>
<ownerDesignName>Exp2_S5_NicolasCavieres</ownerDesignName>
<referredTableLongName>FICHA_MEDICA</referredTableLongName>
<deleteRule>NO ACTION</deleteRule>
<referredTableID>BD90C64C-0A19-A47D-DFEC-09F29223D8C8</referredTableID>
<keyObject>576275A0-14FD-0C03-6CBC-6D5987CC87CC</keyObject>
<referredKeyID>576275A0-14FD-0C03-6CBC-6D5987CC87CC</referredKeyID>
<mandatory>true</mandatory>
<refColNames>id_ficha_medica</refColNames>
<transferable>false</transferable>
<rely>false</rely>
<columnDependencyConstraintGenerateInDDL>true</columnDependencyConstraintGenerateInDDL>
</FKIndexAssociation>