<?xml version = '1.0' encoding = 'UTF-8'?>
<FKIndexAssociation class="oracle.dbtools.crest.model.design.relational.FKIndexAssociation" directorySegmentName="seg_0" id="33FC5AAE-D68C-0EDD-265A-4A8E281ADD79" containerWithKeyObject="5FCBFBBF-4A9D-47A1-FBAE-9D72059B0E6B" localFKIndex="113A8DC7-8B35-A36D-DD57-8DB01BE9DBD5" name="FK_TIPO_ATENCION">
<createdBy>ariel</createdBy>
<createdTime>2025-09-16 01:07:42 UTC</createdTime>
<generatorID>CDEA444F-B21A-B92A-4E43-8CC36B50711D</generatorID>
<ownerDesignName>Exp2_S5_NicolasCavieres</ownerDesignName>
<referredTableLongName>TIPO_ATENCION</referredTableLongName>
<deleteRule>NO ACTION</deleteRule>
<referredTableID>84FEC1A2-5C36-494B-EE8C-589F44AEE080</referredTableID>
<keyObject>59C13287-61E6-35C1-E2E9-61A6048F3405</keyObject>
<referredKeyID>59C13287-61E6-35C1-E2E9-61A6048F3405</referredKeyID>
<mandatory>false</mandatory>
<refColNames>id_tipo_atencion</refColNames>
<transferable>true</transferable>
<rely>false</rely>
<columnDependencyConstraintGenerateInDDL>true</columnDependencyConstraintGenerateInDDL>
</FKIndexAssociation>