<?xml version = '1.0' encoding = 'UTF-8'?>
<FKIndexAssociation class="oracle.dbtools.crest.model.design.relational.FKIndexAssociation" directorySegmentName="seg_0" id="376E613F-5FA2-1842-8723-1CAED588EB5F" containerWithKeyObject="6F20848B-658B-B627-6A20-8E35EFF9B8AD" localFKIndex="89987333-0502-4C90-88F7-0C18F9616BF4" name="FK_NACIONALIDAD">
<createdBy>ariel</createdBy>
<createdTime>2025-09-16 01:07:42 UTC</createdTime>
<generatorID>E1320A54-BD91-7D04-3C5A-806580C71174</generatorID>
<ownerDesignName>Exp2_S5_NicolasCavieres</ownerDesignName>
<referredTableLongName>NACIONALIDAD</referredTableLongName>
<deleteRule>NO ACTION</deleteRule>
<referredTableID>9F131BB5-6658-8079-3E03-DF8FD60A5B5F</referredTableID>
<keyObject>503CE848-4ABB-D65C-11CA-C9E401346101</keyObject>
<referredKeyID>503CE848-4ABB-D65C-11CA-C9E401346101</referredKeyID>
<mandatory>false</mandatory>
<refColNames>id_nacionalidad</refColNames>
<transferable>true</transferable>
<rely>false</rely>
<columnDependencyConstraintGenerateInDDL>true</columnDependencyConstraintGenerateInDDL>
</FKIndexAssociation>