<?xml version = '1.0' encoding = 'UTF-8'?>
<FKIndexAssociation class="oracle.dbtools.crest.model.design.relational.FKIndexAssociation" directorySegmentName="seg_0" id="3F65435F-8031-FD46-C984-016564FFF1EF" containerWithKeyObject="240F7061-B2DC-7CC9-A848-24ED9A2C5700" localFKIndex="3E8A821D-180C-8233-3ADA-F6F111E2478F" name="FK_PACIENTEv3">
<createdBy>ariel</createdBy>
<createdTime>2025-09-16 01:07:42 UTC</createdTime>
<generatorID>41594D90-5923-650C-99BD-7A29007067F3</generatorID>
<ownerDesignName>Exp2_S5_NicolasCavieres</ownerDesignName>
<referredTableLongName>PACIENTE</referredTableLongName>
<deleteRule>NO ACTION</deleteRule>
<referredTableID>27453E04-93ED-2893-570E-8F4EBFCFED46</referredTableID>
<keyObject>B3865D5B-6229-CC3F-E0C7-74F01B592B60</keyObject>
<referredKeyID>B3865D5B-6229-CC3F-E0C7-74F01B592B60</referredKeyID>
<mandatory>true</mandatory>
<refColNames>rut</refColNames>
<transferable>false</transferable>
<rely>false</rely>
<columnDependencyConstraintGenerateInDDL>true</columnDependencyConstraintGenerateInDDL>
</FKIndexAssociation>