<?xml version = '1.0' encoding = 'UTF-8'?>
<FKIndexAssociation class="oracle.dbtools.crest.model.design.relational.FKIndexAssociation" directorySegmentName="seg_0" id="3FFB9A78-32D2-70D6-FF62-DE9400B4F0C1" containerWithKeyObject="0FCA5006-5292-E470-6BF3-DEB0D372F356" localFKIndex="F931C6F9-AC9C-C2C5-EE9B-D8571E6C3879" name="FK_MEDICO_SUPERVISOR">
<createdBy>ariel</createdBy>
<createdTime>2025-09-16 01:07:42 UTC</createdTime>
<generatorID>F7CBFEAE-265C-A0A2-FFAB-E1F212F97738</generatorID>
<ownerDesignName>Exp2_S5_NicolasCavieres</ownerDesignName>
<referredTableLongName>MEDICO</referredTableLongName>
<deleteRule>NO ACTION</deleteRule>
<referredTableID>0FCA5006-5292-E470-6BF3-DEB0D372F356</referredTableID>
<keyObject>F44EB599-739C-6EE0-5958-25382B976A2D</keyObject>
<referredKeyID>F44EB599-739C-6EE0-5958-25382B976A2D</referredKeyID>
<mandatory>false</mandatory>
<refColNames>id_medico</refColNames>
<transferable>true</transferable>
<rely>false</rely>
<columnDependencyConstraintGenerateInDDL>true</columnDependencyConstraintGenerateInDDL>
</FKIndexAssociation>