<?xml version = '1.0' encoding = 'UTF-8'?>
<FKIndexAssociation class="oracle.dbtools.crest.model.design.relational.FKIndexAssociation" directorySegmentName="seg_0" id="472F424E-0148-FCBE-F5AD-77965311EAF6" containerWithKeyObject="0C676CFD-3A82-DC26-EBBA-3C4633231AFA" localFKIndex="909CD07C-3C0E-58B2-8BE8-FF5C4082B5DE" name="Relation_8_PAGO_FK">
<createdBy>ariel</createdBy>
<createdTime>2025-09-16 01:07:42 UTC</createdTime>
<generatorID>7624567E-DF9A-FA8E-F0AC-59D7CCC67DD7</generatorID>
<ownerDesignName>Exp2_S5_NicolasCavieres</ownerDesignName>
<referredTableLongName>PAGO</referredTableLongName>
<deleteRule>NO ACTION</deleteRule>
<referredTableID>CCF71446-C516-8640-8570-CF231762F97C</referredTableID>
<keyObject>C0BA75C1-A8E6-67A2-26D8-0A65B7600EE6</keyObject>
<referredKeyID>C0BA75C1-A8E6-67A2-26D8-0A65B7600EE6</referredKeyID>
<mandatory>true</mandatory>
<refColNames>id_pago</refColNames>
<transferable>true</transferable>
<rely>false</rely>
<columnDependencyConstraintGenerateInDDL>true</columnDependencyConstraintGenerateInDDL>
</FKIndexAssociation>