<?xml version = '1.0' encoding = 'UTF-8'?>
<FKIndexAssociation class="oracle.dbtools.crest.model.design.relational.FKIndexAssociation" directorySegmentName="seg_0" id="48518432-0AF7-FD7D-6211-36C827A80BAC" containerWithKeyObject="5FCBFBBF-4A9D-47A1-FBAE-9D72059B0E6B" localFKIndex="C42418F7-9569-A077-7C2E-8EE8D7794D63" name="FK_MODALIDAD_ATENCION">
<createdBy>ariel</createdBy>
<createdTime>2025-09-16 01:07:42 UTC</createdTime>
<generatorID>EC2D805E-09C7-E0BB-03CD-1A38F00C9AB6</generatorID>
<ownerDesignName>Exp2_S5_NicolasCavieres</ownerDesignName>
<referredTableLongName>MODALIDAD_ATENCION</referredTableLongName>
<deleteRule>NO ACTION</deleteRule>
<referredTableID>B3812EA4-AC0A-F5C9-696B-04894E569C68</referredTableID>
<keyObject>D3259180-C28E-B282-EF74-E60E53C04AF9</keyObject>
<referredKeyID>D3259180-C28E-B282-EF74-E60E53C04AF9</referredKeyID>
<mandatory>false</mandatory>
<refColNames>id_modalidad_atencion</refColNames>
<transferable>true</transferable>
<rely>false</rely>
<columnDependencyConstraintGenerateInDDL>true</columnDependencyConstraintGenerateInDDL>
</FKIndexAssociation>