<?xml version = '1.0' encoding = 'UTF-8'?>
<FKIndexAssociation class="oracle.dbtools.crest.model.design.relational.FKIndexAssociation" directorySegmentName="seg_0" id="4F8CCF92-8AE0-229C-51CF-BC072A72230D" containerWithKeyObject="0FCA5006-5292-E470-6BF3-DEB0D372F356" localFKIndex="38799C46-D819-04C2-3950-E8E990C0F059" name="FK_PERSONAv3">
<createdBy>ariel</createdBy>
<createdTime>2025-09-16 01:07:42 UTC</createdTime>
<generatorID>E4DBE6AE-4692-8A5B-A93F-65CFDE662C8A</generatorID>
<ownerDesignName>Exp2_S5_NicolasCavieres</ownerDesignName>
<referredTableLongName>PERSONA</referredTableLongName>
<arc>BE1690FB-D9F7-9CB9-23B0-60911F1215E2</arc>
<deleteRule>NO ACTION</deleteRule>
<referredTableID>6F20848B-658B-B627-6A20-8E35EFF9B8AD</referredTableID>
<keyObject>7433CE92-FAD0-C076-A485-7CC4EF2E7D09</keyObject>
<referredKeyID>7433CE92-FAD0-C076-A485-7CC4EF2E7D09</referredKeyID>
<mandatory>true</mandatory>
<refColNames>rut</refColNames>
<transferable>true</transferable>
<rely>false</rely>
<columnDependencyConstraintGenerateInDDL>true</columnDependencyConstraintGenerateInDDL>
</FKIndexAssociation>