<?xml version = '1.0' encoding = 'UTF-8'?>
<FKIndexAssociation class="oracle.dbtools.crest.model.design.relational.FKIndexAssociation" directorySegmentName="seg_0" id="525D8BD8-31C4-9EB6-CCA4-258B4BB21202" containerWithKeyObject="8966875B-CFB0-0F7B-8BB0-CD8D422E05C5" localFKIndex="E90002CC-3278-8DDD-9614-BE48C4EF4BDC" name="FK_PACIENTE">
<createdBy>ariel</createdBy>
<createdTime>2025-09-16 01:07:42 UTC</createdTime>
<generatorID>4E772C59-A8D3-099F-A7C8-9A52B3125D0F</generatorID>
<ownerDesignName>Exp2_S5_NicolasCavieres</ownerDesignName>
<referredTableLongName>PACIENTE</referredTableLongName>
<deleteRule>NO ACTION</deleteRule>
<referredTableID>27453E04-93ED-2893-570E-8F4EBFCFED46</referredTableID>
<keyObject>B3865D5B-6229-CC3F-E0C7-74F01B592B60</keyObject>
<referredKeyID>B3865D5B-6229-CC3F-E0C7-74F01B592B60</referredKeyID>
<mandatory>false</mandatory>
<refColNames>rut</refColNames>
<transferable>false</transferable>
<rely>false</rely>
<columnDependencyConstraintGenerateInDDL>true</columnDependencyConstraintGenerateInDDL>
</FKIndexAssociation>