<?xml version = '1.0' encoding = 'UTF-8'?>
<FKIndexAssociation class="oracle.dbtools.crest.model.design.relational.FKIndexAssociation" directorySegmentName="seg_0" id="5820D55A-89F0-F130-828A-FCA8718AD5DB" containerWithKeyObject="0FCA5006-5292-E470-6BF3-DEB0D372F356" localFKIndex="82073D42-170C-A48D-2B50-BA14AFB6B5E2" name="FK_ESPECIALIDAD">
<createdBy>ariel</createdBy>
<createdTime>2025-09-16 01:07:42 UTC</createdTime>
<generatorID>59B4037A-E570-EB00-19C9-8F699387A524</generatorID>
<ownerDesignName>Exp2_S5_NicolasCavieres</ownerDesignName>
<referredTableLongName>ESPECIALIDAD</referredTableLongName>
<deleteRule>NO ACTION</deleteRule>
<referredTableID>28372752-DDF2-ABE4-73B4-E943D480392E</referredTableID>
<keyObject>5B6A2C61-727B-726F-5BF6-52EF354D5890</keyObject>
<referredKeyID>5B6A2C61-727B-726F-5BF6-52EF354D5890</referredKeyID>
<mandatory>true</mandatory>
<refColNames>id_especialidad</refColNames>
<transferable>true</transferable>
<rely>false</rely>
<columnDependencyConstraintGenerateInDDL>true</columnDependencyConstraintGenerateInDDL>
</FKIndexAssociation>