<?xml version = '1.0' encoding = 'UTF-8'?>
<FKIndexAssociation class="oracle.dbtools.crest.model.design.relational.FKIndexAssociation" directorySegmentName="seg_0" id="5DD16ECD-6828-BD39-2C77-750097DF603B" containerWithKeyObject="6F20848B-658B-B627-6A20-8E35EFF9B8AD" localFKIndex="F51D94BA-0E22-48CC-35B2-EEAD3306D0DF" name="FK_GENERO">
<createdBy>ariel</createdBy>
<createdTime>2025-09-16 01:07:42 UTC</createdTime>
<generatorID>67F36275-2BBD-D0A0-4B0D-D2D58C7FDD9E</generatorID>
<ownerDesignName>Exp2_S5_NicolasCavieres</ownerDesignName>
<referredTableLongName>GENERO</referredTableLongName>
<deleteRule>NO ACTION</deleteRule>
<referredTableID>9F4F49C3-1940-0882-ECA5-5110B43D10CA</referredTableID>
<keyObject>9C7DBD94-2BBF-1EF7-2D92-E35B020C3489</keyObject>
<referredKeyID>9C7DBD94-2BBF-1EF7-2D92-E35B020C3489</referredKeyID>
<mandatory>true</mandatory>
<refColNames>id_genero</refColNames>
<transferable>true</transferable>
<rely>false</rely>
<columnDependencyConstraintGenerateInDDL>true</columnDependencyConstraintGenerateInDDL>
</FKIndexAssociation>