<?xml version = '1.0' encoding = 'UTF-8'?>
<FKIndexAssociation class="oracle.dbtools.crest.model.design.relational.FKIndexAssociation" directorySegmentName="seg_0" id="6D32C638-9F40-09ED-E900-9AFEA4E8DD3F" containerWithKeyObject="CCF71446-C516-8640-8570-CF231762F97C" localFKIndex="DE4008BE-074D-9888-FBFA-A1B04A433E1B" name="PAGO_BONO_FK">
<createdBy>ariel</createdBy>
<createdTime>2025-09-16 01:07:42 UTC</createdTime>
<generatorID>2819C9EB-DB61-FB83-B2A8-FFC26A97AFF1</generatorID>
<ownerDesignName>Exp2_S5_NicolasCavieres</ownerDesignName>
<referredTableLongName>BONO</referredTableLongName>
<deleteRule>NO ACTION</deleteRule>
<referredTableID>8966875B-CFB0-0F7B-8BB0-CD8D422E05C5</referredTableID>
<keyObject>950F8894-8A4D-B59D-6617-FCDD96AE70F1</keyObject>
<referredKeyID>950F8894-8A4D-B59D-6617-FCDD96AE70F1</referredKeyID>
<mandatory>true</mandatory>
<refColNames>id_bono</refColNames>
<transferable>false</transferable>
<rely>false</rely>
<columnDependencyConstraintGenerateInDDL>true</columnDependencyConstraintGenerateInDDL>
</FKIndexAssociation>