<?xml version = '1.0' encoding = 'UTF-8'?>
<FKIndexAssociation class="oracle.dbtools.crest.model.design.relational.FKIndexAssociation" directorySegmentName="seg_0" id="755F828C-7AC4-FF3D-5826-F41FC3FDD3A7" containerWithKeyObject="B59ED0AF-CDAD-270B-8415-4C12AD82B07B" localFKIndex="DD51C58D-8D81-5698-74BD-26D877B5D608" name="FK_PACIENTEv1">
<createdBy>ariel</createdBy>
<createdTime>2025-09-16 01:07:42 UTC</createdTime>
<generatorID>C8DBE5A8-08F7-681E-F72A-B9A95BF2E120</generatorID>
<ownerDesignName>Exp2_S5_NicolasCavieres</ownerDesignName>
<referredTableLongName>PACIENTE</referredTableLongName>
<deleteRule>NO ACTION</deleteRule>
<referredTableID>27453E04-93ED-2893-570E-8F4EBFCFED46</referredTableID>
<keyObject>B3865D5B-6229-CC3F-E0C7-74F01B592B60</keyObject>
<referredKeyID>B3865D5B-6229-CC3F-E0C7-74F01B592B60</referredKeyID>
<mandatory>true</mandatory>
<refColNames>rut</refColNames>
<transferable>false</transferable>
<rely>false</rely>
<columnDependencyConstraintGenerateInDDL>true</columnDependencyConstraintGenerateInDDL>
</FKIndexAssociation>