<?xml version = '1.0' encoding = 'UTF-8'?>
<FKIndexAssociation class="oracle.dbtools.crest.model.design.relational.FKIndexAssociation" directorySegmentName="seg_0" id="7C8FBD7D-ACBA-DA23-7BE1-04D386EE5713" containerWithKeyObject="B59ED0AF-CDAD-270B-8415-4C12AD82B07B" localFKIndex="FD81AEC0-CCEF-5CB6-D09C-7B84500E35B0" name="FK_MEDICOv1">
<createdBy>ariel</createdBy>
<createdTime>2025-09-16 01:07:42 UTC</createdTime>
<generatorID>DD80CC1E-93F0-6600-5924-5C7AC57B70D2</generatorID>
<ownerDesignName>Exp2_S5_NicolasCavieres</ownerDesignName>
<referredTableLongName>MEDICO</referredTableLongName>
<deleteRule>NO ACTION</deleteRule>
<referredTableID>0FCA5006-5292-E470-6BF3-DEB0D372F356</referredTableID>
<keyObject>F44EB599-739C-6EE0-5958-25382B976A2D</keyObject>
<referredKeyID>F44EB599-739C-6EE0-5958-25382B976A2D</referredKeyID>
<mandatory>false</mandatory>
<refColNames>id_medico</refColNames>
<transferable>true</transferable>
<rely>false</rely>
<columnDependencyConstraintGenerateInDDL>true</columnDependencyConstraintGenerateInDDL>
</FKIndexAssociation>