<?xml version = '1.0' encoding = 'UTF-8'?>
<FKIndexAssociation class="oracle.dbtools.crest.model.design.relational.FKIndexAssociation" directorySegmentName="seg_0" id="7D316559-F798-5822-8213-9B2E4A65BDEF" containerWithKeyObject="BD90C64C-0A19-A47D-DFEC-09F29223D8C8" localFKIndex="0C8876E3-4597-A7BB-FA2D-D61A8E6790BB" name="FK_PACIENTEv5">
<createdBy>ariel</createdBy>
<createdTime>2025-09-16 01:07:42 UTC</createdTime>
<generatorID>5F9318F6-403F-5089-1A65-5DE15B9B84C2</generatorID>
<ownerDesignName>Exp2_S5_NicolasCavieres</ownerDesignName>
<referredTableLongName>PACIENTE</referredTableLongName>
<deleteRule>NO ACTION</deleteRule>
<referredTableID>27453E04-93ED-2893-570E-8F4EBFCFED46</referredTableID>
<keyObject>B3865D5B-6229-CC3F-E0C7-74F01B592B60</keyObject>
<referredKeyID>B3865D5B-6229-CC3F-E0C7-74F01B592B60</referredKeyID>
<mandatory>true</mandatory>
<refColNames>rut</refColNames>
<transferable>false</transferable>
<rely>false</rely>
<columnDependencyConstraintGenerateInDDL>true</columnDependencyConstraintGenerateInDDL>
</FKIndexAssociation>