<?xml version = '1.0' encoding = 'UTF-8'?>
<FKIndexAssociation class="oracle.dbtools.crest.model.design.relational.FKIndexAssociation" directorySegmentName="seg_0" id="7EEE4558-4F6D-F4B5-C78E-EDF99C1F79EF" containerWithKeyObject="5FEA6AB0-225F-3732-7E62-93D3EADB3AD6" localFKIndex="B7D18EDA-87D2-61B4-6959-C932AB3B7999" name="COMUNA_REGION_FK">
<createdBy>ariel</createdBy>
<createdTime>2025-09-16 01:07:42 UTC</createdTime>
<generatorID>1946B041-BEF3-88B2-62FE-05030FC0AD58</generatorID>
<ownerDesignName>Exp2_S5_NicolasCavieres</ownerDesignName>
<referredTableLongName>REGION</referredTableLongName>
<deleteRule>NO ACTION</deleteRule>
<referredTableID>BAA62474-FD16-5059-39F5-B22B5ACF97DC</referredTableID>
<keyObject>BA728ABD-8B88-E4DC-8714-6D22CAB1E843</keyObject>
<referredKeyID>BA728ABD-8B88-E4DC-8714-6D22CAB1E843</referredKeyID>
<mandatory>true</mandatory>
<refColNames>id_region</refColNames>
<transferable>true</transferable>
<rely>false</rely>
<columnDependencyConstraintGenerateInDDL>true</columnDependencyConstraintGenerateInDDL>
</FKIndexAssociation>