<?xml version = '1.0' encoding = 'UTF-8'?>
<FKIndexAssociation class="oracle.dbtools.crest.model.design.relational.FKIndexAssociation" directorySegmentName="seg_0" id="8C0205CE-EE8F-B3ED-CFB8-AA8B7A669014" containerWithKeyObject="8966875B-CFB0-0F7B-8BB0-CD8D422E05C5" localFKIndex="173A002B-3EEA-0FD0-A41B-6FEF68F92CAF" name="FK_MEDICO">
<createdBy>ariel</createdBy>
<createdTime>2025-09-16 01:07:42 UTC</createdTime>
<generatorID>3432F968-F10E-E924-0736-6352471BE1A6</generatorID>
<ownerDesignName>Exp2_S5_NicolasCavieres</ownerDesignName>
<referredTableLongName>CENTRO_MEDICO</referredTableLongName>
<deleteRule>NO ACTION</deleteRule>
<referredTableID>E08ED9D3-7CA6-A728-0F65-D3D760C9E3A8</referredTableID>
<keyObject>956B9A97-319D-930E-A8AB-1CBCFE584CCB</keyObject>
<referredKeyID>956B9A97-319D-930E-A8AB-1CBCFE584CCB</referredKeyID>
<mandatory>false</mandatory>
<refColNames>id_centro_medico</refColNames>
<transferable>false</transferable>
<rely>false</rely>
<columnDependencyConstraintGenerateInDDL>true</columnDependencyConstraintGenerateInDDL>
</FKIndexAssociation>