<?xml version = '1.0' encoding = 'UTF-8'?>
<FKIndexAssociation class="oracle.dbtools.crest.model.design.relational.FKIndexAssociation" directorySegmentName="seg_0" id="8C452878-C045-8845-0F24-74AA36C29B06" containerWithKeyObject="DC97A03A-CBF2-E80C-1D4C-B12DD2A091BB" localFKIndex="C9AB019B-E745-7815-B19F-E4049D7752DD" name="FK_COMUNA">
<createdBy>ariel</createdBy>
<createdTime>2025-09-16 01:07:42 UTC</createdTime>
<generatorID>8B9D92FB-1252-4B3F-5746-3EC178A887CC</generatorID>
<ownerDesignName>Exp2_S5_NicolasCavieres</ownerDesignName>
<referredTableLongName>COMUNA</referredTableLongName>
<deleteRule>NO ACTION</deleteRule>
<referredTableID>5FEA6AB0-225F-3732-7E62-93D3EADB3AD6</referredTableID>
<keyObject>E84655D9-5D4F-7CF1-BF40-3C4F23744746</keyObject>
<referredKeyID>E84655D9-5D4F-7CF1-BF40-3C4F23744746</referredKeyID>
<mandatory>true</mandatory>
<refColNames>id_comuna</refColNames>
<transferable>true</transferable>
<rely>false</rely>
<columnDependencyConstraintGenerateInDDL>true</columnDependencyConstraintGenerateInDDL>
</FKIndexAssociation>