<?xml version = '1.0' encoding = 'UTF-8'?>
<FKIndexAssociation class="oracle.dbtools.crest.model.design.relational.FKIndexAssociation" directorySegmentName="seg_0" id="8E4DC7F7-DA69-7908-79DA-5C48C066D5D9" containerWithKeyObject="0FCA5006-5292-E470-6BF3-DEB0D372F356" localFKIndex="12234392-1BCB-0BF2-0F08-289000FA2D37" name="FK_INSTITUCION_SALUD">
<createdBy>ariel</createdBy>
<createdTime>2025-09-16 01:07:42 UTC</createdTime>
<generatorID>FA44AADF-F1B0-1669-95E6-B708D339A600</generatorID>
<ownerDesignName>Exp2_S5_NicolasCavieres</ownerDesignName>
<referredTableLongName>INSTITUCION_SALUD</referredTableLongName>
<deleteRule>NO ACTION</deleteRule>
<referredTableID>BB516239-DE88-A044-1031-4D44AF42235C</referredTableID>
<keyObject>DA8CE9A0-41E3-8A63-1A88-BBE6D2D98D96</keyObject>
<referredKeyID>DA8CE9A0-41E3-8A63-1A88-BBE6D2D98D96</referredKeyID>
<mandatory>true</mandatory>
<refColNames>id_institucion</refColNames>
<transferable>true</transferable>
<rely>false</rely>
<columnDependencyConstraintGenerateInDDL>true</columnDependencyConstraintGenerateInDDL>
</FKIndexAssociation>