<?xml version = '1.0' encoding = 'UTF-8'?>
<FKIndexAssociation class="oracle.dbtools.crest.model.design.relational.FKIndexAssociation" directorySegmentName="seg_0" id="A391CDEF-1EFD-7C84-EA38-09F9A3DDBD06" containerWithKeyObject="240F7061-B2DC-7CC9-A848-24ED9A2C5700" localFKIndex="0A4A5A44-DAEC-177E-FA9F-46726024F912" name="FK_MEDICA">
<createdBy>ariel</createdBy>
<createdTime>2025-09-16 01:07:42 UTC</createdTime>
<generatorID>36FE9AAC-45CE-9240-B0A3-DA16F9D7E5F3</generatorID>
<ownerDesignName>Exp2_S5_NicolasCavieres</ownerDesignName>
<referredTableLongName>FICHA_MEDICA</referredTableLongName>
<deleteRule>NO ACTION</deleteRule>
<referredTableID>BD90C64C-0A19-A47D-DFEC-09F29223D8C8</referredTableID>
<keyObject>576275A0-14FD-0C03-6CBC-6D5987CC87CC</keyObject>
<referredKeyID>576275A0-14FD-0C03-6CBC-6D5987CC87CC</referredKeyID>
<mandatory>false</mandatory>
<refColNames>id_ficha_medica</refColNames>
<transferable>false</transferable>
<rely>false</rely>
<columnDependencyConstraintGenerateInDDL>true</columnDependencyConstraintGenerateInDDL>
</FKIndexAssociation>