<?xml version = '1.0' encoding = 'UTF-8'?>
<FKIndexAssociation class="oracle.dbtools.crest.model.design.relational.FKIndexAssociation" directorySegmentName="seg_0" id="AC6F8F50-2D26-61FE-D0BD-D0DFA8835906" containerWithKeyObject="0C676CFD-3A82-DC26-EBBA-3C4633231AFA" localFKIndex="8E783D6E-3B0F-2C35-30A0-218D0E781146" name="Relation_8_TIPO_PAGO_FK">
<createdBy>ariel</createdBy>
<createdTime>2025-09-16 01:07:42 UTC</createdTime>
<generatorID>7624567E-DF9A-FA8E-F0AC-59D7CCC67DD7</generatorID>
<ownerDesignName>Exp2_S5_NicolasCavieres</ownerDesignName>
<referredTableLongName>TIPO_PAGO</referredTableLongName>
<deleteRule>NO ACTION</deleteRule>
<referredTableID>E12FDF09-E5BC-5577-7096-14DD60A3AAC0</referredTableID>
<keyObject>62903572-5FD8-C860-314D-5803CD4FE7E9</keyObject>
<referredKeyID>62903572-5FD8-C860-314D-5803CD4FE7E9</referredKeyID>
<mandatory>true</mandatory>
<refColNames>id_tipo_pago</refColNames>
<transferable>true</transferable>
<rely>false</rely>
<columnDependencyConstraintGenerateInDDL>true</columnDependencyConstraintGenerateInDDL>
</FKIndexAssociation>