<?xml version = '1.0' encoding = 'UTF-8'?>
<FKIndexAssociation class="oracle.dbtools.crest.model.design.relational.FKIndexAssociation" directorySegmentName="seg_0" id="AF35A0B9-185D-CFE9-8650-433C218676D0" containerWithKeyObject="CA5CC4E8-D22F-D0D7-2BA2-C7ED57AB2B8F" localFKIndex="5B78549B-C40E-8817-FAF4-971F71685827" name="FK_FICHA_MEDICAv2">
<createdBy>ariel</createdBy>
<createdTime>2025-09-16 01:07:42 UTC</createdTime>
<generatorID>4B78EA86-25A0-1A9A-80F3-CF817B6E2AF8</generatorID>
<ownerDesignName>Exp2_S5_NicolasCavieres</ownerDesignName>
<referredTableLongName>FICHA_MEDICA</referredTableLongName>
<deleteRule>NO ACTION</deleteRule>
<referredTableID>BD90C64C-0A19-A47D-DFEC-09F29223D8C8</referredTableID>
<keyObject>576275A0-14FD-0C03-6CBC-6D5987CC87CC</keyObject>
<referredKeyID>576275A0-14FD-0C03-6CBC-6D5987CC87CC</referredKeyID>
<mandatory>false</mandatory>
<refColNames>id_ficha_medica</refColNames>
<transferable>false</transferable>
<rely>false</rely>
<columnDependencyConstraintGenerateInDDL>true</columnDependencyConstraintGenerateInDDL>
</FKIndexAssociation>