<?xml version = '1.0' encoding = 'UTF-8'?>
<FKIndexAssociation class="oracle.dbtools.crest.model.design.relational.FKIndexAssociation" directorySegmentName="seg_0" id="B2BBC095-0022-AEBF-6BD9-5A3CF21359F0" containerWithKeyObject="5FCBFBBF-4A9D-47A1-FBAE-9D72059B0E6B" localFKIndex="DD2D67E3-162B-F50F-8CC6-5F91CAAF1D09" name="FK_MEDICOv2">
<createdBy>ariel</createdBy>
<createdTime>2025-09-16 01:07:42 UTC</createdTime>
<generatorID>6AA0E003-1B5D-450C-0E41-DC546EE58B3B</generatorID>
<ownerDesignName>Exp2_S5_NicolasCavieres</ownerDesignName>
<referredTableLongName>MEDICO</referredTableLongName>
<deleteRule>NO ACTION</deleteRule>
<referredTableID>0FCA5006-5292-E470-6BF3-DEB0D372F356</referredTableID>
<keyObject>F44EB599-739C-6EE0-5958-25382B976A2D</keyObject>
<referredKeyID>F44EB599-739C-6EE0-5958-25382B976A2D</referredKeyID>
<mandatory>true</mandatory>
<refColNames>id_medico</refColNames>
<transferable>true</transferable>
<rely>false</rely>
<columnDependencyConstraintGenerateInDDL>true</columnDependencyConstraintGenerateInDDL>
</FKIndexAssociation>