<?xml version = '1.0' encoding = 'UTF-8'?>
<FKIndexAssociation class="oracle.dbtools.crest.model.design.relational.FKIndexAssociation" directorySegmentName="seg_0" id="B5825D44-1E8B-B916-D280-DE421546C133" containerWithKeyObject="CA5CC4E8-D22F-D0D7-2BA2-C7ED57AB2B8F" localFKIndex="AC0BBB50-6F68-9D91-0902-D50C12BE3DA3" name="FK_EXAMENv4">
<createdBy>ariel</createdBy>
<createdTime>2025-09-16 01:07:42 UTC</createdTime>
<generatorID>9F7737F5-979C-496C-C5E3-B4EDBF53093B</generatorID>
<ownerDesignName>Exp2_S5_NicolasCavieres</ownerDesignName>
<referredTableLongName>EXAMEN</referredTableLongName>
<deleteRule>NO ACTION</deleteRule>
<referredTableID>240F7061-B2DC-7CC9-A848-24ED9A2C5700</referredTableID>
<keyObject>1F99BD28-37DE-557D-068B-ABB9EE8B920E</keyObject>
<referredKeyID>1F99BD28-37DE-557D-068B-ABB9EE8B920E</referredKeyID>
<mandatory>true</mandatory>
<refColNames>id_examen</refColNames>
<transferable>false</transferable>
<rely>false</rely>
<columnDependencyConstraintGenerateInDDL>true</columnDependencyConstraintGenerateInDDL>
</FKIndexAssociation>