<?xml version = '1.0' encoding = 'UTF-8'?>
<FKIndexAssociation class="oracle.dbtools.crest.model.design.relational.FKIndexAssociation" directorySegmentName="seg_0" id="B89636BB-D3FF-F817-2429-6071DE4AC223" containerWithKeyObject="B59ED0AF-CDAD-270B-8415-4C12AD82B07B" localFKIndex="4CAA5982-71F8-4E7F-49D2-198F7DDC4ECE" name="FK_EXAMENv1">
<createdBy>ariel</createdBy>
<createdTime>2025-09-16 01:07:42 UTC</createdTime>
<generatorID>6136CA48-4861-9B0E-138D-19DD565A2394</generatorID>
<ownerDesignName>Exp2_S5_NicolasCavieres</ownerDesignName>
<referredTableLongName>EXAMEN</referredTableLongName>
<deleteRule>NO ACTION</deleteRule>
<referredTableID>240F7061-B2DC-7CC9-A848-24ED9A2C5700</referredTableID>
<keyObject>1F99BD28-37DE-557D-068B-ABB9EE8B920E</keyObject>
<referredKeyID>1F99BD28-37DE-557D-068B-ABB9EE8B920E</referredKeyID>
<mandatory>false</mandatory>
<refColNames>id_examen</refColNames>
<transferable>true</transferable>
<rely>false</rely>
<columnDependencyConstraintGenerateInDDL>true</columnDependencyConstraintGenerateInDDL>
</FKIndexAssociation>