<?xml version = '1.0' encoding = 'UTF-8'?>
<FKIndexAssociation class="oracle.dbtools.crest.model.design.relational.FKIndexAssociation" directorySegmentName="seg_0" id="C219DB1D-D341-4A3B-34F7-E3E711572150" containerWithKeyObject="0FCA5006-5292-E470-6BF3-DEB0D372F356" localFKIndex="804FFDDC-D089-54E5-FF11-DBE2DE2E31D2" name="FK_AFP">
<createdBy>ariel</createdBy>
<createdTime>2025-09-16 01:07:42 UTC</createdTime>
<generatorID>233817D2-D65D-2707-79AA-35A6874FB1DD</generatorID>
<ownerDesignName>Exp2_S5_NicolasCavieres</ownerDesignName>
<referredTableLongName>AFP</referredTableLongName>
<deleteRule>NO ACTION</deleteRule>
<referredTableID>35950437-BEC3-56CF-582B-5FE935C8E8DB</referredTableID>
<keyObject>5C95D306-1C4F-9317-1AF8-A1E02D694EE0</keyObject>
<referredKeyID>5C95D306-1C4F-9317-1AF8-A1E02D694EE0</referredKeyID>
<mandatory>true</mandatory>
<refColNames>id_afp</refColNames>
<transferable>true</transferable>
<rely>false</rely>
<columnDependencyConstraintGenerateInDDL>true</columnDependencyConstraintGenerateInDDL>
</FKIndexAssociation>