<?xml version = '1.0' encoding = 'UTF-8'?>
<FKIndexAssociation class="oracle.dbtools.crest.model.design.relational.FKIndexAssociation" directorySegmentName="seg_0" id="C58C541C-A99E-E8AC-7F7E-7B843B1EBB34" containerWithKeyObject="75B6ABA1-31F7-147F-D4EB-6DC3AF42B72D" localFKIndex="35D4A081-689F-B563-864E-86BB8C10E6D5" name="FK_PAGO">
<createdBy>ariel</createdBy>
<createdTime>2025-09-16 01:07:42 UTC</createdTime>
<generatorID>7D4F22D5-F79E-6E53-9690-F2370D87A27A</generatorID>
<ownerDesignName>Exp2_S5_NicolasCavieres</ownerDesignName>
<referredTableLongName>PAGO</referredTableLongName>
<deleteRule>NO ACTION</deleteRule>
<referredTableID>CCF71446-C516-8640-8570-CF231762F97C</referredTableID>
<keyObject>C0BA75C1-A8E6-67A2-26D8-0A65B7600EE6</keyObject>
<referredKeyID>C0BA75C1-A8E6-67A2-26D8-0A65B7600EE6</referredKeyID>
<mandatory>true</mandatory>
<refColNames>id_pago</refColNames>
<transferable>true</transferable>
<rely>false</rely>
<columnDependencyConstraintGenerateInDDL>true</columnDependencyConstraintGenerateInDDL>
</FKIndexAssociation>