<?xml version = '1.0' encoding = 'UTF-8'?>
<FKIndexAssociation class="oracle.dbtools.crest.model.design.relational.FKIndexAssociation" directorySegmentName="seg_0" id="CBC80FD3-17CD-B13B-5B80-C03460D3F220" containerWithKeyObject="6F20848B-658B-B627-6A20-8E35EFF9B8AD" localFKIndex="ED86DEBC-E514-D128-FD94-123854BC0213" name="FK_DIRECCION">
<createdBy>ariel</createdBy>
<createdTime>2025-09-16 01:07:42 UTC</createdTime>
<generatorID>DB5B8FAE-0401-1856-B306-5194D4E97A07</generatorID>
<ownerDesignName>Exp2_S5_NicolasCavieres</ownerDesignName>
<referredTableLongName>DIRECCION</referredTableLongName>
<deleteRule>NO ACTION</deleteRule>
<referredTableID>DC97A03A-CBF2-E80C-1D4C-B12DD2A091BB</referredTableID>
<keyObject>AF09BBAA-63B3-84BB-747B-D8236ABF9FEE</keyObject>
<referredKeyID>AF09BBAA-63B3-84BB-747B-D8236ABF9FEE</referredKeyID>
<mandatory>true</mandatory>
<refColNames>id_direccion</refColNames>
<transferable>true</transferable>
<rely>false</rely>
<columnDependencyConstraintGenerateInDDL>true</columnDependencyConstraintGenerateInDDL>
</FKIndexAssociation>