<?xml version = '1.0' encoding = 'UTF-8'?>
<FKIndexAssociation class="oracle.dbtools.crest.model.design.relational.FKIndexAssociation" directorySegmentName="seg_0" id="D02FDE4C-70B6-B5F7-7CBE-7D127C3A7F16" containerWithKeyObject="6126AD67-47F7-3E4E-EC65-B6AFC575F6B3" localFKIndex="DBB37C88-D5A0-7AEA-9BC1-6D1D3325BD3A" name="FK_ATENCIONv2">
<createdBy>ariel</createdBy>
<createdTime>2025-09-16 01:54:54 UTC</createdTime>
<generatorID>4E0F3F49-B993-207D-945A-63E4C25AE192</generatorID>
<ownerDesignName>Exp2_S5_NicolasCavieres</ownerDesignName>
<referredTableLongName>ATENCION</referredTableLongName>
<deleteRule>NO ACTION</deleteRule>
<referredTableID>5FCBFBBF-4A9D-47A1-FBAE-9D72059B0E6B</referredTableID>
<keyObject>EA12E9A3-0817-DED2-C130-31BEE5E962D0</keyObject>
<referredKeyID>EA12E9A3-0817-DED2-C130-31BEE5E962D0</referredKeyID>
<mandatory>true</mandatory>
<refColNames>id_atencion</refColNames>
<transferable>true</transferable>
<rely>false</rely>
<columnDependencyConstraintGenerateInDDL>true</columnDependencyConstraintGenerateInDDL>
</FKIndexAssociation>