<?xml version = '1.0' encoding = 'UTF-8'?>
<FKIndexAssociation class="oracle.dbtools.crest.model.design.relational.FKIndexAssociation" directorySegmentName="seg_0" id="DF928529-D5F2-EDE0-F87A-834A56623369" containerWithKeyObject="8992DC9C-88D4-1447-4875-B35CF1EA3B3F" localFKIndex="D4224647-5BF7-E6DA-EB76-873951F8E79A" name="FK_PERSONAv1">
<createdBy>ariel</createdBy>
<createdTime>2025-09-16 01:07:42 UTC</createdTime>
<generatorID>2339DB57-45E6-A9F9-7D88-7A254ED5B217</generatorID>
<ownerDesignName>Exp2_S5_NicolasCavieres</ownerDesignName>
<referredTableLongName>PERSONA</referredTableLongName>
<deleteRule>NO ACTION</deleteRule>
<referredTableID>6F20848B-658B-B627-6A20-8E35EFF9B8AD</referredTableID>
<keyObject>7433CE92-FAD0-C076-A485-7CC4EF2E7D09</keyObject>
<referredKeyID>7433CE92-FAD0-C076-A485-7CC4EF2E7D09</referredKeyID>
<mandatory>true</mandatory>
<refColNames>rut</refColNames>
<transferable>true</transferable>
<rely>false</rely>
<columnDependencyConstraintGenerateInDDL>true</columnDependencyConstraintGenerateInDDL>
</FKIndexAssociation>