<?xml version = '1.0' encoding = 'UTF-8'?>
<FKIndexAssociation class="oracle.dbtools.crest.model.design.relational.FKIndexAssociation" directorySegmentName="seg_0" id="E2FCFC11-22BE-5127-1BF8-C7CC10EA52F6" containerWithKeyObject="0FCA5006-5292-E470-6BF3-DEB0D372F356" localFKIndex="22752AAB-2D1B-D53A-DFAB-31370B77FC6A" name="FK_UNIDAD">
<createdBy>ariel</createdBy>
<createdTime>2025-09-16 01:07:42 UTC</createdTime>
<generatorID>A6B9E27D-D99C-B6BA-2021-256D67F89581</generatorID>
<ownerDesignName>Exp2_S5_NicolasCavieres</ownerDesignName>
<referredTableLongName>UNIDAD</referredTableLongName>
<deleteRule>NO ACTION</deleteRule>
<referredTableID>FC0E61DA-026E-2F30-1425-35FBD508A1AF</referredTableID>
<keyObject>96CF1758-D889-53CE-4B90-F651AD0B904B</keyObject>
<referredKeyID>96CF1758-D889-53CE-4B90-F651AD0B904B</referredKeyID>
<mandatory>true</mandatory>
<refColNames>id_unidad</refColNames>
<transferable>true</transferable>
<rely>false</rely>
<columnDependencyConstraintGenerateInDDL>true</columnDependencyConstraintGenerateInDDL>
</FKIndexAssociation>