<?xml version = '1.0' encoding = 'UTF-8'?>
<FKIndexAssociation class="oracle.dbtools.crest.model.design.relational.FKIndexAssociation" directorySegmentName="seg_0" id="E5A6C7C9-D478-79CA-86E4-DC587B35EE6F" containerWithKeyObject="D35CDB7B-ACD1-8B28-8278-0C7B8A10BB80" localFKIndex="FDFAC8C7-3F16-DAB6-02F1-86B1076757AD" name="FK_PAGOv2">
<createdBy>ariel</createdBy>
<createdTime>2025-09-16 01:07:42 UTC</createdTime>
<generatorID>99F4F3C6-58C1-89BA-D2AB-F0601CBBCB29</generatorID>
<ownerDesignName>Exp2_S5_NicolasCavieres</ownerDesignName>
<referredTableLongName>PAGO</referredTableLongName>
<deleteRule>NO ACTION</deleteRule>
<referredTableID>CCF71446-C516-8640-8570-CF231762F97C</referredTableID>
<keyObject>C0BA75C1-A8E6-67A2-26D8-0A65B7600EE6</keyObject>
<referredKeyID>C0BA75C1-A8E6-67A2-26D8-0A65B7600EE6</referredKeyID>
<mandatory>true</mandatory>
<refColNames>id_pago</refColNames>
<transferable>true</transferable>
<rely>false</rely>
<columnDependencyConstraintGenerateInDDL>true</columnDependencyConstraintGenerateInDDL>
</FKIndexAssociation>