<?xml version = '1.0' encoding = 'UTF-8'?>
<FKIndexAssociation class="oracle.dbtools.crest.model.design.relational.FKIndexAssociation" directorySegmentName="seg_0" id="E5B2DF2D-AC36-EDD0-790C-FD512E5900EC" containerWithKeyObject="6126AD67-47F7-3E4E-EC65-B6AFC575F6B3" localFKIndex="7F8076FD-03AC-D73A-6DC4-D6389889871D" name="FK_PACIENTEv2">
<createdBy>ariel</createdBy>
<createdTime>2025-09-16 01:07:42 UTC</createdTime>
<generatorID>61A81DB8-42C8-871E-C4FA-452B2EB3F27D</generatorID>
<ownerDesignName>Exp2_S5_NicolasCavieres</ownerDesignName>
<referredTableLongName>PACIENTE</referredTableLongName>
<deleteRule>NO ACTION</deleteRule>
<referredTableID>27453E04-93ED-2893-570E-8F4EBFCFED46</referredTableID>
<keyObject>B3865D5B-6229-CC3F-E0C7-74F01B592B60</keyObject>
<referredKeyID>B3865D5B-6229-CC3F-E0C7-74F01B592B60</referredKeyID>
<mandatory>true</mandatory>
<refColNames>rut</refColNames>
<transferable>false</transferable>
<rely>false</rely>
<columnDependencyConstraintGenerateInDDL>true</columnDependencyConstraintGenerateInDDL>
</FKIndexAssociation>