<?xml version = '1.0' encoding = 'UTF-8'?>
<FKIndexAssociation class="oracle.dbtools.crest.model.design.relational.FKIndexAssociation" directorySegmentName="seg_0" id="E7C56AD5-EAD8-212F-C501-434771AFA4FD" containerWithKeyObject="BB0F4958-0385-3844-6CCE-14027064ACAD" localFKIndex="299B1BB4-0087-359E-A15F-D8618FD86688" name="FK_PERSONA">
<createdBy>ariel</createdBy>
<createdTime>2025-09-16 01:07:42 UTC</createdTime>
<generatorID>65B6B47D-DCBE-388C-7517-1E5B79985F92</generatorID>
<ownerDesignName>Exp2_S5_NicolasCavieres</ownerDesignName>
<referredTableLongName>PERSONA</referredTableLongName>
<deleteRule>NO ACTION</deleteRule>
<referredTableID>6F20848B-658B-B627-6A20-8E35EFF9B8AD</referredTableID>
<keyObject>7433CE92-FAD0-C076-A485-7CC4EF2E7D09</keyObject>
<referredKeyID>7433CE92-FAD0-C076-A485-7CC4EF2E7D09</referredKeyID>
<mandatory>true</mandatory>
<refColNames>rut</refColNames>
<transferable>true</transferable>
<rely>false</rely>
<columnDependencyConstraintGenerateInDDL>true</columnDependencyConstraintGenerateInDDL>
</FKIndexAssociation>