<?xml version = '1.0' encoding = 'UTF-8'?>
<FKIndexAssociation class="oracle.dbtools.crest.model.design.relational.FKIndexAssociation" directorySegmentName="seg_0" id="ECD1197F-CFAC-B4C4-F2F2-A873A5A65853" containerWithKeyObject="6F20848B-658B-B627-6A20-8E35EFF9B8AD" localFKIndex="5D67B71C-5173-07B1-4ECC-876A6E46D351" name="FK_ESTADO_CIVIL">
<createdBy>ariel</createdBy>
<createdTime>2025-09-16 01:07:42 UTC</createdTime>
<generatorID>AB0B1420-A7C4-6A79-CE30-84098E686475</generatorID>
<ownerDesignName>Exp2_S5_NicolasCavieres</ownerDesignName>
<referredTableLongName>ESTADO_CIVIL</referredTableLongName>
<deleteRule>NO ACTION</deleteRule>
<referredTableID>80AEC49F-AB3A-1670-C8E3-6CA4E288289E</referredTableID>
<keyObject>AF605C92-AB92-7737-EDDE-E500B7D9BC1A</keyObject>
<referredKeyID>AF605C92-AB92-7737-EDDE-E500B7D9BC1A</referredKeyID>
<mandatory>true</mandatory>
<refColNames>id_estado_civil</refColNames>
<transferable>true</transferable>
<rely>false</rely>
<columnDependencyConstraintGenerateInDDL>true</columnDependencyConstraintGenerateInDDL>
</FKIndexAssociation>