<?xml version = '1.0' encoding = 'UTF-8'?>
<FKIndexAssociation class="oracle.dbtools.crest.model.design.relational.FKIndexAssociation" directorySegmentName="seg_0" id="ED924221-B317-C17A-DDE4-406C879FDE33" containerWithKeyObject="D35CDB7B-ACD1-8B28-8278-0C7B8A10BB80" localFKIndex="4D028FB7-1544-7FF8-6100-666202293D3F" name="FK_ATENCION">
<createdBy>ariel</createdBy>
<createdTime>2025-09-16 01:07:42 UTC</createdTime>
<generatorID>04E03044-7A9C-9290-6747-98D042739D15</generatorID>
<ownerDesignName>Exp2_S5_NicolasCavieres</ownerDesignName>
<referredTableLongName>ATENCION</referredTableLongName>
<deleteRule>NO ACTION</deleteRule>
<referredTableID>5FCBFBBF-4A9D-47A1-FBAE-9D72059B0E6B</referredTableID>
<keyObject>EA12E9A3-0817-DED2-C130-31BEE5E962D0</keyObject>
<referredKeyID>EA12E9A3-0817-DED2-C130-31BEE5E962D0</referredKeyID>
<mandatory>true</mandatory>
<refColNames>id_atencion</refColNames>
<transferable>false</transferable>
<rely>false</rely>
<columnDependencyConstraintGenerateInDDL>true</columnDependencyConstraintGenerateInDDL>
</FKIndexAssociation>