<?xml version = '1.0' encoding = 'UTF-8'?>
<FKIndexAssociation class="oracle.dbtools.crest.model.design.relational.FKIndexAssociation" directorySegmentName="seg_0" id="EDBE6608-4412-C805-7AD7-C0A122751D14" containerWithKeyObject="240F7061-B2DC-7CC9-A848-24ED9A2C5700" localFKIndex="9C2F9447-D73A-9CE6-B7E0-BD73D925BF2F" name="FK_EXAMENv3">
<createdBy>ariel</createdBy>
<createdTime>2025-09-16 01:07:42 UTC</createdTime>
<generatorID>6C54E7FE-A5DB-F689-99F5-8F687039CF61</generatorID>
<ownerDesignName>Exp2_S5_NicolasCavieres</ownerDesignName>
<referredTableLongName>PAGO_EXAMEN</referredTableLongName>
<deleteRule>NO ACTION</deleteRule>
<referredTableID>75B6ABA1-31F7-147F-D4EB-6DC3AF42B72D</referredTableID>
<keyObject>EF8FB2FE-5020-3081-68DB-BDCAC7BA9162</keyObject>
<referredKeyID>EF8FB2FE-5020-3081-68DB-BDCAC7BA9162</referredKeyID>
<mandatory>true</mandatory>
<refColNames>id_pago_examen</refColNames>
<transferable>false</transferable>
<rely>false</rely>
<columnDependencyConstraintGenerateInDDL>true</columnDependencyConstraintGenerateInDDL>
</FKIndexAssociation>