<?xml version = '1.0' encoding = 'UTF-8'?>
<Diagram class="oracle.dbtools.crest.swingui.relational.DPVRelational" name="Relational_1" id="49BB44F4-AD49-88A6-0916-EF626A44F3C6">
<createdBy>ariel</createdBy>
<modifiedBy>ariel</modifiedBy>
<createdTime>2025-08-18 14:24:26 UTC</createdTime>
<autoRoute>false</autoRoute>
<boxInbox>true</boxInbox>
<showLegend>false</showLegend>
<showLabels>false</showLabels>
<showRelAttributes>false</showRelAttributes>
<gridEnabled>false</gridEnabled>
<showGrid>false</showGrid>
<diagramColor>-1</diagramColor>
<display>false</display>
<notation>1</notation>
<objectViews>
<OView class="oracle.dbtools.crest.swingui.relational.TVTable" oid="2BA3359C-6A38-8A33-0746-94561E4D5683" otype="Table" vid="9BBD55AA-2440-ADF3-1B17-A2C46D089B12">
<hideElementsInCurrentOnly>false</hideElementsInCurrentOnly>
<bounds x="39" y="293" width="240" height="120"/>
</OView>
<OView class="oracle.dbtools.crest.swingui.relational.TVTable" oid="662EFE7A-335E-6BAC-BEE4-24418E3253E7" otype="Table" vid="A8394DDA-69AC-FBCE-24D1-AB0C139D587D">
<hideElementsInCurrentOnly>false</hideElementsInCurrentOnly>
<bounds x="644" y="248" width="231" height="188"/>
</OView>
<OView class="oracle.dbtools.crest.swingui.relational.TVTable" oid="9CDC1EA2-A8BF-A93A-FA05-2339A2251582" otype="Table" vid="F98608A5-29ED-261F-E963-516565383E6F">
<hideElementsInCurrentOnly>false</hideElementsInCurrentOnly>
<bounds x="338" y="19" width="249" height="178"/>
</OView>
<OView class="oracle.dbtools.crest.swingui.relational.TVTable" oid="E1DCF8AF-F4F4-E963-EEAD-16CA7DCF6317" otype="Table" vid="BE280752-501F-0E3E-297C-FE1879F9E643">
<hideElementsInCurrentOnly>false</hideElementsInCurrentOnly>
<bounds x="341" y="253" width="243" height="201"/>
</OView>
</objectViews>
<connectors>
<Connector class="oracle.dbtools.crest.swingui.relational.TVFKRelation" oid="1E9346A2-03C3-859B-5739-D40446959659" otype="FKIndexAssociation" vid_source="A8394DDA-69AC-FBCE-24D1-AB0C139D587D" vid_target="BE280752-501F-0E3E-297C-FE1879F9E643">
<hideElementsInCurrentOnly>false</hideElementsInCurrentOnly>
<backgroundColor>-16777216</backgroundColor>
<lineWidth>1</lineWidth>
<points>
<point x="644" y="344"/>
<point x="584" y="344"/>
</points>
</Connector>
<Connector class="oracle.dbtools.crest.swingui.relational.TVFKRelation" oid="83A4A88C-3DFD-820A-F4DD-508514BEABBB" otype="FKIndexAssociation" vid_source="F98608A5-29ED-261F-E963-516565383E6F" vid_target="BE280752-501F-0E3E-297C-FE1879F9E643">
<hideElementsInCurrentOnly>false</hideElementsInCurrentOnly>
<backgroundColor>-16777216</backgroundColor>
<lineWidth>1</lineWidth>
<points>
<point x="462" y="197"/>
<point x="462" y="253"/>
</points>
</Connector>
<Connector class="oracle.dbtools.crest.swingui.relational.TVFKRelation" oid="97D7AFF8-0475-F56F-8A8A-0F18E6C166D0" otype="FKIndexAssociation" vid_source="9BBD55AA-2440-ADF3-1B17-A2C46D089B12" vid_target="BE280752-501F-0E3E-297C-FE1879F9E643">
<hideElementsInCurrentOnly>false</hideElementsInCurrentOnly>
<backgroundColor>-16777216</backgroundColor>
<lineWidth>1</lineWidth>
<points>
<point x="279" y="353"/>
<point x="341" y="353"/>
</points>
</Connector>
</connectors>
</Diagram>