<?xml version = '1.0' encoding = 'UTF-8'?>
<relationalModel class="oracle.dbtools.crest.model.design.relational.RelationalDesign" name="Relational_1" id="7C7FA3B9-36F9-5CBF-D31C-709D5BD8C430" mainViewID="49BB44F4-AD49-88A6-0916-EF626A44F3C6">
<createdBy>ariel</createdBy>
<createdTime>2025-08-18 14:03:43 UTC</createdTime>
<ownerDesignName>Exp1_S1_Grupo4</ownerDesignName>
<shouldBeOpen>false</shouldBeOpen>
<selectedRDBMSSite>32076570-2523-435C-2E92-BF29817DFF70</selectedRDBMSSite>
</relationalModel>