<?xml version = '1.0' encoding = 'UTF-8'?>
<relationalModel class="oracle.dbtools.crest.model.design.relational.RelationalDesign" name="Relational_1" id="B4821E92-F4F8-8E48-F783-9117C44BA280" mainViewID="E8EC15D6-D398-AF5D-D724-D67481E36125">
<createdBy>ariel</createdBy>
<createdTime>2025-08-27 23:36:20 UTC</createdTime>
<ownerDesignName>Exp1_S3_Nicolas_Cavieres</ownerDesignName>
<shouldBeOpen>false</shouldBeOpen>
<selectedRDBMSSite>32076570-2523-435C-2E92-BF29817DFF70</selectedRDBMSSite>
</relationalModel>