<?xml version = '1.0' encoding = 'UTF-8'?>
<Table class="oracle.dbtools.crest.model.design.relational.Table" directorySegmentName="seg_0" id="2BA3359C-6A38-8A33-0746-94561E4D5683" name="Vuelo">
<createdBy>ariel</createdBy>
<createdTime>2025-08-18 15:31:00 UTC</createdTime>
<ownerDesignName>Exp1_S1_Grupo4</ownerDesignName>
<ordsAlias>table_3</ordsAlias>
<allowColumnReorder>false</allowColumnReorder>
<existDependencyGenerateInDDl>true</existDependencyGenerateInDDl>
<parsed>true</parsed>
<columns itemClass="oracle.dbtools.crest.model.design.relational.Column">
<Column name="num_vuelo" id="97DE674E-A4DF-394E-2E36-5600BC1EB75A">
<createdBy>ariel</createdBy>
<createdTime>2025-08-18 15:31:43 UTC</createdTime>
<ownerDesignName>Exp1_S1_Grupo4</ownerDesignName>
<useDomainConstraints>false</useDomainConstraints>
<use>1</use>
<logicalDatatype>LOGDT037</logicalDatatype>
<dataTypeSize>10</dataTypeSize>
<ownDataTypeParameters>10,,</ownDataTypeParameters>
<autoIncrementCycle>false</autoIncrementCycle>
</Column>
<Column name="fecha_hora_despegue" id="C833D075-F0C0-0EBA-9F88-03E59C9FEE92">
<createdBy>ariel</createdBy>
<createdTime>2025-08-18 15:31:43 UTC</createdTime>
<ownerDesignName>Exp1_S1_Grupo4</ownerDesignName>
<useDomainConstraints>false</useDomainConstraints>
<use>1</use>
<logicalDatatype>LOGDT008</logicalDatatype>
<ownDataTypeParameters>,,</ownDataTypeParameters>
<autoIncrementCycle>false</autoIncrementCycle>
</Column>
<Column name="fecha_hora_aterrizaje" id="78539F81-DFD4-24BF-7369-2D121D73E966">
<createdBy>ariel</createdBy>
<createdTime>2025-08-18 15:31:43 UTC</createdTime>
<ownerDesignName>Exp1_S1_Grupo4</ownerDesignName>
<useDomainConstraints>false</useDomainConstraints>
<use>1</use>
<logicalDatatype>LOGDT008</logicalDatatype>
<ownDataTypeParameters>,,</ownDataTypeParameters>
<autoIncrementCycle>false</autoIncrementCycle>
</Column>
<Column name="destino" id="0CECEAEC-8770-C2C5-E518-C6DDA1203513">
<createdBy>ariel</createdBy>
<createdTime>2025-08-18 15:31:59 UTC</createdTime>
<ownerDesignName>Exp1_S1_Grupo4</ownerDesignName>
<useDomainConstraints>false</useDomainConstraints>
<use>1</use>
<logicalDatatype>LOGDT024</logicalDatatype>
<dataTypeSize>50</dataTypeSize>
<ownDataTypeParameters>50,,</ownDataTypeParameters>
<autoIncrementCycle>false</autoIncrementCycle>
</Column>
</columns>
<indexes itemClass="oracle.dbtools.crest.model.design.relational.Index">
<ind_PK_UK id="7FEDFD82-2B25-4EA0-D3F2-60BDB538E591" name="Vuelo_PK">
<createdBy>ariel</createdBy>
<createdTime>2025-08-18 15:31:43 UTC</createdTime>
<ownerDesignName>Exp1_S1_Grupo4</ownerDesignName>
<pk>true</pk>
<indexState>Primary Constraint</indexState>
<isSurrogateKey>false</isSurrogateKey>
<indexColumnUsage>
<colUsage columnID="97DE674E-A4DF-394E-2E36-5600BC1EB75A"/>
</indexColumnUsage>
</ind_PK_UK>
</indexes>
</Table>