<?xml version = '1.0' encoding = 'UTF-8'?>
<Table class="oracle.dbtools.crest.model.design.relational.Table" directorySegmentName="seg_0" id="662EFE7A-335E-6BAC-BEE4-24418E3253E7" name="Empleado">
<createdBy>ariel</createdBy>
<createdTime>2025-08-18 15:37:29 UTC</createdTime>
<ownerDesignName>Exp1_S1_Grupo4</ownerDesignName>
<ordsAlias>table_5</ordsAlias>
<allowColumnReorder>false</allowColumnReorder>
<existDependencyGenerateInDDl>true</existDependencyGenerateInDDl>
<parsed>true</parsed>
<columns itemClass="oracle.dbtools.crest.model.design.relational.Column">
<Column name="num_empleado" id="C9C24CED-D49A-8951-98BF-D34EBE628C9B">
<createdBy>ariel</createdBy>
<createdTime>2025-08-18 15:37:46 UTC</createdTime>
<ownerDesignName>Exp1_S1_Grupo4</ownerDesignName>
<useDomainConstraints>false</useDomainConstraints>
<use>1</use>
<logicalDatatype>LOGDT037</logicalDatatype>
<dataTypeSize>15</dataTypeSize>
<ownDataTypeParameters>15,,</ownDataTypeParameters>
<autoIncrementCycle>false</autoIncrementCycle>
</Column>
<Column name="rut" id="0F7B4200-A55A-C679-DB78-9DA97B8A14BD">
<createdBy>ariel</createdBy>
<createdTime>2025-08-18 15:38:22 UTC</createdTime>
<ownerDesignName>Exp1_S1_Grupo4</ownerDesignName>
<useDomainConstraints>false</useDomainConstraints>
<use>1</use>
<logicalDatatype>LOGDT037</logicalDatatype>
<dataTypeSize>20</dataTypeSize>
<ownDataTypeParameters>20,,</ownDataTypeParameters>
<autoIncrementCycle>false</autoIncrementCycle>
</Column>
<Column name="nombre_completo" id="86AE39C1-020D-B160-6102-E3AF57A4DE30">
<createdBy>ariel</createdBy>
<createdTime>2025-08-18 15:38:36 UTC</createdTime>
<ownerDesignName>Exp1_S1_Grupo4</ownerDesignName>
<useDomainConstraints>false</useDomainConstraints>
<use>1</use>
<logicalDatatype>LOGDT024</logicalDatatype>
<dataTypeSize>100</dataTypeSize>
<ownDataTypeParameters>100,,</ownDataTypeParameters>
<autoIncrementCycle>false</autoIncrementCycle>
</Column>
<Column name="direccion" id="782EAAF7-9898-FA03-C910-9D9D4A679C67">
<createdBy>ariel</createdBy>
<createdTime>2025-08-18 15:38:53 UTC</createdTime>
<ownerDesignName>Exp1_S1_Grupo4</ownerDesignName>
<useDomainConstraints>false</useDomainConstraints>
<use>1</use>
<logicalDatatype>LOGDT024</logicalDatatype>
<dataTypeSize>100</dataTypeSize>
<ownDataTypeParameters>100,,</ownDataTypeParameters>
<autoIncrementCycle>false</autoIncrementCycle>
</Column>
<Column name="sueldo_base" id="7F7CA0CD-1E8D-7D0C-48A6-72A9EE3ECA3E">
<createdBy>ariel</createdBy>
<createdTime>2025-08-18 15:40:02 UTC</createdTime>
<ownerDesignName>Exp1_S1_Grupo4</ownerDesignName>
<useDomainConstraints>false</useDomainConstraints>
<use>1</use>
<logicalDatatype>LOGDT011</logicalDatatype>
<ownDataTypeParameters>,,</ownDataTypeParameters>
<autoIncrementCycle>false</autoIncrementCycle>
</Column>
<Column name="fecha_ingreso" id="A3D2490F-3FAF-A12C-D78F-FB43D67FF8E3">
<createdBy>ariel</createdBy>
<createdTime>2025-08-18 15:40:02 UTC</createdTime>
<ownerDesignName>Exp1_S1_Grupo4</ownerDesignName>
<useDomainConstraints>false</useDomainConstraints>
<use>1</use>
<logicalDatatype>LOGDT007</logicalDatatype>
<ownDataTypeParameters>,,</ownDataTypeParameters>
<autoIncrementCycle>false</autoIncrementCycle>
</Column>
<Column name="genero" id="2A52F19E-B34D-D596-190D-13FC09210E72">
<createdBy>ariel</createdBy>
<createdTime>2025-08-18 15:40:02 UTC</createdTime>
<commentInRDBMS><![CDATA[M: masculino
F: femenino
N: otro]]></commentInRDBMS>
<ownerDesignName>Exp1_S1_Grupo4</ownerDesignName>
<nullsAllowed>true</nullsAllowed>
<useDomainConstraints>false</useDomainConstraints>
<use>1</use>
<logicalDatatype>LOGDT037</logicalDatatype>
<dataTypeSize>1</dataTypeSize>
<ownDataTypeParameters>1,,</ownDataTypeParameters>
<autoIncrementCycle>false</autoIncrementCycle>
</Column>
<Column name="num_telefono" id="5E274343-CEC4-0250-049A-AAB0F4E06926">
<createdBy>ariel</createdBy>
<createdTime>2025-08-18 15:40:58 UTC</createdTime>
<ownerDesignName>Exp1_S1_Grupo4</ownerDesignName>
<nullsAllowed>true</nullsAllowed>
<useDomainConstraints>false</useDomainConstraints>
<use>1</use>
<logicalDatatype>LOGDT019</logicalDatatype>
<ownDataTypeParameters>,,</ownDataTypeParameters>
<autoIncrementCycle>false</autoIncrementCycle>
</Column>
<Column name="tel_contacto" id="D73597E1-746C-91DD-2266-2FB0461F678D">
<createdBy>ariel</createdBy>
<createdTime>2025-08-18 15:42:10 UTC</createdTime>
<ownerDesignName>Exp1_S1_Grupo4</ownerDesignName>
<useDomainConstraints>false</useDomainConstraints>
<use>1</use>
<logicalDatatype>LOGDT019</logicalDatatype>
<dataTypePrecision>15</dataTypePrecision>
<ownDataTypeParameters>,15,</ownDataTypeParameters>
<autoIncrementCycle>false</autoIncrementCycle>
</Column>
</columns>
<indexes itemClass="oracle.dbtools.crest.model.design.relational.Index">
<ind_PK_UK id="0D51DD86-5447-7449-A9B0-91D4AC6F5D06" name="Empleado_PK">
<createdBy>ariel</createdBy>
<createdTime>2025-08-18 15:37:46 UTC</createdTime>
<ownerDesignName>Exp1_S1_Grupo4</ownerDesignName>
<pk>true</pk>
<indexState>Primary Constraint</indexState>
<isSurrogateKey>false</isSurrogateKey>
<indexColumnUsage>
<colUsage columnID="C9C24CED-D49A-8951-98BF-D34EBE628C9B"/>
</indexColumnUsage>
</ind_PK_UK>
</indexes>
</Table>