<?xml version = '1.0' encoding = 'UTF-8'?>
<Table class="oracle.dbtools.crest.model.design.relational.Table" directorySegmentName="seg_0" id="9CDC1EA2-A8BF-A93A-FA05-2339A2251582" name="Pasajero">
<createdBy>ariel</createdBy>
<createdTime>2025-08-18 15:23:00 UTC</createdTime>
<ownerDesignName>Exp1_S1_Grupo4</ownerDesignName>
<ordsAlias>table_2</ordsAlias>
<allowColumnReorder>false</allowColumnReorder>
<existDependencyGenerateInDDl>true</existDependencyGenerateInDDl>
<parsed>true</parsed>
<columns itemClass="oracle.dbtools.crest.model.design.relational.Column">
<Column name="num_pasajero" id="945BD281-FEC3-52F2-04A5-9452C384A731">
<createdBy>ariel</createdBy>
<createdTime>2025-08-18 15:25:15 UTC</createdTime>
<ownerDesignName>Exp1_S1_Grupo4</ownerDesignName>
<useDomainConstraints>false</useDomainConstraints>
<use>1</use>
<logicalDatatype>LOGDT037</logicalDatatype>
<dataTypeSize>10</dataTypeSize>
<ownDataTypeParameters>10,,</ownDataTypeParameters>
<autoIncrementCycle>false</autoIncrementCycle>
</Column>
<Column name="num_pasaporte" id="02590869-411B-796E-E858-C7D17F4832F0">
<createdBy>ariel</createdBy>
<createdTime>2025-08-18 15:25:46 UTC</createdTime>
<ownerDesignName>Exp1_S1_Grupo4</ownerDesignName>
<useDomainConstraints>false</useDomainConstraints>
<use>1</use>
<logicalDatatype>LOGDT024</logicalDatatype>
<dataTypeSize>15</dataTypeSize>
<ownDataTypeParameters>15,,</ownDataTypeParameters>
<autoIncrementCycle>false</autoIncrementCycle>
</Column>
<Column name="nombre_completo" id="268F056F-2304-55C5-7FB3-6793902F455E">
<createdBy>ariel</createdBy>
<createdTime>2025-08-18 15:27:12 UTC</createdTime>
<ownerDesignName>Exp1_S1_Grupo4</ownerDesignName>
<useDomainConstraints>false</useDomainConstraints>
<use>1</use>
<logicalDatatype>LOGDT024</logicalDatatype>
<dataTypeSize>100</dataTypeSize>
<ownDataTypeParameters>100,,</ownDataTypeParameters>
<autoIncrementCycle>false</autoIncrementCycle>
</Column>
<Column name="fecha_nacimiento" id="8BDE2A9F-DE26-5341-76C3-DDBD0E9B3DC3">
<createdBy>ariel</createdBy>
<createdTime>2025-08-18 15:28:09 UTC</createdTime>
<ownerDesignName>Exp1_S1_Grupo4</ownerDesignName>
<useDomainConstraints>false</useDomainConstraints>
<use>1</use>
<logicalDatatype>LOGDT007</logicalDatatype>
<ownDataTypeParameters>,,</ownDataTypeParameters>
<autoIncrementCycle>false</autoIncrementCycle>
</Column>
<Column name="nacionalidad" id="D3D06D17-1474-4868-1F94-76F42590A429">
<createdBy>ariel</createdBy>
<createdTime>2025-08-18 15:29:14 UTC</createdTime>
<commentInRDBMS><![CDATA[Usar el codigo internacional. Ej: Chileno -> cl]]></commentInRDBMS>
<ownerDesignName>Exp1_S1_Grupo4</ownerDesignName>
<useDomainConstraints>false</useDomainConstraints>
<use>1</use>
<logicalDatatype>LOGDT024</logicalDatatype>
<dataTypeSize>5</dataTypeSize>
<ownDataTypeParameters>5,,</ownDataTypeParameters>
<autoIncrementCycle>false</autoIncrementCycle>
</Column>
<Column name="email" id="E0A5F929-236A-EE11-D788-4377EC81448C">
<createdBy>ariel</createdBy>
<createdTime>2025-08-18 15:29:55 UTC</createdTime>
<ownerDesignName>Exp1_S1_Grupo4</ownerDesignName>
<useDomainConstraints>false</useDomainConstraints>
<use>1</use>
<logicalDatatype>LOGDT024</logicalDatatype>
<dataTypeSize>50</dataTypeSize>
<ownDataTypeParameters>50,,</ownDataTypeParameters>
<autoIncrementCycle>false</autoIncrementCycle>
</Column>
<Column name="num_telefono" id="45B01924-F625-96B6-FC11-77049C25B663">
<createdBy>ariel</createdBy>
<createdTime>2025-08-18 15:30:26 UTC</createdTime>
<ownerDesignName>Exp1_S1_Grupo4</ownerDesignName>
<useDomainConstraints>false</useDomainConstraints>
<use>1</use>
<logicalDatatype>LOGDT019</logicalDatatype>
<dataTypePrecision>15</dataTypePrecision>
<ownDataTypeParameters>,15,</ownDataTypeParameters>
<autoIncrementCycle>false</autoIncrementCycle>
</Column>
</columns>
<indexes itemClass="oracle.dbtools.crest.model.design.relational.Index">
<ind_PK_UK id="D7002EED-CFFC-5F91-25C9-A45BCDFD21B4" name="Pasajero_PK">
<createdBy>ariel</createdBy>
<createdTime>2025-08-18 15:25:30 UTC</createdTime>
<ownerDesignName>Exp1_S1_Grupo4</ownerDesignName>
<pk>true</pk>
<indexState>Primary Constraint</indexState>
<isSurrogateKey>false</isSurrogateKey>
<indexColumnUsage>
<colUsage columnID="945BD281-FEC3-52F2-04A5-9452C384A731"/>
</indexColumnUsage>
</ind_PK_UK>
</indexes>
</Table>