<?xml version = '1.0' encoding = 'UTF-8'?>
<Table class="oracle.dbtools.crest.model.design.relational.Table" directorySegmentName="seg_0" id="E1DCF8AF-F4F4-E963-EEAD-16CA7DCF6317" name="Reserva">
<createdBy>ariel</createdBy>
<createdTime>2025-08-18 15:32:14 UTC</createdTime>
<ownerDesignName>Exp1_S1_Grupo4</ownerDesignName>
<ordsAlias>table_4</ordsAlias>
<allowColumnReorder>false</allowColumnReorder>
<existDependencyGenerateInDDl>true</existDependencyGenerateInDDl>
<parsed>true</parsed>
<columns itemClass="oracle.dbtools.crest.model.design.relational.Column">
<Column name="num_reserva" id="A396159C-2C50-F649-EE71-57D333D80D5F">
<createdBy>ariel</createdBy>
<createdTime>2025-08-18 15:32:33 UTC</createdTime>
<ownerDesignName>Exp1_S1_Grupo4</ownerDesignName>
<useDomainConstraints>false</useDomainConstraints>
<use>1</use>
<logicalDatatype>LOGDT037</logicalDatatype>
<dataTypeSize>10</dataTypeSize>
<ownDataTypeParameters>10,,</ownDataTypeParameters>
<autoIncrementCycle>false</autoIncrementCycle>
</Column>
<Column name="fecha_reserva" id="5ED72BDD-E4BB-48D8-3ABF-163CDA9B46C7">
<createdBy>ariel</createdBy>
<createdTime>2025-08-18 15:35:26 UTC</createdTime>
<ownerDesignName>Exp1_S1_Grupo4</ownerDesignName>
<useDomainConstraints>false</useDomainConstraints>
<use>1</use>
<logicalDatatype>LOGDT007</logicalDatatype>
<ownDataTypeParameters>,,</ownDataTypeParameters>
<autoIncrementCycle>false</autoIncrementCycle>
</Column>
<Column name="fecha_vuelo" id="424F1C96-92CD-BFBC-60B7-7B56CE947492">
<createdBy>ariel</createdBy>
<createdTime>2025-08-18 15:35:37 UTC</createdTime>
<ownerDesignName>Exp1_S1_Grupo4</ownerDesignName>
<useDomainConstraints>false</useDomainConstraints>
<use>1</use>
<logicalDatatype>LOGDT007</logicalDatatype>
<ownDataTypeParameters>,,</ownDataTypeParameters>
<autoIncrementCycle>false</autoIncrementCycle>
</Column>
<Column name="estado" id="F19559E5-98A3-171F-5574-9A19934B6E93">
<createdBy>ariel</createdBy>
<createdTime>2025-08-18 15:36:16 UTC</createdTime>
<ownerDesignName>Exp1_S1_Grupo4</ownerDesignName>
<useDomainConstraints>false</useDomainConstraints>
<use>1</use>
<logicalDatatype>LOGDT035</logicalDatatype>
<dataTypeSize>20</dataTypeSize>
<ownDataTypeParameters>20,,</ownDataTypeParameters>
<autoIncrementCycle>false</autoIncrementCycle>
</Column>
<Column name="num_vuelo" id="C4B3BC1B-2FFF-563F-4578-750D9EE0EAEA">
<createdBy>ariel</createdBy>
<createdTime>2025-08-18 15:44:02 UTC</createdTime>
<ownerDesignName>Exp1_S1_Grupo4</ownerDesignName>
<useDomainConstraints>false</useDomainConstraints>
<use>1</use>
<logicalDatatype>LOGDT037</logicalDatatype>
<dataTypeSize>10</dataTypeSize>
<ownDataTypeParameters>,,</ownDataTypeParameters>
<autoIncrementCycle>false</autoIncrementCycle>
<associations>
<colAssociation fkAssociation="97D7AFF8-0475-F56F-8A8A-0F18E6C166D0" referredColumn="97DE674E-A4DF-394E-2E36-5600BC1EB75A"/>
</associations>
</Column>
<Column name="num_pasajero" id="0ADFFC6E-9C21-1125-E683-1918B814C2F6">
<createdBy>ariel</createdBy>
<createdTime>2025-08-18 15:48:31 UTC</createdTime>
<ownerDesignName>Exp1_S1_Grupo4</ownerDesignName>
<useDomainConstraints>false</useDomainConstraints>
<use>1</use>
<logicalDatatype>LOGDT037</logicalDatatype>
<dataTypeSize>10</dataTypeSize>
<ownDataTypeParameters>,,</ownDataTypeParameters>
<autoIncrementCycle>false</autoIncrementCycle>
<associations>
<colAssociation fkAssociation="83A4A88C-3DFD-820A-F4DD-508514BEABBB" referredColumn="945BD281-FEC3-52F2-04A5-9452C384A731"/>
</associations>
</Column>
<Column name="num_empleado" id="934141E3-D50F-7B0D-2F3D-F59E35D32C88">
<createdBy>ariel</createdBy>
<createdTime>2025-08-18 15:53:17 UTC</createdTime>
<ownerDesignName>Exp1_S1_Grupo4</ownerDesignName>
<useDomainConstraints>false</useDomainConstraints>
<use>1</use>
<logicalDatatype>LOGDT037</logicalDatatype>
<dataTypeSize>15</dataTypeSize>
<ownDataTypeParameters>,,</ownDataTypeParameters>
<autoIncrementCycle>false</autoIncrementCycle>
<associations>
<colAssociation fkAssociation="1E9346A2-03C3-859B-5739-D40446959659" referredColumn="C9C24CED-D49A-8951-98BF-D34EBE628C9B"/>
</associations>
</Column>
</columns>
<indexes itemClass="oracle.dbtools.crest.model.design.relational.Index">
<ind_PK_UK id="FA29CDBD-F231-962A-89D1-A65BDB38942B" name="Reserva_PK">
<createdBy>ariel</createdBy>
<createdTime>2025-08-18 15:32:37 UTC</createdTime>
<ownerDesignName>Exp1_S1_Grupo4</ownerDesignName>
<pk>true</pk>
<indexState>Primary Constraint</indexState>
<isSurrogateKey>false</isSurrogateKey>
<indexColumnUsage>
<colUsage columnID="A396159C-2C50-F649-EE71-57D333D80D5F"/>
</indexColumnUsage>
</ind_PK_UK>
<ind_PK_UK id="54BA8FDD-79FB-74DE-7E42-645CC9A7148C" name="Reserva_Vuelo_FK">
<createdBy>ariel</createdBy>
<createdTime>2025-08-18 15:44:26 UTC</createdTime>
<ownerDesignName>Exp1_S1_Grupo4</ownerDesignName>
<indexState>Foreign Key</indexState>
<isSurrogateKey>false</isSurrogateKey>
<indexColumnUsage>
<colUsage columnID="C4B3BC1B-2FFF-563F-4578-750D9EE0EAEA"/>
</indexColumnUsage>
</ind_PK_UK>
<ind_PK_UK id="8146F6C1-0205-3559-E34D-9CF81ED5EF8D" name="Reserva_Pasajero_FK">
<createdBy>ariel</createdBy>
<createdTime>2025-08-18 15:52:45 UTC</createdTime>
<ownerDesignName>Exp1_S1_Grupo4</ownerDesignName>
<indexState>Foreign Key</indexState>
<isSurrogateKey>false</isSurrogateKey>
<indexColumnUsage>
<colUsage columnID="0ADFFC6E-9C21-1125-E683-1918B814C2F6"/>
</indexColumnUsage>
</ind_PK_UK>
<ind_PK_UK id="C9E268CA-CC76-475E-1634-C866EB4147FD" name="Reserva_Empleado_FK">
<createdBy>ariel</createdBy>
<createdTime>2025-08-18 15:53:41 UTC</createdTime>
<ownerDesignName>Exp1_S1_Grupo4</ownerDesignName>
<indexState>Foreign Key</indexState>
<isSurrogateKey>false</isSurrogateKey>
<indexColumnUsage>
<colUsage columnID="934141E3-D50F-7B0D-2F3D-F59E35D32C88"/>
</indexColumnUsage>
</ind_PK_UK>
</indexes>
</Table>