<?xml version = '1.0' encoding = 'UTF-8'?>
<FKIndexAssociation class="oracle.dbtools.crest.model.design.relational.FKIndexAssociation" directorySegmentName="seg_0" id="141BF1A0-76CB-1F16-C205-3B2F70590DCA" containerWithKeyObject="70AE4C28-3989-514D-AA47-4FA69BC0D9B0" localFKIndex="3AD29FC7-6E16-3B78-CABB-BA396A817768" name="CONTRATO_RESIDENCIA_FK">
<createdBy>ariel</createdBy>
<createdTime>2025-09-02 03:10:34 UTC</createdTime>
<generatorID>D9A3CF39-000E-FB5C-F10F-55D1CC851CDE</generatorID>
<ownerDesignName>Encargo_Semanal</ownerDesignName>
<referredTableLongName>RESIDENCIA</referredTableLongName>
<deleteRule>NO ACTION</deleteRule>
<referredTableID>B00F3F79-FB4E-C2AF-8F9D-34683FC7E965</referredTableID>
<keyObject>BCA9C845-9C6D-8F05-D8DE-EDBC5CEE14AD</keyObject>
<referredKeyID>BCA9C845-9C6D-8F05-D8DE-EDBC5CEE14AD</referredKeyID>
<mandatory>true</mandatory>
<refColNames>id_residencia</refColNames>
<transferable>false</transferable>
<rely>false</rely>
<columnDependencyConstraintGenerateInDDL>true</columnDependencyConstraintGenerateInDDL>
</FKIndexAssociation>