<?xml version = '1.0' encoding = 'UTF-8'?>
<FKIndexAssociation class="oracle.dbtools.crest.model.design.relational.FKIndexAssociation" directorySegmentName="seg_0" id="46E2179B-2608-2F6D-CE93-26E14C8FC4B2" containerWithKeyObject="FC310240-5DBF-6F83-1F51-6CE477563712" localFKIndex="3A8A9EE6-BD18-98F1-AE36-4EFF5CA26120" name="HABITACION_RESIDENCIA_FK">
<createdBy>ariel</createdBy>
<createdTime>2025-09-02 03:10:34 UTC</createdTime>
<generatorID>AE4DBE55-FEBE-BE5E-42F8-30D0C858E062</generatorID>
<ownerDesignName>Encargo_Semanal</ownerDesignName>
<referredTableLongName>RESIDENCIA</referredTableLongName>
<deleteRule>NO ACTION</deleteRule>
<referredTableID>B00F3F79-FB4E-C2AF-8F9D-34683FC7E965</referredTableID>
<keyObject>BCA9C845-9C6D-8F05-D8DE-EDBC5CEE14AD</keyObject>
<referredKeyID>BCA9C845-9C6D-8F05-D8DE-EDBC5CEE14AD</referredKeyID>
<mandatory>true</mandatory>
<refColNames>id_residencia</refColNames>
<transferable>false</transferable>
<rely>false</rely>
<columnDependencyConstraintGenerateInDDL>true</columnDependencyConstraintGenerateInDDL>
</FKIndexAssociation>