<?xml version = '1.0' encoding = 'UTF-8'?>
<FKIndexAssociation class="oracle.dbtools.crest.model.design.relational.FKIndexAssociation" directorySegmentName="seg_0" id="4FDF72DC-A14A-0ECE-3633-17DEA92F040C" containerWithKeyObject="5A93932E-A4DA-15B3-3673-285C1D242D4F" localFKIndex="8D1B70CE-EEFE-0636-216D-D1247DAB2132" name="ASIGNACION_HABITACION_RESIDENTE_FK">
<createdBy>ariel</createdBy>
<createdTime>2025-09-02 03:10:34 UTC</createdTime>
<generatorID>C1EA789F-60EB-8850-8BBB-69062BB58A0A</generatorID>
<ownerDesignName>Encargo_Semanal</ownerDesignName>
<referredTableLongName>RESIDENTE</referredTableLongName>
<deleteRule>NO ACTION</deleteRule>
<referredTableID>AB6285A4-3801-E28E-D945-6C43B64C6DC7</referredTableID>
<keyObject>165340F3-B2F9-6E23-6DC3-787BAC1621F6</keyObject>
<referredKeyID>165340F3-B2F9-6E23-6DC3-787BAC1621F6</referredKeyID>
<mandatory>false</mandatory>
<refColNames>rut1</refColNames>
<transferable>false</transferable>
<rely>false</rely>
<columnDependencyConstraintGenerateInDDL>true</columnDependencyConstraintGenerateInDDL>
</FKIndexAssociation>