<?xml version = '1.0' encoding = 'UTF-8'?>
<FKIndexAssociation class="oracle.dbtools.crest.model.design.relational.FKIndexAssociation" directorySegmentName="seg_0" id="5A3A6CFA-5A1F-F976-60EC-526AD8616F85" containerWithKeyObject="DF7707DF-88E2-1060-146D-B299B68CE997" localFKIndex="2218ABA1-B9E5-F336-3A7F-E9DCC44C68A3" name="ANEXO_RESIDENTE_FK">
<createdBy>ariel</createdBy>
<createdTime>2025-09-02 03:10:34 UTC</createdTime>
<generatorID>BB1DC192-FCDF-53E7-245F-6683014AB3A2</generatorID>
<ownerDesignName>Encargo_Semanal</ownerDesignName>
<referredTableLongName>RESIDENTE</referredTableLongName>
<deleteRule>NO ACTION</deleteRule>
<referredTableID>AB6285A4-3801-E28E-D945-6C43B64C6DC7</referredTableID>
<keyObject>165340F3-B2F9-6E23-6DC3-787BAC1621F6</keyObject>
<referredKeyID>165340F3-B2F9-6E23-6DC3-787BAC1621F6</referredKeyID>
<mandatory>true</mandatory>
<refColNames>rut1</refColNames>
<transferable>false</transferable>
<rely>false</rely>
<columnDependencyConstraintGenerateInDDL>true</columnDependencyConstraintGenerateInDDL>
</FKIndexAssociation>