<?xml version = '1.0' encoding = 'UTF-8'?>
<FKIndexAssociation class="oracle.dbtools.crest.model.design.relational.FKIndexAssociation" directorySegmentName="seg_0" id="661D3C01-2D6B-0E2F-1072-0CCC7642BCB9" containerWithKeyObject="DF7707DF-88E2-1060-146D-B299B68CE997" localFKIndex="A2ED0E4F-7A24-7B41-789D-C3AC8D2A25A2" name="ANEXO_CONTRATO_FK">
<createdBy>ariel</createdBy>
<createdTime>2025-09-02 03:10:34 UTC</createdTime>
<generatorID>69C93845-CB7A-8667-CEC2-FC78CEEF65EF</generatorID>
<ownerDesignName>Encargo_Semanal</ownerDesignName>
<referredTableLongName>CONTRATO</referredTableLongName>
<deleteRule>NO ACTION</deleteRule>
<referredTableID>70AE4C28-3989-514D-AA47-4FA69BC0D9B0</referredTableID>
<keyObject>B03BA6D4-BFE0-2024-2FDF-14F73D19EA64</keyObject>
<referredKeyID>B03BA6D4-BFE0-2024-2FDF-14F73D19EA64</referredKeyID>
<mandatory>true</mandatory>
<refColNames>id_contrato</refColNames>
<transferable>false</transferable>
<rely>false</rely>
<columnDependencyConstraintGenerateInDDL>true</columnDependencyConstraintGenerateInDDL>
</FKIndexAssociation>