<?xml version = '1.0' encoding = 'UTF-8'?>
<FKIndexAssociation class="oracle.dbtools.crest.model.design.relational.FKIndexAssociation" directorySegmentName="seg_0" id="66E16BCA-45F0-411A-DBB5-427107C5AC00" containerWithKeyObject="5A93932E-A4DA-15B3-3673-285C1D242D4F" localFKIndex="A14D3787-3A66-B59D-057A-298B53D86788" name="ASIGNACION_HABITACION_HABITACION_FK">
<createdBy>ariel</createdBy>
<createdTime>2025-09-02 03:10:34 UTC</createdTime>
<generatorID>79F32134-13EE-4F6F-FC30-D53A25082638</generatorID>
<ownerDesignName>Encargo_Semanal</ownerDesignName>
<referredTableLongName>HABITACION</referredTableLongName>
<deleteRule>NO ACTION</deleteRule>
<referredTableID>FC310240-5DBF-6F83-1F51-6CE477563712</referredTableID>
<keyObject>6BA6E943-0D6E-27E1-5CF2-33165450650D</keyObject>
<referredKeyID>6BA6E943-0D6E-27E1-5CF2-33165450650D</referredKeyID>
<mandatory>false</mandatory>
<refColNames>id_habitacion</refColNames>
<transferable>true</transferable>
<rely>false</rely>
<columnDependencyConstraintGenerateInDDL>true</columnDependencyConstraintGenerateInDDL>
</FKIndexAssociation>