<?xml version = '1.0' encoding = 'UTF-8'?>
<FKIndexAssociation class="oracle.dbtools.crest.model.design.relational.FKIndexAssociation" directorySegmentName="seg_0" id="72CFAA57-1093-FC10-20F0-8C204247001B" containerWithKeyObject="AB6285A4-3801-E28E-D945-6C43B64C6DC7" localFKIndex="489A8E94-BC45-0B95-5526-499296EB2DE1" name="RESIDENTE_PERSONA_FK">
<createdBy>ariel</createdBy>
<createdTime>2025-09-02 03:10:34 UTC</createdTime>
<generatorID>98E7AE31-B147-107D-CDE5-4AA7708A45BA</generatorID>
<ownerDesignName>Encargo_Semanal</ownerDesignName>
<referredTableLongName>PERSONA</referredTableLongName>
<arc>986DB2B8-0697-BE0C-941A-0DA3FD0AC5DE</arc>
<deleteRule>NO ACTION</deleteRule>
<referredTableID>81442AB4-043B-0771-234D-6E51441B21B3</referredTableID>
<keyObject>9530F778-651B-80D3-726E-245DC9C69D33</keyObject>
<referredKeyID>9530F778-651B-80D3-726E-245DC9C69D33</referredKeyID>
<mandatory>true</mandatory>
<refColNames>rut</refColNames>
<transferable>true</transferable>
<rely>false</rely>
<columnDependencyConstraintGenerateInDDL>true</columnDependencyConstraintGenerateInDDL>
</FKIndexAssociation>