<?xml version = '1.0' encoding = 'UTF-8'?>
<FKIndexAssociation class="oracle.dbtools.crest.model.design.relational.FKIndexAssociation" directorySegmentName="seg_0" id="847E9966-5F07-AFB2-3672-2D07D7871C03" containerWithKeyObject="FB5C8D08-E58F-79B9-373D-60F7F84CF287" localFKIndex="2652A8BC-76F5-089E-57F8-0F47DBC7E7FB" name="PERMANENTE_RESIDENTE_FK">
<createdBy>ariel</createdBy>
<createdTime>2025-09-02 03:10:34 UTC</createdTime>
<generatorID>03C3DC1C-D01F-8EAB-756B-85C28FC93514</generatorID>
<ownerDesignName>Encargo_Semanal</ownerDesignName>
<referredTableLongName>RESIDENTE</referredTableLongName>
<arc>2F08C52A-DACA-3260-25CA-B9853609D8C2</arc>
<deleteRule>NO ACTION</deleteRule>
<referredTableID>AB6285A4-3801-E28E-D945-6C43B64C6DC7</referredTableID>
<keyObject>D17995C5-B6DA-24EC-20C8-D05E37B25555</keyObject>
<referredKeyID>D17995C5-B6DA-24EC-20C8-D05E37B25555</referredKeyID>
<mandatory>true</mandatory>
<refColNames>rut</refColNames>
<transferable>true</transferable>
<rely>false</rely>
<columnDependencyConstraintGenerateInDDL>true</columnDependencyConstraintGenerateInDDL>
</FKIndexAssociation>