<?xml version = '1.0' encoding = 'UTF-8'?>
<FKIndexAssociation class="oracle.dbtools.crest.model.design.relational.FKIndexAssociation" directorySegmentName="seg_0" id="97BE8657-B495-B253-6986-27C8DCC2E29B" containerWithKeyObject="E0168FB2-ADFA-6A9A-7EC0-86E456FBAFAF" localFKIndex="6932DB52-42A5-FB3B-F655-8901FFEA73F6" name="APODERADO_PERSONA_FK">
<createdBy>ariel</createdBy>
<createdTime>2025-09-02 03:10:34 UTC</createdTime>
<generatorID>752A6D68-DAC0-3D73-BCF9-075230CEC594</generatorID>
<ownerDesignName>Encargo_Semanal</ownerDesignName>
<referredTableLongName>PERSONA</referredTableLongName>
<arc>986DB2B8-0697-BE0C-941A-0DA3FD0AC5DE</arc>
<deleteRule>NO ACTION</deleteRule>
<referredTableID>81442AB4-043B-0771-234D-6E51441B21B3</referredTableID>
<keyObject>9530F778-651B-80D3-726E-245DC9C69D33</keyObject>
<referredKeyID>9530F778-651B-80D3-726E-245DC9C69D33</referredKeyID>
<mandatory>true</mandatory>
<refColNames>rut</refColNames>
<transferable>true</transferable>
<rely>false</rely>
<columnDependencyConstraintGenerateInDDL>true</columnDependencyConstraintGenerateInDDL>
</FKIndexAssociation>