<?xml version = '1.0' encoding = 'UTF-8'?>
<FKIndexAssociation class="oracle.dbtools.crest.model.design.relational.FKIndexAssociation" directorySegmentName="seg_0" id="9D0116C9-897F-7CB9-B871-25F6E7C5F856" containerWithKeyObject="DF6DC47C-52AA-A2B1-A0B3-CCAFE7E56543" localFKIndex="FD0AB6A8-FF33-3DF3-AEFE-33D3766A3CA9" name="MEDICO_PERSONAL_FK">
<createdBy>ariel</createdBy>
<createdTime>2025-09-02 03:10:34 UTC</createdTime>
<generatorID>0C1B2615-6610-A156-2CDB-A5BFD69E9433</generatorID>
<ownerDesignName>Encargo_Semanal</ownerDesignName>
<referredTableLongName>PERSONAL</referredTableLongName>
<arc>B95B95ED-D238-3A5D-086E-10910D6FB11F</arc>
<deleteRule>NO ACTION</deleteRule>
<referredTableID>DD2042A8-CDF9-71D8-264A-2E1FFAE6A00A</referredTableID>
<keyObject>F51573A1-058E-2757-D4F7-DC60BC0B415E</keyObject>
<referredKeyID>F51573A1-058E-2757-D4F7-DC60BC0B415E</referredKeyID>
<mandatory>true</mandatory>
<refColNames>rut</refColNames>
<transferable>true</transferable>
<rely>false</rely>
<columnDependencyConstraintGenerateInDDL>true</columnDependencyConstraintGenerateInDDL>
</FKIndexAssociation>