<?xml version = '1.0' encoding = 'UTF-8'?>
<FKIndexAssociation class="oracle.dbtools.crest.model.design.relational.FKIndexAssociation" directorySegmentName="seg_0" id="A1B98927-379D-8916-87F0-D834C988A4D0" containerWithKeyObject="AB6285A4-3801-E28E-D945-6C43B64C6DC7" localFKIndex="AE680789-5A62-9A81-93E3-68DB4EE68A09" name="RESIDENTE_ANEXO_FK">
<createdBy>ariel</createdBy>
<createdTime>2025-09-02 03:10:34 UTC</createdTime>
<generatorID>BB1DC192-FCDF-53E7-245F-6683014AB3A2</generatorID>
<ownerDesignName>Encargo_Semanal</ownerDesignName>
<referredTableLongName>ANEXO</referredTableLongName>
<deleteRule>NO ACTION</deleteRule>
<referredTableID>DF7707DF-88E2-1060-146D-B299B68CE997</referredTableID>
<keyObject>DD1E79D6-859C-A49B-4103-7C50C8EFE3B7</keyObject>
<referredKeyID>DD1E79D6-859C-A49B-4103-7C50C8EFE3B7</referredKeyID>
<mandatory>true</mandatory>
<refColNames>id_anexo</refColNames>
<transferable>false</transferable>
<rely>false</rely>
<columnDependencyConstraintGenerateInDDL>true</columnDependencyConstraintGenerateInDDL>
</FKIndexAssociation>