<?xml version = '1.0' encoding = 'UTF-8'?>
<FKIndexAssociation class="oracle.dbtools.crest.model.design.relational.FKIndexAssociation" directorySegmentName="seg_0" id="AFB3961D-35C0-DA08-2BCF-60FA1AF31945" containerWithKeyObject="DF6DC47C-52AA-A2B1-A0B3-CCAFE7E56543" localFKIndex="4B19E11D-EB7E-A146-E3AD-4E11260F6D7D" name="MEDICO_MEDICO_FK">
<createdBy>ariel</createdBy>
<createdTime>2025-09-02 03:10:34 UTC</createdTime>
<generatorID>28E6FFBB-CE24-6400-04B0-6F7A7C70BD3E</generatorID>
<ownerDesignName>Encargo_Semanal</ownerDesignName>
<referredTableLongName>MEDICO</referredTableLongName>
<deleteRule>NO ACTION</deleteRule>
<referredTableID>DF6DC47C-52AA-A2B1-A0B3-CCAFE7E56543</referredTableID>
<keyObject>33C49E8D-85C0-B0E8-A50D-CC8506692746</keyObject>
<referredKeyID>33C49E8D-85C0-B0E8-A50D-CC8506692746</referredKeyID>
<mandatory>true</mandatory>
<transferable>true</transferable>
<rely>false</rely>
<columnDependencyConstraintGenerateInDDL>true</columnDependencyConstraintGenerateInDDL>
</FKIndexAssociation>