<?xml version = '1.0' encoding = 'UTF-8'?>
<FKIndexAssociation class="oracle.dbtools.crest.model.design.relational.FKIndexAssociation" directorySegmentName="seg_0" id="B92ED1AB-7EF0-7CB3-859C-0EE2846FD4C8" containerWithKeyObject="DD2042A8-CDF9-71D8-264A-2E1FFAE6A00A" localFKIndex="5AE4AA62-B81F-4A26-F68B-39C74C1ADE83" name="PERSONAL_RESIDENCIA_FK">
<createdBy>ariel</createdBy>
<createdTime>2025-09-02 03:10:34 UTC</createdTime>
<generatorID>97406BE0-3E36-AE4B-DB36-DD1A22078CCC</generatorID>
<ownerDesignName>Encargo_Semanal</ownerDesignName>
<referredTableLongName>RESIDENCIA</referredTableLongName>
<deleteRule>NO ACTION</deleteRule>
<referredTableID>B00F3F79-FB4E-C2AF-8F9D-34683FC7E965</referredTableID>
<keyObject>BCA9C845-9C6D-8F05-D8DE-EDBC5CEE14AD</keyObject>
<referredKeyID>BCA9C845-9C6D-8F05-D8DE-EDBC5CEE14AD</referredKeyID>
<mandatory>true</mandatory>
<refColNames>id_residencia</refColNames>
<transferable>true</transferable>
<rely>false</rely>
<columnDependencyConstraintGenerateInDDL>true</columnDependencyConstraintGenerateInDDL>
</FKIndexAssociation>