<?xml version = '1.0' encoding = 'UTF-8'?>
<FKIndexAssociation class="oracle.dbtools.crest.model.design.relational.FKIndexAssociation" directorySegmentName="seg_0" id="CDB3D9E4-A795-4F8C-4B3F-3DBE2AEFA772" containerWithKeyObject="B00F3F79-FB4E-C2AF-8F9D-34683FC7E965" localFKIndex="DCD65441-7877-7D30-72A7-A6529FA1E15D" name="RESIDENCIA_COMUNA_FK">
<createdBy>ariel</createdBy>
<createdTime>2025-09-02 03:10:34 UTC</createdTime>
<generatorID>B43FA53C-F346-90EF-7144-FA1DC95A5511</generatorID>
<ownerDesignName>Encargo_Semanal</ownerDesignName>
<referredTableLongName>COMUNA</referredTableLongName>
<deleteRule>NO ACTION</deleteRule>
<referredTableID>C4302AE8-107A-3EE0-B583-9FBD669FD205</referredTableID>
<keyObject>C0BF3E4B-6A94-3230-61EA-95EB07004867</keyObject>
<referredKeyID>C0BF3E4B-6A94-3230-61EA-95EB07004867</referredKeyID>
<mandatory>false</mandatory>
<refColNames>id_comuna</refColNames>
<transferable>true</transferable>
<rely>false</rely>
<columnDependencyConstraintGenerateInDDL>true</columnDependencyConstraintGenerateInDDL>
</FKIndexAssociation>