<?xml version = '1.0' encoding = 'UTF-8'?>
<FKIndexAssociation class="oracle.dbtools.crest.model.design.relational.FKIndexAssociation" directorySegmentName="seg_0" id="E2486155-B4C4-BD76-AE75-9944208B4247" containerWithKeyObject="255B2794-842D-5C0B-25DA-1836B4BCDB01" localFKIndex="420E5608-E9DB-DB69-7488-0B18EA2BF7BC" name="TEMPORAL_RESIDENTE_FK">
<createdBy>ariel</createdBy>
<createdTime>2025-09-02 03:10:34 UTC</createdTime>
<generatorID>D753E120-FCB5-2393-ED03-2B950B521EAD</generatorID>
<ownerDesignName>Encargo_Semanal</ownerDesignName>
<referredTableLongName>RESIDENTE</referredTableLongName>
<arc>2F08C52A-DACA-3260-25CA-B9853609D8C2</arc>
<deleteRule>NO ACTION</deleteRule>
<referredTableID>AB6285A4-3801-E28E-D945-6C43B64C6DC7</referredTableID>
<keyObject>D17995C5-B6DA-24EC-20C8-D05E37B25555</keyObject>
<referredKeyID>D17995C5-B6DA-24EC-20C8-D05E37B25555</referredKeyID>
<mandatory>true</mandatory>
<refColNames>rut</refColNames>
<transferable>true</transferable>
<rely>false</rely>
<columnDependencyConstraintGenerateInDDL>true</columnDependencyConstraintGenerateInDDL>
</FKIndexAssociation>