<?xml version = '1.0' encoding = 'UTF-8'?>
<FKIndexAssociation class="oracle.dbtools.crest.model.design.relational.FKIndexAssociation" directorySegmentName="seg_0" id="EB826CA7-1F70-CD9F-7AA6-C15E590C2725" containerWithKeyObject="CD053FD1-62D2-E2FE-DF37-A3F70EF0C0BE" localFKIndex="F19F6A5A-90F7-2CF1-150F-8C277D13C01C" name="CUIDADOR_PERSONAL_FK">
<createdBy>ariel</createdBy>
<createdTime>2025-09-02 03:10:34 UTC</createdTime>
<generatorID>519B559D-C30C-2539-9271-61D0F71B3709</generatorID>
<ownerDesignName>Encargo_Semanal</ownerDesignName>
<referredTableLongName>PERSONAL</referredTableLongName>
<arc>B95B95ED-D238-3A5D-086E-10910D6FB11F</arc>
<deleteRule>NO ACTION</deleteRule>
<referredTableID>DD2042A8-CDF9-71D8-264A-2E1FFAE6A00A</referredTableID>
<keyObject>F51573A1-058E-2757-D4F7-DC60BC0B415E</keyObject>
<referredKeyID>F51573A1-058E-2757-D4F7-DC60BC0B415E</referredKeyID>
<mandatory>true</mandatory>
<refColNames>rut</refColNames>
<transferable>true</transferable>
<rely>false</rely>
<columnDependencyConstraintGenerateInDDL>true</columnDependencyConstraintGenerateInDDL>
</FKIndexAssociation>