<?xml version = '1.0' encoding = 'UTF-8'?>
<FKIndexAssociation class="oracle.dbtools.crest.model.design.relational.FKIndexAssociation" directorySegmentName="seg_0" id="F24D99FD-89DA-C064-3234-B8E72BB347A3" containerWithKeyObject="70AE4C28-3989-514D-AA47-4FA69BC0D9B0" localFKIndex="D858DEF2-5C43-1157-9391-12E0B02632C5" name="CONTRATO_APODERADO_FK">
<createdBy>ariel</createdBy>
<createdTime>2025-09-02 03:10:34 UTC</createdTime>
<generatorID>A754C939-47C0-B26E-4BCA-FE6FF216B61C</generatorID>
<ownerDesignName>Encargo_Semanal</ownerDesignName>
<referredTableLongName>APODERADO</referredTableLongName>
<deleteRule>NO ACTION</deleteRule>
<referredTableID>E0168FB2-ADFA-6A9A-7EC0-86E456FBAFAF</referredTableID>
<keyObject>7F3276BF-026A-974F-EC32-0579D83FA5D0</keyObject>
<referredKeyID>7F3276BF-026A-974F-EC32-0579D83FA5D0</referredKeyID>
<mandatory>true</mandatory>
<refColNames>rut1</refColNames>
<transferable>true</transferable>
<rely>false</rely>
<columnDependencyConstraintGenerateInDDL>true</columnDependencyConstraintGenerateInDDL>
</FKIndexAssociation>