<?xml version = '1.0' encoding = 'UTF-8'?>
<Diagram class="oracle.dbtools.crest.swingui.logical.DPVLogical" name="Logical" id="57595EE8-316F-A5A3-7216-E21C9206591E">
<createdBy>ariel</createdBy>
<modifiedBy>ariel</modifiedBy>
<createdTime>2025-08-18 13:59:57 UTC</createdTime>
<autoRoute>false</autoRoute>
<boxInbox>true</boxInbox>
<showLegend>false</showLegend>
<showLabels>false</showLabels>
<showRelAttributes>false</showRelAttributes>
<gridEnabled>false</gridEnabled>
<showGrid>false</showGrid>
<diagramColor>-1</diagramColor>
<display>false</display>
<notation>1</notation>
<objectViews>
<OView class="oracle.dbtools.crest.swingui.logical.TVEntity" oid="070EB8B4-9438-689A-83AA-2D367D42DCCC" otype="Entity" vid="12CD11D1-71A6-D591-9A87-8152B1A54A19">
<hideElementsInCurrentOnly>false</hideElementsInCurrentOnly>
<bounds x="24" y="236" width="147" height="100"/>
</OView>
<OView class="oracle.dbtools.crest.swingui.logical.TVEntity" oid="18ADAA10-960A-9829-FEB7-CCAE17A2CC75" otype="Entity" vid="3BA0ECF2-3E78-D1E6-BAF7-E8E9B153D946">
<hideElementsInCurrentOnly>false</hideElementsInCurrentOnly>
<bounds x="242" y="23" width="142" height="140"/>
</OView>
<OView class="oracle.dbtools.crest.swingui.logical.TVEntity" oid="4A26C838-CCB5-464A-74E2-1BD7F72F953B" otype="Entity" vid="90A231A7-B146-D9A0-80F2-6030BD617EF5">
<hideElementsInCurrentOnly>false</hideElementsInCurrentOnly>
<bounds x="462" y="174" width="152" height="166"/>
</OView>
<OView class="oracle.dbtools.crest.swingui.logical.TVEntity" oid="E7FBD23D-EA38-C539-581E-D103F7F60DE4" otype="Entity" vid="83E321F6-433B-05D9-2F73-0BF911857443">
<hideElementsInCurrentOnly>false</hideElementsInCurrentOnly>
<bounds x="246" y="224" width="134" height="116"/>
</OView>
</objectViews>
<connectors>
<Connector class="oracle.dbtools.crest.swingui.logical.TVRelation" oid="0554375E-BD1A-2CDD-8AE2-306BF79DDA73" otype="Relation" vid_source="90A231A7-B146-D9A0-80F2-6030BD617EF5" vid_target="83E321F6-433B-05D9-2F73-0BF911857443">
<hideElementsInCurrentOnly>false</hideElementsInCurrentOnly>
<backgroundColor>-16777216</backgroundColor>
<lineWidth>1</lineWidth>
<points>
<point x="462" y="297"/>
<point x="380" y="297"/>
</points>
</Connector>
<Connector class="oracle.dbtools.crest.swingui.logical.TVRelation" oid="3C27ED36-A831-A87C-D7C9-0632E3B4ACE7" otype="Relation" vid_source="3BA0ECF2-3E78-D1E6-BAF7-E8E9B153D946" vid_target="83E321F6-433B-05D9-2F73-0BF911857443">
<hideElementsInCurrentOnly>false</hideElementsInCurrentOnly>
<backgroundColor>-16777216</backgroundColor>
<lineWidth>1</lineWidth>
<points>
<point x="328" y="163"/>
<point x="328" y="224"/>
</points>
</Connector>
<Connector class="oracle.dbtools.crest.swingui.logical.TVRelation" oid="DF246FA3-FA7D-A503-2111-1FCDC73B90ED" otype="Relation" vid_source="12CD11D1-71A6-D591-9A87-8152B1A54A19" vid_target="83E321F6-433B-05D9-2F73-0BF911857443">
<hideElementsInCurrentOnly>false</hideElementsInCurrentOnly>
<backgroundColor>-16777216</backgroundColor>
<lineWidth>1</lineWidth>
<points>
<point x="171" y="271"/>
<point x="246" y="271"/>
</points>
</Connector>
</connectors>
</Diagram>