<?xml version = '1.0' encoding = 'UTF-8'?>
<Diagram class="oracle.dbtools.crest.swingui.logical.DPVLogicalSubView" name="Logical - SubView_1" id="15462A00-6476-77F5-3F46-49E5496C1506">
<createdBy>ariel</createdBy>
<modifiedBy>ariel</modifiedBy>
<createdTime>2025-08-28 14:45:01 UTC</createdTime>
<autoRoute>false</autoRoute>
<boxInbox>true</boxInbox>
<showLegend>false</showLegend>
<showLabels>false</showLabels>
<showRelAttributes>false</showRelAttributes>
<gridEnabled>false</gridEnabled>
<showGrid>false</showGrid>
<diagramColor>-1</diagramColor>
<display>false</display>
<notation>1</notation>
<objectViews>
<OView class="oracle.dbtools.crest.swingui.logical.TVEntity" oid="F945CA34-0E0E-DB48-F6B0-F852172D7FCA" otype="Entity" vid="FC05D8CB-BAE2-B4DB-C997-08685F878D20">
<hideElementsInCurrentOnly>false</hideElementsInCurrentOnly>
<bounds x="786" y="47" width="615" height="556"/>
</OView>
</objectViews>
</Diagram>