<?xml version = '1.0' encoding = 'UTF-8'?>
<Diagram class="oracle.dbtools.crest.swingui.logical.DPVLogical" name="Logical" id="2CFDCF06-23E4-CF85-902C-D834AAD94DDF">
<createdBy>ariel</createdBy>
<modifiedBy>ariel</modifiedBy>
<createdTime>2025-08-27 23:36:13 UTC</createdTime>
<autoRoute>false</autoRoute>
<boxInbox>true</boxInbox>
<showLegend>false</showLegend>
<showLabels>false</showLabels>
<showRelAttributes>false</showRelAttributes>
<gridEnabled>false</gridEnabled>
<showGrid>false</showGrid>
<diagramColor>-1</diagramColor>
<display>false</display>
<notation>1</notation>
<objectViews>
<OView class="oracle.dbtools.crest.swingui.logical.TVEntity" oid="029CD5C3-ADAF-C013-1ED9-80AFA2455CC9" otype="Entity" vid="5348E6DC-500A-EC17-AD6B-23FC73C0C0EE">
<hideElementsInCurrentOnly>false</hideElementsInCurrentOnly>
<bounds x="1730" y="104" width="150" height="91"/>
</OView>
<OView class="oracle.dbtools.crest.swingui.logical.TVEntity" oid="10F45CA9-C825-852E-56C1-AA425DA55EE9" otype="Entity" vid="2D98D022-A340-4A0E-BEAC-BB8586059123">
<hideElementsInCurrentOnly>false</hideElementsInCurrentOnly>
<bounds x="1195" y="101" width="170" height="110"/>
</OView>
<OView class="oracle.dbtools.crest.swingui.logical.TVEntity" oid="1E9B344A-F838-7B96-8E6A-FE488B62E37F" otype="Entity" vid="3EF8F43F-D682-D753-A4A4-082EBBA12581">
<hideElementsInCurrentOnly>false</hideElementsInCurrentOnly>
<bounds x="1730" y="228" width="154" height="96"/>
</OView>
<OView class="oracle.dbtools.crest.swingui.logical.TVEntity" oid="2A6FEABE-32C9-F4E4-966A-2768BFC5FB42" otype="Entity" vid="B7F27494-431D-B08E-D901-E81FC69361BB">
<hideElementsInCurrentOnly>false</hideElementsInCurrentOnly>
<bounds x="1692" y="718" width="170" height="111"/>
</OView>
<OView class="oracle.dbtools.crest.swingui.logical.TVEntity" oid="84D5AC33-F7EE-65DD-AF9C-10CF1F9756FE" otype="Entity" vid="84DF97A8-C9C7-5074-204A-B013A686E222">
<hideElementsInCurrentOnly>false</hideElementsInCurrentOnly>
<bounds x="1013" y="627" width="367" height="334"/>
</OView>
<OView class="oracle.dbtools.crest.swingui.logical.TVEntity" oid="8BE25DD8-7570-4DCE-4AB0-7E519BB9CF53" otype="Entity" vid="D84D5D21-73F0-4B6E-E4C8-AFC474080829">
<hideElementsInCurrentOnly>false</hideElementsInCurrentOnly>
<bounds x="457" y="438" width="201" height="154"/>
</OView>
<OView class="oracle.dbtools.crest.swingui.logical.TVEntity" oid="9E871D9B-B4EB-6516-A159-B34D8C9F1B75" otype="Entity" vid="402459EA-42BA-73DC-77DD-84CB928832B8">
<hideElementsInCurrentOnly>false</hideElementsInCurrentOnly>
<bounds x="1608" y="75" width="286" height="279"/>
</OView>
<OView class="oracle.dbtools.crest.swingui.logical.TVEntity" oid="ADE2E243-3D47-11DC-0562-150016D4B813" otype="Entity" vid="2A7914DE-7032-EB30-0ECC-66C5DADF5655">
<hideElementsInCurrentOnly>false</hideElementsInCurrentOnly>
<bounds x="1160" y="684" width="170" height="110"/>
</OView>
<OView class="oracle.dbtools.crest.swingui.logical.TVEntity" oid="C6F7DDF3-6874-D298-BDF7-71521FEE8DD1" otype="Entity" vid="352BAC68-E091-C9BB-4BDA-FD868072EB92">
<hideElementsInCurrentOnly>false</hideElementsInCurrentOnly>
<bounds x="1024" y="81" width="351" height="280"/>
</OView>
<OView class="oracle.dbtools.crest.swingui.logical.TVEntity" oid="CDA4F858-746B-0BDE-6EA0-9178B9D00721" otype="Entity" vid="6477F704-13A4-F0A9-1578-BB2195FE920D">
<hideElementsInCurrentOnly>false</hideElementsInCurrentOnly>
<bounds x="1195" y="240" width="170" height="110"/>
</OView>
<OView class="oracle.dbtools.crest.swingui.logical.TVEntity" oid="D2E473BA-ACCD-1FA6-9CD7-6FFAEA30E4C3" otype="Entity" vid="1B3F1670-5B97-0740-879A-BF982D2B5C14">
<hideElementsInCurrentOnly>false</hideElementsInCurrentOnly>
<bounds x="1162" y="812" width="170" height="110"/>
</OView>
<OView class="oracle.dbtools.crest.swingui.logical.TVEntity" oid="F599E98D-7EA6-0693-4B9A-7E33A429E47A" otype="Entity" vid="65505EEA-0217-3949-283C-CE2547B1EDD4">
<hideElementsInCurrentOnly>false</hideElementsInCurrentOnly>
<bounds x="1177" y="419" width="170" height="110"/>
</OView>
<OView class="oracle.dbtools.crest.swingui.logical.TVEntity" oid="F945CA34-0E0E-DB48-F6B0-F852172D7FCA" otype="Entity" vid="9F1C428B-8279-2487-3633-D0C50F8BD7F2">
<hideElementsInCurrentOnly>false</hideElementsInCurrentOnly>
<bounds x="786" y="47" width="615" height="952"/>
</OView>
<OView class="oracle.dbtools.crest.swingui.logical.TVEntity" oid="FBE94FFA-F6BD-272D-2FBB-04E3E3BA5016" otype="Entity" vid="3C15927D-8FCB-4221-FE73-FB78A71D9C04">
<hideElementsInCurrentOnly>false</hideElementsInCurrentOnly>
<bounds x="1692" y="969" width="170" height="111"/>
</OView>
<OView class="oracle.dbtools.crest.swingui.logical.TVEntity" oid="FE017FEA-9CF7-72BD-C918-2309283B8B1B" otype="Entity" vid="7A53E29B-9714-B968-4B7A-DF13BFF3198E">
<hideElementsInCurrentOnly>false</hideElementsInCurrentOnly>
<bounds x="454" y="189" width="200" height="155"/>
</OView>
</objectViews>
<connectors>
<Connector class="oracle.dbtools.crest.swingui.logical.TVRelation" oid="031C9EE8-CA0E-FF50-EA80-86DA6DB5142E" otype="Relation" vid_source="9F1C428B-8279-2487-3633-D0C50F8BD7F2" vid_target="352BAC68-E091-C9BB-4BDA-FD868072EB92">
<hideElementsInCurrentOnly>false</hideElementsInCurrentOnly>
<backgroundColor>-16777216</backgroundColor>
<lineWidth>1</lineWidth>
<points>
<point x="1401" y="221"/>
<point x="1024" y="221"/>
</points>
</Connector>
<Connector class="oracle.dbtools.crest.swingui.logical.TVRelation" oid="12702F8C-D8F0-BD5E-F325-0711F7ADB561" otype="Relation" vid_source="1B3F1670-5B97-0740-879A-BF982D2B5C14" vid_target="1B3F1670-5B97-0740-879A-BF982D2B5C14">
<hideElementsInCurrentOnly>false</hideElementsInCurrentOnly>
<backgroundColor>-16777216</backgroundColor>
<lineWidth>1</lineWidth>
<points>
<point x="1332" y="876"/>
<point x="1382" y="876"/>
<point x="1382" y="972"/>
<point x="1262" y="972"/>
<point x="1262" y="922"/>
</points>
</Connector>
<Connector class="oracle.dbtools.crest.swingui.logical.TVInheritanceRelation" oid="162890AB-2C8F-0794-F34B-2D92B80E69E4" otype="Hierarchy relation" vid_source="9F1C428B-8279-2487-3633-D0C50F8BD7F2" vid_target="352BAC68-E091-C9BB-4BDA-FD868072EB92">
<hideElementsInCurrentOnly>false</hideElementsInCurrentOnly>
<backgroundColor>-65536</backgroundColor>
<lineWidth>1</lineWidth>
</Connector>
<Connector class="oracle.dbtools.crest.swingui.logical.TVRelation" oid="198F0F78-790A-35A7-55D6-EBF4AC1392FB" otype="Relation" vid_source="352BAC68-E091-C9BB-4BDA-FD868072EB92" vid_target="402459EA-42BA-73DC-77DD-84CB928832B8">
<hideElementsInCurrentOnly>false</hideElementsInCurrentOnly>
<backgroundColor>-16777216</backgroundColor>
<lineWidth>1</lineWidth>
<points>
<point x="1375" y="232"/>
<point x="1608" y="232"/>
</points>
</Connector>
<Connector class="oracle.dbtools.crest.swingui.logical.TVRelation" oid="19E1595E-316F-BB1E-99A1-2EA2DA5DBCDE" otype="Relation" vid_source="B7F27494-431D-B08E-D901-E81FC69361BB" vid_target="402459EA-42BA-73DC-77DD-84CB928832B8">
<hideElementsInCurrentOnly>false</hideElementsInCurrentOnly>
<backgroundColor>-16777216</backgroundColor>
<lineWidth>1</lineWidth>
<points>
<point x="1777" y="718"/>
<point x="1777" y="354"/>
</points>
</Connector>
<Connector class="oracle.dbtools.crest.swingui.logical.TVRelation" oid="1C3E68BF-C870-2E50-ACD2-8C8980F4DFF4" otype="Relation" vid_source="D84D5D21-73F0-4B6E-E4C8-AFC474080829" vid_target="7A53E29B-9714-B968-4B7A-DF13BFF3198E">
<hideElementsInCurrentOnly>false</hideElementsInCurrentOnly>
<backgroundColor>-16777216</backgroundColor>
<lineWidth>1</lineWidth>
<points>
<point x="555" y="438"/>
<point x="555" y="344"/>
</points>
</Connector>
<Connector class="oracle.dbtools.crest.swingui.logical.TVRelation" oid="2C9F8425-5BA1-3470-0502-D261D7C44515" otype="Relation" vid_source="9F1C428B-8279-2487-3633-D0C50F8BD7F2" vid_target="65505EEA-0217-3949-283C-CE2547B1EDD4">
<hideElementsInCurrentOnly>false</hideElementsInCurrentOnly>
<backgroundColor>-16777216</backgroundColor>
<lineWidth>1</lineWidth>
<points>
<point x="1401" y="459"/>
<point x="1177" y="459"/>
</points>
</Connector>
<Connector class="oracle.dbtools.crest.swingui.logical.TVInheritanceRelation" oid="385E750D-F122-A4E5-7FE3-0DA7E33541CA" otype="Hierarchy relation" vid_source="402459EA-42BA-73DC-77DD-84CB928832B8" vid_target="3EF8F43F-D682-D753-A4A4-082EBBA12581">
<hideElementsInCurrentOnly>false</hideElementsInCurrentOnly>
<backgroundColor>-65536</backgroundColor>
<lineWidth>1</lineWidth>
</Connector>
<Connector class="oracle.dbtools.crest.swingui.logical.TVRelation" oid="3BD4B076-2E5B-DE7B-5577-37A00F2F70AB" otype="Relation" vid_source="B7F27494-431D-B08E-D901-E81FC69361BB" vid_target="84DF97A8-C9C7-5074-204A-B013A686E222">
<hideElementsInCurrentOnly>false</hideElementsInCurrentOnly>
<backgroundColor>-16777216</backgroundColor>
<lineWidth>1</lineWidth>
<points>
<point x="1692" y="773"/>
<point x="1380" y="773"/>
</points>
</Connector>
<Connector class="oracle.dbtools.crest.swingui.logical.TVInheritanceRelation" oid="44A21DC0-9FAE-3642-DD26-6D27B07B3BBF" otype="Hierarchy relation" vid_source="402459EA-42BA-73DC-77DD-84CB928832B8" vid_target="5348E6DC-500A-EC17-AD6B-23FC73C0C0EE">
<hideElementsInCurrentOnly>false</hideElementsInCurrentOnly>
<backgroundColor>-65536</backgroundColor>
<lineWidth>1</lineWidth>
</Connector>
<Connector class="oracle.dbtools.crest.swingui.logical.TVInheritanceRelation" oid="49DAABBC-C8C0-8A3D-1631-117C5DD89673" otype="Hierarchy relation" vid_source="352BAC68-E091-C9BB-4BDA-FD868072EB92" vid_target="2D98D022-A340-4A0E-BEAC-BB8586059123">
<hideElementsInCurrentOnly>false</hideElementsInCurrentOnly>
<backgroundColor>-65536</backgroundColor>
<lineWidth>1</lineWidth>
</Connector>
<Connector class="oracle.dbtools.crest.swingui.logical.TVInheritanceRelation" oid="5A7ACEB5-28F2-EB92-D91E-CAABA42CA52C" otype="Hierarchy relation" vid_source="84DF97A8-C9C7-5074-204A-B013A686E222" vid_target="1B3F1670-5B97-0740-879A-BF982D2B5C14">
<hideElementsInCurrentOnly>false</hideElementsInCurrentOnly>
<backgroundColor>-65536</backgroundColor>
<lineWidth>1</lineWidth>
</Connector>
<Connector class="oracle.dbtools.crest.swingui.logical.TVRelation" oid="B1C7D6B4-62F6-3C1B-15C3-035268458A13" otype="Relation" vid_source="3C15927D-8FCB-4221-FE73-FB78A71D9C04" vid_target="B7F27494-431D-B08E-D901-E81FC69361BB">
<hideElementsInCurrentOnly>false</hideElementsInCurrentOnly>
<backgroundColor>-16777216</backgroundColor>
<lineWidth>1</lineWidth>
<points>
<point x="1777" y="969"/>
<point x="1777" y="829"/>
</points>
</Connector>
<Connector class="oracle.dbtools.crest.swingui.logical.TVInheritanceRelation" oid="C1C55363-205D-0E91-6874-78AFECF0DFF2" otype="Hierarchy relation" vid_source="352BAC68-E091-C9BB-4BDA-FD868072EB92" vid_target="6477F704-13A4-F0A9-1578-BB2195FE920D">
<hideElementsInCurrentOnly>false</hideElementsInCurrentOnly>
<backgroundColor>-65536</backgroundColor>
<lineWidth>1</lineWidth>
</Connector>
<Connector class="oracle.dbtools.crest.swingui.logical.TVRelation" oid="CA081492-9D9D-D0C0-506F-F9B661DA5A90" otype="Relation" vid_source="65505EEA-0217-3949-283C-CE2547B1EDD4" vid_target="D84D5D21-73F0-4B6E-E4C8-AFC474080829">
<hideElementsInCurrentOnly>false</hideElementsInCurrentOnly>
<backgroundColor>-16777216</backgroundColor>
<lineWidth>1</lineWidth>
<points>
<point x="1177" y="483"/>
<point x="658" y="483"/>
</points>
</Connector>
<Connector class="oracle.dbtools.crest.swingui.logical.TVRelation" oid="EA0D13D5-BF43-A325-15D3-20AEE96F471C" otype="Relation" vid_source="84DF97A8-C9C7-5074-204A-B013A686E222" vid_target="1B3F1670-5B97-0740-879A-BF982D2B5C14">
<hideElementsInCurrentOnly>false</hideElementsInCurrentOnly>
<backgroundColor>-16777216</backgroundColor>
<lineWidth>1</lineWidth>
<points>
<point x="1380" y="867"/>
<point x="1162" y="867"/>
</points>
</Connector>
<Connector class="oracle.dbtools.crest.swingui.logical.TVInheritanceRelation" oid="EAB55E35-5143-EE82-8414-96ED39146EF7" otype="Hierarchy relation" vid_source="84DF97A8-C9C7-5074-204A-B013A686E222" vid_target="2A7914DE-7032-EB30-0ECC-66C5DADF5655">
<hideElementsInCurrentOnly>false</hideElementsInCurrentOnly>
<backgroundColor>-65536</backgroundColor>
<lineWidth>1</lineWidth>
</Connector>
<Connector class="oracle.dbtools.crest.swingui.logical.TVRelation" oid="F7C80014-94F3-E150-2A46-34BE1D06DF34" otype="Relation" vid_source="84DF97A8-C9C7-5074-204A-B013A686E222" vid_target="2A7914DE-7032-EB30-0ECC-66C5DADF5655">
<hideElementsInCurrentOnly>false</hideElementsInCurrentOnly>
<backgroundColor>-16777216</backgroundColor>
<lineWidth>1</lineWidth>
<points>
<point x="1380" y="739"/>
<point x="1160" y="739"/>
</points>
</Connector>
<Connector class="oracle.dbtools.crest.swingui.logical.TVInheritanceRelation" oid="F828D69C-486E-497D-DE80-BBF70881EF42" otype="Hierarchy relation" vid_source="9F1C428B-8279-2487-3633-D0C50F8BD7F2" vid_target="84DF97A8-C9C7-5074-204A-B013A686E222">
<hideElementsInCurrentOnly>false</hideElementsInCurrentOnly>
<backgroundColor>-65536</backgroundColor>
<lineWidth>1</lineWidth>
</Connector>
<Connector class="oracle.dbtools.crest.swingui.logical.TVInheritanceRelation" oid="FC1C5C98-95EE-925F-B5BF-8DF5A81F117C" otype="Hierarchy relation" vid_source="9F1C428B-8279-2487-3633-D0C50F8BD7F2" vid_target="65505EEA-0217-3949-283C-CE2547B1EDD4">
<hideElementsInCurrentOnly>false</hideElementsInCurrentOnly>
<backgroundColor>-65536</backgroundColor>
<lineWidth>1</lineWidth>
</Connector>
<Connector class="oracle.dbtools.crest.swingui.logical.TVRelation" oid="FF9F6507-84DB-C7B3-0664-427FEF85E7E3" otype="Relation" vid_source="352BAC68-E091-C9BB-4BDA-FD868072EB92" vid_target="7A53E29B-9714-B968-4B7A-DF13BFF3198E">
<hideElementsInCurrentOnly>false</hideElementsInCurrentOnly>
<backgroundColor>-16777216</backgroundColor>
<lineWidth>1</lineWidth>
<points>
<point x="1024" y="266"/>
<point x="654" y="266"/>
</points>
</Connector>
</connectors>
</Diagram>