<?xml version = '1.0' encoding = 'UTF-8'?>
<Entity class="oracle.dbtools.crest.model.design.logical.Entity" directorySegmentName="seg_0" id="2DE2083A-AEA5-5C1B-A456-BE4E90405DD5" name="ANEXO">
<createdBy>nicolascavieres</createdBy>
<createdTime>2025-09-01 01:26:21 UTC</createdTime>
<ownerDesignName>Encargo_Semanal</ownerDesignName>
<engineerTo>
<item key="E6520E01-3821-DB18-EC55-91B2A1332729" value="true"/>
</engineerTo>
<adequatelyNormalized>NO</adequatelyNormalized>
<expectedVolumes>0</expectedVolumes>
<fwdEngineeringStrategyName>Single Table</fwdEngineeringStrategyName>
<growthPercent>0</growthPercent>
<growthType>Year</growthType>
<maxVolumes>9999999</maxVolumes>
<minVolumes>0</minVolumes>
<normalForm>Third</normalForm>
<attributes itemClass="oracle.dbtools.crest.model.design.logical.Attribute">
<Attribute name="id_anexo" id="5C18A783-3CA2-9C66-7BF2-8A2D08B12651">
<createdBy>nicolascavieres</createdBy>
<createdTime>2025-09-01 01:26:32 UTC</createdTime>
<ownerDesignName>Encargo_Semanal</ownerDesignName>
<engineerTo>
<item key="E6520E01-3821-DB18-EC55-91B2A1332729" value="true"/>
</engineerTo>
<useDomainConstraints>false</useDomainConstraints>
<use>1</use>
<logicalDatatype>LOGDT024</logicalDatatype>
<dataTypeSize>50 CHAR</dataTypeSize>
<ownDataTypeParameters>50 CHAR,,</ownDataTypeParameters>
</Attribute>
<Attribute name="fecha_ingreso" id="CE5ED000-628D-1739-3616-A0BE33D9AC29">
<createdBy>nicolascavieres</createdBy>
<createdTime>2025-09-01 01:27:00 UTC</createdTime>
<ownerDesignName>Encargo_Semanal</ownerDesignName>
<engineerTo>
<item key="E6520E01-3821-DB18-EC55-91B2A1332729" value="true"/>
</engineerTo>
<useDomainConstraints>false</useDomainConstraints>
<use>1</use>
<logicalDatatype>LOGDT007</logicalDatatype>
<ownDataTypeParameters>,,</ownDataTypeParameters>
</Attribute>
<Attribute name="fecha_salida" id="8A932C83-E82B-F81B-4E3C-9DBD908CEEEB">
<createdBy>nicolascavieres</createdBy>
<createdTime>2025-09-01 01:27:20 UTC</createdTime>
<ownerDesignName>Encargo_Semanal</ownerDesignName>
<engineerTo>
<item key="E6520E01-3821-DB18-EC55-91B2A1332729" value="true"/>
</engineerTo>
<nullsAllowed>true</nullsAllowed>
<useDomainConstraints>false</useDomainConstraints>
<use>1</use>
<logicalDatatype>LOGDT007</logicalDatatype>
<ownDataTypeParameters>,,</ownDataTypeParameters>
</Attribute>
<Attribute name="observaciones" id="7B87D1FF-3151-56FE-C467-971548AD0AB9">
<createdBy>nicolascavieres</createdBy>
<createdTime>2025-09-01 01:27:46 UTC</createdTime>
<ownerDesignName>Encargo_Semanal</ownerDesignName>
<engineerTo>
<item key="E6520E01-3821-DB18-EC55-91B2A1332729" value="true"/>
</engineerTo>
<nullsAllowed>true</nullsAllowed>
<useDomainConstraints>false</useDomainConstraints>
<use>1</use>
<logicalDatatype>LOGDT024</logicalDatatype>
<dataTypeSize>100 CHAR</dataTypeSize>
<ownDataTypeParameters>100 CHAR,,</ownDataTypeParameters>
</Attribute>
<Attribute name="id_contrato" id="515B188C-CDB7-5749-BEE6-D256FFFBAD74">
<createdBy>nicolascavieres</createdBy>
<createdTime>2025-09-01 01:31:39 UTC</createdTime>
<generatorID>69C93845-CB7A-8667-CEC2-FC78CEEF65EF</generatorID>
<ownerDesignName>Encargo_Semanal</ownerDesignName>
<engineerTo>
<item key="E6520E01-3821-DB18-EC55-91B2A1332729" value="true"/>
</engineerTo>
<referedAttribute>11C4FD7E-5B9B-FBDE-BAE5-D3C1EE6627BC</referedAttribute>
<useDomainConstraints>false</useDomainConstraints>
<use>1</use>
<logicalDatatype>LOGDT024</logicalDatatype>
<dataTypeSize>50 CHAR</dataTypeSize>
<ownDataTypeParameters>50 CHAR,,</ownDataTypeParameters>
</Attribute>
<Attribute name="rut" id="46F66E48-2C02-CEB4-CB0D-0F99B666CFEA">
<createdBy>ariel</createdBy>
<createdTime>2025-09-02 01:23:47 UTC</createdTime>
<generatorID>BB1DC192-FCDF-53E7-245F-6683014AB3A2</generatorID>
<ownerDesignName>Encargo_Semanal</ownerDesignName>
<engineerTo>
<item key="E6520E01-3821-DB18-EC55-91B2A1332729" value="true"/>
</engineerTo>
<referedAttribute>BA066E26-3463-C2C9-F65D-A8A3E8090D47</referedAttribute>
<useDomainConstraints>false</useDomainConstraints>
<use>1</use>
<logicalDatatype>LOGDT024</logicalDatatype>
<dataTypeSize>50 CHAR</dataTypeSize>
<ownDataTypeParameters>,,</ownDataTypeParameters>
</Attribute>
</attributes>
<identifiers itemClass="oracle.dbtools.crest.model.design.logical.CandidateKey">
<identifier id="5343F528-74A1-7D45-9EF2-360CE0027EE8" name="ANEXO PK">
<createdBy>nicolascavieres</createdBy>
<createdTime>2025-09-01 01:26:58 UTC</createdTime>
<ownerDesignName>Encargo_Semanal</ownerDesignName>
<engineerTo>
<item key="E6520E01-3821-DB18-EC55-91B2A1332729" value="true"/>
</engineerTo>
<pk>true</pk>
<usedAttributes>
<attributeRef>5C18A783-3CA2-9C66-7BF2-8A2D08B12651</attributeRef>
</usedAttributes>
</identifier>
</identifiers>
</Entity>