<?xml version = '1.0' encoding = 'UTF-8'?>
<Entity class="oracle.dbtools.crest.model.design.logical.Entity" directorySegmentName="seg_0" id="48BA94F3-B701-94C7-4F1D-947D85FEEC23" name="PERMANENTE">
<createdBy>ariel</createdBy>
<createdTime>2025-09-02 00:27:34 UTC</createdTime>
<ownerDesignName>Encargo_Semanal</ownerDesignName>
<shouldEngineer>false</shouldEngineer>
<engineerTo>
<item key="E6520E01-3821-DB18-EC55-91B2A1332729" value="false"/>
</engineerTo>
<adequatelyNormalized>NO</adequatelyNormalized>
<expectedVolumes>0</expectedVolumes>
<fwdEngineeringStrategyName>Single Table</fwdEngineeringStrategyName>
<growthPercent>0</growthPercent>
<growthType>Year</growthType>
<hierarchicalParent>9D24D8AE-0BBC-6D41-3EBB-7FC76D0473F3</hierarchicalParent>
<maxVolumes>9999999</maxVolumes>
<minVolumes>0</minVolumes>
<normalForm>Third</normalForm>
<attributes itemClass="oracle.dbtools.crest.model.design.logical.Attribute">
<Attribute name="historial_clinico" id="412BFD2F-043A-8AB3-649D-15CD54CAC1B6">
<createdBy>ariel</createdBy>
<createdTime>2025-09-02 00:27:56 UTC</createdTime>
<ownerDesignName>Encargo_Semanal</ownerDesignName>
<engineerTo>
<item key="E6520E01-3821-DB18-EC55-91B2A1332729" value="true"/>
</engineerTo>
<useDomainConstraints>false</useDomainConstraints>
<use>1</use>
<logicalDatatype>LOGDT024</logicalDatatype>
<dataTypeSize>500 CHAR</dataTypeSize>
<ownDataTypeParameters>500 CHAR,,</ownDataTypeParameters>
</Attribute>
</attributes>
</Entity>