<?xml version = '1.0' encoding = 'UTF-8'?>
<Entity class="oracle.dbtools.crest.model.design.logical.Entity" directorySegmentName="seg_0" id="4D1DE97F-EB05-328D-31D0-8132B6BBCBFF" name="CUIDADOR">
<createdBy>nicolascavieres</createdBy>
<createdTime>2025-09-01 00:49:53 UTC</createdTime>
<ownerDesignName>Encargo_Semanal</ownerDesignName>
<shouldEngineer>false</shouldEngineer>
<engineerTo>
<item key="E6520E01-3821-DB18-EC55-91B2A1332729" value="false"/>
</engineerTo>
<adequatelyNormalized>NO</adequatelyNormalized>
<expectedVolumes>0</expectedVolumes>
<fwdEngineeringStrategyName>Single Table</fwdEngineeringStrategyName>
<growthPercent>0</growthPercent>
<growthType>Year</growthType>
<hierarchicalParent>5298263F-D068-A208-99C4-D8A7A25D66C9</hierarchicalParent>
<maxVolumes>9999999</maxVolumes>
<minVolumes>0</minVolumes>
<normalForm>Third</normalForm>
<identifiers itemClass="oracle.dbtools.crest.model.design.logical.CandidateKey">
<identifier id="D59BB3D2-8F1F-3E71-0FB0-1BC653CB5346" name="CUIDADOR PK">
<createdBy>ariel</createdBy>
<createdTime>2025-09-02 00:10:07 UTC</createdTime>
<ownerDesignName>Encargo_Semanal</ownerDesignName>
<engineerTo>
<item key="E6520E01-3821-DB18-EC55-91B2A1332729" value="true"/>
</engineerTo>
<pk>true</pk>
</identifier>
</identifiers>
</Entity>