<?xml version = '1.0' encoding = 'UTF-8'?>
<Entity class="oracle.dbtools.crest.model.design.logical.Entity" directorySegmentName="seg_0" id="7BE15087-4261-2E3F-2C70-7F894F1E2491" name="HABITACION">
<createdBy>nicolascavieres</createdBy>
<createdTime>2025-09-01 00:58:43 UTC</createdTime>
<ownerDesignName>Encargo_Semanal</ownerDesignName>
<engineerTo>
<item key="E6520E01-3821-DB18-EC55-91B2A1332729" value="true"/>
</engineerTo>
<adequatelyNormalized>NO</adequatelyNormalized>
<expectedVolumes>0</expectedVolumes>
<fwdEngineeringStrategyName>Single Table</fwdEngineeringStrategyName>
<growthPercent>0</growthPercent>
<growthType>Year</growthType>
<maxVolumes>9999999</maxVolumes>
<minVolumes>0</minVolumes>
<normalForm>Third</normalForm>
<attributes itemClass="oracle.dbtools.crest.model.design.logical.Attribute">
<Attribute name="id_habitacion" id="07191286-6A3A-F140-8326-5EEE3B488050">
<createdBy>nicolascavieres</createdBy>
<createdTime>2025-09-01 00:58:53 UTC</createdTime>
<ownerDesignName>Encargo_Semanal</ownerDesignName>
<engineerTo>
<item key="E6520E01-3821-DB18-EC55-91B2A1332729" value="true"/>
</engineerTo>
<useDomainConstraints>false</useDomainConstraints>
<use>1</use>
<logicalDatatype>LOGDT024</logicalDatatype>
<dataTypeSize>50 CHAR</dataTypeSize>
<ownDataTypeParameters>50 CHAR,,</ownDataTypeParameters>
</Attribute>
<Attribute name="ubicacion" id="88C68017-012E-9FD3-E00A-0C3C0C96571B">
<createdBy>nicolascavieres</createdBy>
<createdTime>2025-09-01 00:59:11 UTC</createdTime>
<ownerDesignName>Encargo_Semanal</ownerDesignName>
<engineerTo>
<item key="E6520E01-3821-DB18-EC55-91B2A1332729" value="true"/>
</engineerTo>
<useDomainConstraints>false</useDomainConstraints>
<use>1</use>
<logicalDatatype>LOGDT024</logicalDatatype>
<dataTypeSize>100 CHAR</dataTypeSize>
<ownDataTypeParameters>100 CHAR,,</ownDataTypeParameters>
</Attribute>
<Attribute name="tipo_habitacion" id="81D6A618-B656-5D4F-9A15-6978C77C4427">
<createdBy>nicolascavieres</createdBy>
<createdTime>2025-09-01 01:01:36 UTC</createdTime>
<ownerDesignName>Encargo_Semanal</ownerDesignName>
<engineerTo>
<item key="E6520E01-3821-DB18-EC55-91B2A1332729" value="true"/>
</engineerTo>
<useDomainConstraints>false</useDomainConstraints>
<use>1</use>
<logicalDatatype>LOGDT024</logicalDatatype>
<dataTypeSize>50 CHAR</dataTypeSize>
<ownDataTypeParameters>50 CHAR,,</ownDataTypeParameters>
</Attribute>
<Attribute name="id_residencia" id="0E0D3B61-2EBE-E7E2-23C8-581151EE5A4C">
<createdBy>nicolascavieres</createdBy>
<createdTime>2025-09-01 01:02:02 UTC</createdTime>
<generatorID>AE4DBE55-FEBE-BE5E-42F8-30D0C858E062</generatorID>
<ownerDesignName>Encargo_Semanal</ownerDesignName>
<engineerTo>
<item key="E6520E01-3821-DB18-EC55-91B2A1332729" value="true"/>
</engineerTo>
<referedAttribute>BD19D8B8-57AB-612A-B00A-95459A7EEC61</referedAttribute>
<useDomainConstraints>false</useDomainConstraints>
<use>1</use>
<logicalDatatype>LOGDT024</logicalDatatype>
<dataTypeSize>50 CHAR</dataTypeSize>
<ownDataTypeParameters>50 CHAR,,</ownDataTypeParameters>
</Attribute>
</attributes>
<identifiers itemClass="oracle.dbtools.crest.model.design.logical.CandidateKey">
<identifier id="9397CD95-9E96-0E86-B941-043F87E0F3C1" name="HABITACION PK">
<createdBy>nicolascavieres</createdBy>
<createdTime>2025-09-01 00:59:08 UTC</createdTime>
<ownerDesignName>Encargo_Semanal</ownerDesignName>
<engineerTo>
<item key="E6520E01-3821-DB18-EC55-91B2A1332729" value="true"/>
</engineerTo>
<pk>true</pk>
<usedAttributes>
<attributeRef>07191286-6A3A-F140-8326-5EEE3B488050</attributeRef>
</usedAttributes>
</identifier>
</identifiers>
</Entity>