<?xml version = '1.0' encoding = 'UTF-8'?>
<Entity class="oracle.dbtools.crest.model.design.logical.Entity" directorySegmentName="seg_0" id="9B93D7CC-2218-8A58-42BC-1F33EFF500E6" name="MEDICO">
<createdBy>nicolascavieres</createdBy>
<createdTime>2025-09-01 00:50:24 UTC</createdTime>
<ownerDesignName>Encargo_Semanal</ownerDesignName>
<shouldEngineer>false</shouldEngineer>
<engineerTo>
<item key="E6520E01-3821-DB18-EC55-91B2A1332729" value="false"/>
</engineerTo>
<adequatelyNormalized>NO</adequatelyNormalized>
<expectedVolumes>0</expectedVolumes>
<fwdEngineeringStrategyName>Single Table</fwdEngineeringStrategyName>
<growthPercent>0</growthPercent>
<growthType>Year</growthType>
<hierarchicalParent>5298263F-D068-A208-99C4-D8A7A25D66C9</hierarchicalParent>
<maxVolumes>9999999</maxVolumes>
<minVolumes>0</minVolumes>
<normalForm>Third</normalForm>
<attributes itemClass="oracle.dbtools.crest.model.design.logical.Attribute">
<Attribute name="especialidad_medica" id="7F07FDBB-1248-07E5-BF87-A1A28F1B7F1F">
<createdBy>nicolascavieres</createdBy>
<createdTime>2025-09-01 00:50:29 UTC</createdTime>
<ownerDesignName>Encargo_Semanal</ownerDesignName>
<engineerTo>
<item key="E6520E01-3821-DB18-EC55-91B2A1332729" value="true"/>
</engineerTo>
<useDomainConstraints>false</useDomainConstraints>
<use>1</use>
<logicalDatatype>LOGDT024</logicalDatatype>
<dataTypeSize>100 CHAR</dataTypeSize>
<ownDataTypeParameters>100 CHAR,,</ownDataTypeParameters>
</Attribute>
</attributes>
<identifiers itemClass="oracle.dbtools.crest.model.design.logical.CandidateKey">
<identifier id="B17B675D-18A7-F07A-CED5-F9798318AC26" name="MEDICO PK">
<createdBy>ariel</createdBy>
<createdTime>2025-09-02 01:28:14 UTC</createdTime>
<ownerDesignName>Encargo_Semanal</ownerDesignName>
<engineerTo>
<item key="E6520E01-3821-DB18-EC55-91B2A1332729" value="true"/>
</engineerTo>
<pk>true</pk>
</identifier>
</identifiers>
</Entity>