<?xml version = '1.0' encoding = 'UTF-8'?>
<Entity class="oracle.dbtools.crest.model.design.logical.Entity" directorySegmentName="seg_0" id="9D24D8AE-0BBC-6D41-3EBB-7FC76D0473F3" name="RESIDENTE">
<createdBy>ariel</createdBy>
<createdTime>2025-09-02 00:27:20 UTC</createdTime>
<ownerDesignName>Encargo_Semanal</ownerDesignName>
<engineerTo>
<item key="E6520E01-3821-DB18-EC55-91B2A1332729" value="true"/>
</engineerTo>
<adequatelyNormalized>NO</adequatelyNormalized>
<expectedVolumes>0</expectedVolumes>
<fwdEngineeringStrategyName>Single Table</fwdEngineeringStrategyName>
<growthPercent>0</growthPercent>
<growthType>Year</growthType>
<hierarchicalParent>3BBBCBD4-F961-64FD-F0DC-A01B78555D6E</hierarchicalParent>
<maxVolumes>9999999</maxVolumes>
<minVolumes>0</minVolumes>
<normalForm>Third</normalForm>
<attributes itemClass="oracle.dbtools.crest.model.design.logical.Attribute">
<Attribute name="rut" id="BA066E26-3463-C2C9-F65D-A8A3E8090D47">
<createdBy>ariel</createdBy>
<createdTime>2025-09-02 01:19:33 UTC</createdTime>
<ownerDesignName>Encargo_Semanal</ownerDesignName>
<engineerTo>
<item key="E6520E01-3821-DB18-EC55-91B2A1332729" value="true"/>
</engineerTo>
<useDomainConstraints>false</useDomainConstraints>
<use>1</use>
<logicalDatatype>LOGDT024</logicalDatatype>
<dataTypeSize>50 CHAR</dataTypeSize>
<ownDataTypeParameters>50 CHAR,,</ownDataTypeParameters>
</Attribute>
<Attribute name="autonomia" id="8553189F-38DC-95C7-AB1B-51473F85C815">
<createdBy>ariel</createdBy>
<createdTime>2025-09-02 00:32:26 UTC</createdTime>
<commentInRDBMS><![CDATA[S o N]]></commentInRDBMS>
<ownerDesignName>Encargo_Semanal</ownerDesignName>
<engineerTo>
<item key="E6520E01-3821-DB18-EC55-91B2A1332729" value="true"/>
</engineerTo>
<useDomainConstraints>false</useDomainConstraints>
<use>1</use>
<logicalDatatype>LOGDT025</logicalDatatype>
<dataTypeSize>1 CHAR</dataTypeSize>
<ownDataTypeParameters>1 CHAR,,</ownDataTypeParameters>
</Attribute>
<Attribute name="id_anexo" id="20402FC8-DD4C-3D91-A286-36DC94546975">
<createdBy>ariel</createdBy>
<createdTime>2025-09-02 01:14:36 UTC</createdTime>
<generatorID>BB1DC192-FCDF-53E7-245F-6683014AB3A2</generatorID>
<ownerDesignName>Encargo_Semanal</ownerDesignName>
<engineerTo>
<item key="E6520E01-3821-DB18-EC55-91B2A1332729" value="true"/>
</engineerTo>
<referedAttribute>5C18A783-3CA2-9C66-7BF2-8A2D08B12651</referedAttribute>
<useDomainConstraints>false</useDomainConstraints>
<use>1</use>
<logicalDatatype>LOGDT024</logicalDatatype>
<dataTypeSize>50 CHAR</dataTypeSize>
<ownDataTypeParameters>,,</ownDataTypeParameters>
</Attribute>
</attributes>
<identifiers itemClass="oracle.dbtools.crest.model.design.logical.CandidateKey">
<identifier id="2603C91E-655E-EF68-D11A-EFC629D2CA50" name="RESIDENTE PK">
<createdBy>ariel</createdBy>
<createdTime>2025-09-02 01:19:45 UTC</createdTime>
<ownerDesignName>Encargo_Semanal</ownerDesignName>
<engineerTo>
<item key="E6520E01-3821-DB18-EC55-91B2A1332729" value="true"/>
</engineerTo>
<pk>true</pk>
<usedAttributes>
<attributeRef>BA066E26-3463-C2C9-F65D-A8A3E8090D47</attributeRef>
</usedAttributes>
</identifier>
</identifiers>
</Entity>