<?xml version = '1.0' encoding = 'UTF-8'?>
<Entity class="oracle.dbtools.crest.model.design.logical.Entity" directorySegmentName="seg_0" id="D6607E10-7CF6-ED2B-CE0B-2343D4BD257A" name="ASIGNACION_HABITACION">
<createdBy>ariel</createdBy>
<createdTime>2025-09-02 01:34:20 UTC</createdTime>
<ownerDesignName>Encargo_Semanal</ownerDesignName>
<engineerTo>
<item key="E6520E01-3821-DB18-EC55-91B2A1332729" value="true"/>
</engineerTo>
<adequatelyNormalized>NO</adequatelyNormalized>
<expectedVolumes>0</expectedVolumes>
<fwdEngineeringStrategyName>Single Table</fwdEngineeringStrategyName>
<growthPercent>0</growthPercent>
<growthType>Year</growthType>
<maxVolumes>9999999</maxVolumes>
<minVolumes>0</minVolumes>
<normalForm>Third</normalForm>
<attributes itemClass="oracle.dbtools.crest.model.design.logical.Attribute">
<Attribute name="id_asignacion" id="7D31BA9D-0337-6EBC-4099-D7541FE880C5">
<createdBy>ariel</createdBy>
<createdTime>2025-09-02 01:34:29 UTC</createdTime>
<ownerDesignName>Encargo_Semanal</ownerDesignName>
<engineerTo>
<item key="E6520E01-3821-DB18-EC55-91B2A1332729" value="true"/>
</engineerTo>
<useDomainConstraints>false</useDomainConstraints>
<use>1</use>
<logicalDatatype>LOGDT024</logicalDatatype>
<dataTypeSize>50 CHAR</dataTypeSize>
<ownDataTypeParameters>50 CHAR,,</ownDataTypeParameters>
</Attribute>
<Attribute name="fecha_inicio" id="813FF39E-0CF5-4C96-6B19-D0693BD91D00">
<createdBy>ariel</createdBy>
<createdTime>2025-09-02 01:34:43 UTC</createdTime>
<ownerDesignName>Encargo_Semanal</ownerDesignName>
<engineerTo>
<item key="E6520E01-3821-DB18-EC55-91B2A1332729" value="true"/>
</engineerTo>
<useDomainConstraints>false</useDomainConstraints>
<use>1</use>
<logicalDatatype>LOGDT007</logicalDatatype>
<ownDataTypeParameters>,,</ownDataTypeParameters>
</Attribute>
<Attribute name="fecha_termino" id="37FB715E-9F84-50EB-16FC-BE91159BA18F">
<createdBy>ariel</createdBy>
<createdTime>2025-09-02 01:34:56 UTC</createdTime>
<ownerDesignName>Encargo_Semanal</ownerDesignName>
<engineerTo>
<item key="E6520E01-3821-DB18-EC55-91B2A1332729" value="true"/>
</engineerTo>
<nullsAllowed>true</nullsAllowed>
<useDomainConstraints>false</useDomainConstraints>
<use>1</use>
<logicalDatatype>LOGDT007</logicalDatatype>
<ownDataTypeParameters>,,</ownDataTypeParameters>
</Attribute>
<Attribute name="rut" id="EA005721-FF11-6AF7-2315-9E148987AA13">
<createdBy>ariel</createdBy>
<createdTime>2025-09-02 01:40:03 UTC</createdTime>
<generatorID>C1EA789F-60EB-8850-8BBB-69062BB58A0A</generatorID>
<ownerDesignName>Encargo_Semanal</ownerDesignName>
<engineerTo>
<item key="E6520E01-3821-DB18-EC55-91B2A1332729" value="true"/>
</engineerTo>
<nullsAllowed>true</nullsAllowed>
<referedAttribute>BA066E26-3463-C2C9-F65D-A8A3E8090D47</referedAttribute>
<useDomainConstraints>false</useDomainConstraints>
<use>1</use>
<logicalDatatype>LOGDT024</logicalDatatype>
<dataTypeSize>50 CHAR</dataTypeSize>
<ownDataTypeParameters>,,</ownDataTypeParameters>
</Attribute>
<Attribute name="id_habitacion" id="A576148A-9C3B-C426-197D-CCB8EB7D784D">
<createdBy>ariel</createdBy>
<createdTime>2025-09-02 01:42:19 UTC</createdTime>
<generatorID>79F32134-13EE-4F6F-FC30-D53A25082638</generatorID>
<ownerDesignName>Encargo_Semanal</ownerDesignName>
<engineerTo>
<item key="E6520E01-3821-DB18-EC55-91B2A1332729" value="true"/>
</engineerTo>
<nullsAllowed>true</nullsAllowed>
<referedAttribute>07191286-6A3A-F140-8326-5EEE3B488050</referedAttribute>
<useDomainConstraints>false</useDomainConstraints>
<use>1</use>
<logicalDatatype>LOGDT024</logicalDatatype>
<dataTypeSize>50 CHAR</dataTypeSize>
<ownDataTypeParameters>,,</ownDataTypeParameters>
</Attribute>
</attributes>
<identifiers itemClass="oracle.dbtools.crest.model.design.logical.CandidateKey">
<identifier id="C414C6CC-A6D7-45C9-A8F5-9BE5B94C1150" name="ASIGNACION_HABITACION PK">
<createdBy>ariel</createdBy>
<createdTime>2025-09-02 01:34:42 UTC</createdTime>
<ownerDesignName>Encargo_Semanal</ownerDesignName>
<engineerTo>
<item key="E6520E01-3821-DB18-EC55-91B2A1332729" value="true"/>
</engineerTo>
<pk>true</pk>
<usedAttributes>
<attributeRef>7D31BA9D-0337-6EBC-4099-D7541FE880C5</attributeRef>
</usedAttributes>
</identifier>
</identifiers>
</Entity>