<?xml version = '1.0' encoding = 'UTF-8'?>
<Entity class="oracle.dbtools.crest.model.design.logical.Entity" directorySegmentName="seg_0" id="DC9DE128-31B3-68C1-BA5C-7A1F6B49A499" name="TEMPORAL">
<createdBy>ariel</createdBy>
<createdTime>2025-09-02 00:27:30 UTC</createdTime>
<ownerDesignName>Encargo_Semanal</ownerDesignName>
<shouldEngineer>false</shouldEngineer>
<engineerTo>
<item key="E6520E01-3821-DB18-EC55-91B2A1332729" value="false"/>
</engineerTo>
<adequatelyNormalized>NO</adequatelyNormalized>
<expectedVolumes>0</expectedVolumes>
<fwdEngineeringStrategyName>Single Table</fwdEngineeringStrategyName>
<growthPercent>0</growthPercent>
<growthType>Year</growthType>
<hierarchicalParent>9D24D8AE-0BBC-6D41-3EBB-7FC76D0473F3</hierarchicalParent>
<maxVolumes>9999999</maxVolumes>
<minVolumes>0</minVolumes>
<normalForm>Third</normalForm>
<attributes itemClass="oracle.dbtools.crest.model.design.logical.Attribute">
<Attribute name="fecha_termino" id="72268F17-FC0B-B0AD-C011-C84F14D8F8C2">
<createdBy>ariel</createdBy>
<createdTime>2025-09-02 00:28:12 UTC</createdTime>
<ownerDesignName>Encargo_Semanal</ownerDesignName>
<engineerTo>
<item key="E6520E01-3821-DB18-EC55-91B2A1332729" value="true"/>
</engineerTo>
<useDomainConstraints>false</useDomainConstraints>
<use>1</use>
<logicalDatatype>LOGDT007</logicalDatatype>
<ownDataTypeParameters>,,</ownDataTypeParameters>
</Attribute>
<Attribute name="dias_estadia" id="D9C71926-440A-7783-BE13-65149625219B">
<createdBy>ariel</createdBy>
<createdTime>2025-09-02 00:34:07 UTC</createdTime>
<ownerDesignName>Encargo_Semanal</ownerDesignName>
<engineerTo>
<item key="E6520E01-3821-DB18-EC55-91B2A1332729" value="true"/>
</engineerTo>
<useDomainConstraints>false</useDomainConstraints>
<use>1</use>
<logicalDatatype>LOGDT019</logicalDatatype>
<ownDataTypeParameters>,,</ownDataTypeParameters>
</Attribute>
</attributes>
</Entity>