<?xml version = '1.0' encoding = 'UTF-8'?>
<InheritanceRelation class="oracle.dbtools.crest.model.design.logical.InheritanceRelation" name="PERSONA_RESIDENTE" directorySegmentName="seg_0" id="162890AB-2C8F-0794-F34B-2D92B80E69E4">
<createdBy>ariel</createdBy>
<createdTime>2025-08-28 01:21:24 UTC</createdTime>
<ownerDesignName>Exp1_S3_Nicolas_Cavieres</ownerDesignName>
<engineerTo>
<item key="B4821E92-F4F8-8E48-F783-9117C44BA280" value="true"/>
</engineerTo>
<identifying>false</identifying>
<nameOnSource>Super Type</nameOnSource>
<nameOnTarget>Sub Type</nameOnTarget>
<optionalSource>true</optionalSource>
<optionalTarget>true</optionalTarget>
<sourceEntity>F945CA34-0E0E-DB48-F6B0-F852172D7FCA</sourceEntity>
<targetEntity>C6F7DDF3-6874-D298-BDF7-71521FEE8DD1</targetEntity>
<transferable>true</transferable>
<deleteRule>NO ACTION</deleteRule>
</InheritanceRelation>