<?xml version = '1.0' encoding = 'UTF-8'?>
<InheritanceRelation class="oracle.dbtools.crest.model.design.logical.InheritanceRelation" name="RESIDENTE_PERMANENTE" directorySegmentName="seg_0" id="49DAABBC-C8C0-8A3D-1631-117C5DD89673">
<createdBy>ariel</createdBy>
<createdTime>2025-08-28 00:40:11 UTC</createdTime>
<ownerDesignName>Exp1_S3_Nicolas_Cavieres</ownerDesignName>
<engineerTo>
<item key="B4821E92-F4F8-8E48-F783-9117C44BA280" value="true"/>
</engineerTo>
<identifying>false</identifying>
<nameOnSource>Super Type</nameOnSource>
<nameOnTarget>Sub Type</nameOnTarget>
<optionalSource>true</optionalSource>
<optionalTarget>true</optionalTarget>
<sourceEntity>C6F7DDF3-6874-D298-BDF7-71521FEE8DD1</sourceEntity>
<targetEntity>10F45CA9-C825-852E-56C1-AA425DA55EE9</targetEntity>
<transferable>true</transferable>
<deleteRule>NO ACTION</deleteRule>
</InheritanceRelation>