<?xml version = '1.0' encoding = 'UTF-8'?>
<InheritanceRelation class="oracle.dbtools.crest.model.design.logical.InheritanceRelation" name="RESIDENTE_TEMPORAL" directorySegmentName="seg_0" id="C1C55363-205D-0E91-6874-78AFECF0DFF2">
<createdBy>ariel</createdBy>
<createdTime>2025-08-28 00:40:05 UTC</createdTime>
<ownerDesignName>Exp1_S3_Nicolas_Cavieres</ownerDesignName>
<engineerTo>
<item key="B4821E92-F4F8-8E48-F783-9117C44BA280" value="true"/>
</engineerTo>
<identifying>false</identifying>
<nameOnSource>Super Type</nameOnSource>
<nameOnTarget>Sub Type</nameOnTarget>
<optionalSource>true</optionalSource>
<optionalTarget>true</optionalTarget>
<sourceEntity>C6F7DDF3-6874-D298-BDF7-71521FEE8DD1</sourceEntity>
<targetEntity>CDA4F858-746B-0BDE-6EA0-9178B9D00721</targetEntity>
<transferable>true</transferable>
<deleteRule>NO ACTION</deleteRule>
</InheritanceRelation>