<?xml version = '1.0' encoding = 'UTF-8'?>
<InheritanceRelation class="oracle.dbtools.crest.model.design.logical.InheritanceRelation" name="PERSONAL_CUIDADOR" directorySegmentName="seg_0" id="EAB55E35-5143-EE82-8414-96ED39146EF7">
<createdBy>ariel</createdBy>
<createdTime>2025-08-28 01:22:36 UTC</createdTime>
<ownerDesignName>Exp1_S3_Nicolas_Cavieres</ownerDesignName>
<engineerTo>
<item key="B4821E92-F4F8-8E48-F783-9117C44BA280" value="true"/>
</engineerTo>
<identifying>false</identifying>
<nameOnSource>Super Type</nameOnSource>
<nameOnTarget>Sub Type</nameOnTarget>
<optionalSource>true</optionalSource>
<optionalTarget>true</optionalTarget>
<sourceEntity>84D5AC33-F7EE-65DD-AF9C-10CF1F9756FE</sourceEntity>
<targetEntity>ADE2E243-3D47-11DC-0562-150016D4B813</targetEntity>
<transferable>true</transferable>
<deleteRule>NO ACTION</deleteRule>
</InheritanceRelation>