<?xml version = '1.0' encoding = 'UTF-8'?>
<InheritanceRelation class="oracle.dbtools.crest.model.design.logical.InheritanceRelation" name="PERSONA-APODERADO" directorySegmentName="seg_0" id="FC1C5C98-95EE-925F-B5BF-8DF5A81F117C">
<createdBy>ariel</createdBy>
<createdTime>2025-08-28 01:22:12 UTC</createdTime>
<ownerDesignName>Exp1_S3_Nicolas_Cavieres</ownerDesignName>
<engineerTo>
<item key="B4821E92-F4F8-8E48-F783-9117C44BA280" value="true"/>
</engineerTo>
<identifying>false</identifying>
<nameOnSource>Super Type</nameOnSource>
<nameOnTarget>Sub Type</nameOnTarget>
<optionalSource>true</optionalSource>
<optionalTarget>true</optionalTarget>
<sourceEntity>F945CA34-0E0E-DB48-F6B0-F852172D7FCA</sourceEntity>
<targetEntity>F599E98D-7EA6-0693-4B9A-7E33A429E47A</targetEntity>
<transferable>true</transferable>
<deleteRule>NO ACTION</deleteRule>
</InheritanceRelation>