<?xml version = '1.0' encoding = 'UTF-8'?>
<Relation class="oracle.dbtools.crest.model.design.logical.Relation" name="PAGO_ATENCION" directorySegmentName="seg_0" id="04E03044-7A9C-9290-6747-98D042739D15">
<createdBy>ariel</createdBy>
<createdTime>2025-09-15 23:55:44 UTC</createdTime>
<ownerDesignName>Exp2_S5_NicolasCavieres</ownerDesignName>
<engineerTo>
<item key="5FE5B6C2-B17F-D373-02BC-69F51A5E9CAF" value="true"/>
</engineerTo>
<sourceTransferable>false</sourceTransferable>
<targetTransferable>false</targetTransferable>
<sourcePk>C35B1803-3266-9FA9-A9A3-2089ED73A3E0</sourcePk>
<targetPk>4E0F3F49-B993-207D-945A-63E4C25AE192</targetPk>
<identifying>false</identifying>
<nameOnSource>paga</nameOnSource>
<nameOnTarget>tiene_pago</nameOnTarget>
<optionalSource>false</optionalSource>
<optionalTarget>false</optionalTarget>
<sourceCardinality>1</sourceCardinality>
<sourceEntity>10620F14-02E1-07E6-42E8-99EB1E8AF993</sourceEntity>
<targetCardinalityString>1</targetCardinalityString>
<targetEntity>A6783D94-D52C-ADC3-4EB8-C46E1DB33E51</targetEntity>
<transferable>true</transferable>
<deleteRule>NO ACTION</deleteRule>
</Relation>