<?xml version = '1.0' encoding = 'UTF-8'?>
<Relation class="oracle.dbtools.crest.model.design.logical.Relation" name="COMUNA_REGION" directorySegmentName="seg_0" id="1946B041-BEF3-88B2-62FE-05030FC0AD58">
<createdBy>ariel</createdBy>
<createdTime>2025-09-15 21:00:25 UTC</createdTime>
<ownerDesignName>Exp2_S5_NicolasCavieres</ownerDesignName>
<engineerTo>
<item key="5FE5B6C2-B17F-D373-02BC-69F51A5E9CAF" value="true"/>
</engineerTo>
<sourcePk>FF25A297-DF13-0101-2BA7-80C8B4843015</sourcePk>
<identifying>false</identifying>
<nameOnSource>tiene</nameOnSource>
<nameOnTarget>pertenece</nameOnTarget>
<optionalSource>false</optionalSource>
<optionalTarget>false</optionalTarget>
<sourceCardinality>1</sourceCardinality>
<sourceEntity>B3D928B4-0997-7E2A-19A1-560CE3E12266</sourceEntity>
<targetCardinalityString>*</targetCardinalityString>
<targetEntity>C146CE85-E4DA-0AEF-B790-FAC877B16DD1</targetEntity>
<transferable>true</transferable>
<deleteRule>NO ACTION</deleteRule>
</Relation>