<?xml version = '1.0' encoding = 'UTF-8'?>
<Relation class="oracle.dbtools.crest.model.design.logical.Relation" name="AFP_MEDICO" directorySegmentName="seg_0" id="233817D2-D65D-2707-79AA-35A6874FB1DD">
<createdBy>ariel</createdBy>
<createdTime>2025-09-15 23:26:06 UTC</createdTime>
<ownerDesignName>Exp2_S5_NicolasCavieres</ownerDesignName>
<engineerTo>
<item key="5FE5B6C2-B17F-D373-02BC-69F51A5E9CAF" value="true"/>
</engineerTo>
<sourcePk>CAF86908-13FE-13DA-24E1-8C1A875A3566</sourcePk>
<identifying>false</identifying>
<nameOnSource>tiene</nameOnSource>
<nameOnTarget>afiliado_a</nameOnTarget>
<optionalSource>true</optionalSource>
<optionalTarget>false</optionalTarget>
<sourceCardinality>1</sourceCardinality>
<sourceEntity>BC50350F-A523-8302-DB39-079308140324</sourceEntity>
<targetCardinalityString>*</targetCardinalityString>
<targetEntity>CF5AB430-610F-1DCD-1FBE-C482739735CD</targetEntity>
<transferable>true</transferable>
<deleteRule>NO ACTION</deleteRule>
</Relation>