<?xml version = '1.0' encoding = 'UTF-8'?>
<Relation class="oracle.dbtools.crest.model.design.logical.Relation" name="PERSONA_EMAIL" directorySegmentName="seg_0" id="2339DB57-45E6-A9F9-7D88-7A254ED5B217">
<createdBy>ariel</createdBy>
<createdTime>2025-09-15 23:21:42 UTC</createdTime>
<ownerDesignName>Exp2_S5_NicolasCavieres</ownerDesignName>
<engineerTo>
<item key="5FE5B6C2-B17F-D373-02BC-69F51A5E9CAF" value="true"/>
</engineerTo>
<sourcePk>6DF05D78-9934-2CD4-491D-D2D99A5F5D95</sourcePk>
<identifying>false</identifying>
<nameOnSource>registra</nameOnSource>
<nameOnTarget>registrado</nameOnTarget>
<optionalSource>true</optionalSource>
<optionalTarget>false</optionalTarget>
<sourceCardinality>1</sourceCardinality>
<sourceEntity>C08DFAFB-3533-7CC1-58CA-54DCF573F54A</sourceEntity>
<targetCardinalityString>*</targetCardinalityString>
<targetEntity>5326234F-3317-376D-4A46-A4FB703C33BF</targetEntity>
<transferable>true</transferable>
<deleteRule>NO ACTION</deleteRule>
</Relation>