<?xml version = '1.0' encoding = 'UTF-8'?>
<Relation class="oracle.dbtools.crest.model.design.logical.Relation" name="Relation_6" directorySegmentName="seg_0" id="2819C9EB-DB61-FB83-B2A8-FFC26A97AFF1">
<createdBy>ariel</createdBy>
<createdTime>2025-09-15 23:12:13 UTC</createdTime>
<ownerDesignName>Exp2_S5_NicolasCavieres</ownerDesignName>
<engineerTo>
<item key="5FE5B6C2-B17F-D373-02BC-69F51A5E9CAF" value="true"/>
</engineerTo>
<sourceTransferable>false</sourceTransferable>
<targetTransferable>false</targetTransferable>
<sourcePk>2BA8D1B8-45D8-D7FC-65AE-48C5A281AAF1</sourcePk>
<identifying>false</identifying>
<nameOnSource>pagado</nameOnSource>
<nameOnTarget>paga</nameOnTarget>
<optionalSource>true</optionalSource>
<optionalTarget>false</optionalTarget>
<sourceCardinality>1</sourceCardinality>
<sourceEntity>73E7D1A0-7264-53C2-4898-DF16E4CABF8B</sourceEntity>
<targetCardinalityString>1</targetCardinalityString>
<targetEntity>27F295CA-E1E6-2642-7CA9-495064715AF0</targetEntity>
<transferable>true</transferable>
<deleteRule>NO ACTION</deleteRule>
</Relation>