<?xml version = '1.0' encoding = 'UTF-8'?>
<Relation class="oracle.dbtools.crest.model.design.logical.Relation" name="Relation_12" directorySegmentName="seg_0" id="3432F968-F10E-E924-0736-6352471BE1A6">
<createdBy>ariel</createdBy>
<createdTime>2025-09-15 23:20:11 UTC</createdTime>
<ownerDesignName>Exp2_S5_NicolasCavieres</ownerDesignName>
<engineerTo>
<item key="5FE5B6C2-B17F-D373-02BC-69F51A5E9CAF" value="true"/>
</engineerTo>
<sourceTransferable>false</sourceTransferable>
<targetTransferable>false</targetTransferable>
<sourcePk>3CBF496E-8138-2BAA-F100-4C9DE647D74A</sourcePk>
<identifying>false</identifying>
<nameOnSource>pagado</nameOnSource>
<nameOnTarget>paga</nameOnTarget>
<optionalSource>false</optionalSource>
<optionalTarget>true</optionalTarget>
<sourceCardinality>1</sourceCardinality>
<sourceEntity>ACF73EDC-C4C0-8D79-C687-6DE8ED0A5A33</sourceEntity>
<targetCardinalityString>*</targetCardinalityString>
<targetEntity>73E7D1A0-7264-53C2-4898-DF16E4CABF8B</targetEntity>
<transferable>true</transferable>
<deleteRule>NO ACTION</deleteRule>
</Relation>