<?xml version = '1.0' encoding = 'UTF-8'?>
<Relation class="oracle.dbtools.crest.model.design.logical.Relation" name="PACIENTE_EXAMEN" directorySegmentName="seg_0" id="41594D90-5923-650C-99BD-7A29007067F3">
<createdBy>ariel</createdBy>
<createdTime>2025-09-16 00:43:34 UTC</createdTime>
<ownerDesignName>Exp2_S5_NicolasCavieres</ownerDesignName>
<engineerTo>
<item key="5FE5B6C2-B17F-D373-02BC-69F51A5E9CAF" value="true"/>
</engineerTo>
<sourceTransferable>false</sourceTransferable>
<targetTransferable>false</targetTransferable>
<sourcePk>6DF05D78-9934-2CD4-491D-D2D99A5F5D95</sourcePk>
<identifying>false</identifying>
<nameOnSource>se_realiza</nameOnSource>
<nameOnTarget>realiza</nameOnTarget>
<optionalSource>true</optionalSource>
<optionalTarget>false</optionalTarget>
<sourceCardinality>1</sourceCardinality>
<sourceEntity>DAD59786-E591-27FA-50E8-B64A2377DCAD</sourceEntity>
<targetCardinalityString>*</targetCardinalityString>
<targetEntity>E2682E11-7DD6-0775-A0E9-C335AA78149E</targetEntity>
<transferable>true</transferable>
<deleteRule>NO ACTION</deleteRule>
</Relation>