<?xml version = '1.0' encoding = 'UTF-8'?>
<Relation class="oracle.dbtools.crest.model.design.logical.Relation" name="FICHA_RESULTADO" directorySegmentName="seg_0" id="4B78EA86-25A0-1A9A-80F3-CF817B6E2AF8">
<createdBy>ariel</createdBy>
<createdTime>2025-09-15 23:57:28 UTC</createdTime>
<ownerDesignName>Exp2_S5_NicolasCavieres</ownerDesignName>
<engineerTo>
<item key="5FE5B6C2-B17F-D373-02BC-69F51A5E9CAF" value="true"/>
</engineerTo>
<sourceTransferable>false</sourceTransferable>
<targetTransferable>false</targetTransferable>
<sourcePk>C625EA15-7FA4-09F9-D839-45FC73519ECA</sourcePk>
<identifying>false</identifying>
<nameOnSource>registra</nameOnSource>
<nameOnTarget>es_registrado</nameOnTarget>
<optionalSource>false</optionalSource>
<optionalTarget>true</optionalTarget>
<sourceCardinality>1</sourceCardinality>
<sourceEntity>C54CAF97-C9FB-076B-8C7C-9B43B0F64EE1</sourceEntity>
<targetCardinalityString>*</targetCardinalityString>
<targetEntity>E8B4BA3F-A941-5393-68D0-7B6C3265A453</targetEntity>
<transferable>true</transferable>
<deleteRule>NO ACTION</deleteRule>
</Relation>