<?xml version = '1.0' encoding = 'UTF-8'?>
<Relation class="oracle.dbtools.crest.model.design.logical.Relation" name="PACIENTE_BONO" directorySegmentName="seg_0" id="4E772C59-A8D3-099F-A7C8-9A52B3125D0F">
<createdBy>ariel</createdBy>
<createdTime>2025-09-15 23:10:48 UTC</createdTime>
<ownerDesignName>Exp2_S5_NicolasCavieres</ownerDesignName>
<engineerTo>
<item key="5FE5B6C2-B17F-D373-02BC-69F51A5E9CAF" value="true"/>
</engineerTo>
<sourceTransferable>false</sourceTransferable>
<targetTransferable>false</targetTransferable>
<sourcePk>6DF05D78-9934-2CD4-491D-D2D99A5F5D95</sourcePk>
<identifying>false</identifying>
<nameOnSource>compra</nameOnSource>
<nameOnTarget>pertenece</nameOnTarget>
<optionalSource>false</optionalSource>
<optionalTarget>true</optionalTarget>
<sourceCardinality>1</sourceCardinality>
<sourceEntity>DAD59786-E591-27FA-50E8-B64A2377DCAD</sourceEntity>
<targetCardinalityString>*</targetCardinalityString>
<targetEntity>73E7D1A0-7264-53C2-4898-DF16E4CABF8B</targetEntity>
<transferable>true</transferable>
<deleteRule>NO ACTION</deleteRule>
</Relation>