<?xml version = '1.0' encoding = 'UTF-8'?>
<Relation class="oracle.dbtools.crest.model.design.logical.Relation" name="ESPECIALIDAD_MEDICO" directorySegmentName="seg_0" id="59B4037A-E570-EB00-19C9-8F699387A524">
<createdBy>ariel</createdBy>
<createdTime>2025-09-15 23:26:54 UTC</createdTime>
<ownerDesignName>Exp2_S5_NicolasCavieres</ownerDesignName>
<engineerTo>
<item key="5FE5B6C2-B17F-D373-02BC-69F51A5E9CAF" value="true"/>
</engineerTo>
<sourcePk>D9D5B6C4-3242-3A7E-3CEC-8D4C45818DD4</sourcePk>
<identifying>false</identifying>
<nameOnSource>tiene</nameOnSource>
<nameOnTarget>especializado_en</nameOnTarget>
<optionalSource>true</optionalSource>
<optionalTarget>false</optionalTarget>
<sourceCardinality>1</sourceCardinality>
<sourceEntity>908FDD77-87CB-6C66-1ED5-2E892AE904F3</sourceEntity>
<targetCardinalityString>*</targetCardinalityString>
<targetEntity>CF5AB430-610F-1DCD-1FBE-C482739735CD</targetEntity>
<transferable>true</transferable>
<deleteRule>NO ACTION</deleteRule>
</Relation>