<?xml version = '1.0' encoding = 'UTF-8'?>
<Relation class="oracle.dbtools.crest.model.design.logical.Relation" name="REGISTRO_FICHA" directorySegmentName="seg_0" id="5F9318F6-403F-5089-1A65-5DE15B9B84C2">
<createdBy>ariel</createdBy>
<createdTime>2025-09-15 23:30:29 UTC</createdTime>
<ownerDesignName>Exp2_S5_NicolasCavieres</ownerDesignName>
<engineerTo>
<item key="5FE5B6C2-B17F-D373-02BC-69F51A5E9CAF" value="true"/>
</engineerTo>
<sourceTransferable>false</sourceTransferable>
<targetTransferable>false</targetTransferable>
<sourcePk>C625EA15-7FA4-09F9-D839-45FC73519ECA</sourcePk>
<targetPk>6DF05D78-9934-2CD4-491D-D2D99A5F5D95</targetPk>
<identifying>false</identifying>
<nameOnSource>pertenece_a</nameOnSource>
<nameOnTarget>tiene</nameOnTarget>
<optionalSource>false</optionalSource>
<optionalTarget>false</optionalTarget>
<sourceCardinality>1</sourceCardinality>
<sourceEntity>C54CAF97-C9FB-076B-8C7C-9B43B0F64EE1</sourceEntity>
<targetCardinalityString>1</targetCardinalityString>
<targetEntity>DAD59786-E591-27FA-50E8-B64A2377DCAD</targetEntity>
<transferable>true</transferable>
<deleteRule>NO ACTION</deleteRule>
</Relation>