<?xml version = '1.0' encoding = 'UTF-8'?>
<Relation class="oracle.dbtools.crest.model.design.logical.Relation" name="EXAMEN_SOLICITUD" directorySegmentName="seg_0" id="6136CA48-4861-9B0E-138D-19DD565A2394">
<createdBy>ariel</createdBy>
<createdTime>2025-09-15 23:51:01 UTC</createdTime>
<ownerDesignName>Exp2_S5_NicolasCavieres</ownerDesignName>
<engineerTo>
<item key="5FE5B6C2-B17F-D373-02BC-69F51A5E9CAF" value="true"/>
</engineerTo>
<sourcePk>145C756F-59EB-F5EE-5837-6509144CA9BF</sourcePk>
<identifying>false</identifying>
<nameOnSource>es_solicitado</nameOnSource>
<nameOnTarget>solicita</nameOnTarget>
<optionalSource>false</optionalSource>
<optionalTarget>true</optionalTarget>
<sourceCardinality>1</sourceCardinality>
<sourceEntity>E2682E11-7DD6-0775-A0E9-C335AA78149E</sourceEntity>
<targetCardinalityString>*</targetCardinalityString>
<targetEntity>6D6DFD75-3637-7EFA-BC2A-816F3341A61E</targetEntity>
<transferable>true</transferable>
<deleteRule>NO ACTION</deleteRule>
</Relation>