<?xml version = '1.0' encoding = 'UTF-8'?>
<Relation class="oracle.dbtools.crest.model.design.logical.Relation" name="PACIENTE_SOLICITUDATENCION" directorySegmentName="seg_0" id="61A81DB8-42C8-871E-C4FA-452B2EB3F27D">
<createdBy>ariel</createdBy>
<createdTime>2025-09-15 23:31:36 UTC</createdTime>
<ownerDesignName>Exp2_S5_NicolasCavieres</ownerDesignName>
<engineerTo>
<item key="5FE5B6C2-B17F-D373-02BC-69F51A5E9CAF" value="true"/>
</engineerTo>
<sourceTransferable>false</sourceTransferable>
<targetTransferable>false</targetTransferable>
<sourcePk>6DF05D78-9934-2CD4-491D-D2D99A5F5D95</sourcePk>
<identifying>false</identifying>
<nameOnSource>solicita</nameOnSource>
<nameOnTarget>atiende_a</nameOnTarget>
<optionalSource>true</optionalSource>
<optionalTarget>false</optionalTarget>
<sourceCardinality>1</sourceCardinality>
<sourceEntity>DAD59786-E591-27FA-50E8-B64A2377DCAD</sourceEntity>
<targetCardinalityString>*</targetCardinalityString>
<targetEntity>B5CC82E2-3187-F204-7F61-A492954D6714</targetEntity>
<transferable>true</transferable>
<deleteRule>NO ACTION</deleteRule>
</Relation>