<?xml version = '1.0' encoding = 'UTF-8'?>
<Relation class="oracle.dbtools.crest.model.design.logical.Relation" name="PERSONA_TELEFONO" directorySegmentName="seg_0" id="65B6B47D-DCBE-388C-7517-1E5B79985F92">
<createdBy>ariel</createdBy>
<createdTime>2025-09-15 23:22:18 UTC</createdTime>
<ownerDesignName>Exp2_S5_NicolasCavieres</ownerDesignName>
<engineerTo>
<item key="5FE5B6C2-B17F-D373-02BC-69F51A5E9CAF" value="true"/>
</engineerTo>
<sourcePk>6DF05D78-9934-2CD4-491D-D2D99A5F5D95</sourcePk>
<identifying>false</identifying>
<nameOnSource>registra</nameOnSource>
<nameOnTarget>registrado</nameOnTarget>
<optionalSource>true</optionalSource>
<optionalTarget>false</optionalTarget>
<sourceCardinality>1</sourceCardinality>
<sourceEntity>C08DFAFB-3533-7CC1-58CA-54DCF573F54A</sourceEntity>
<targetCardinalityString>*</targetCardinalityString>
<targetEntity>26F02ACA-20E7-31F0-6385-567EF7F48611</targetEntity>
<transferable>true</transferable>
<deleteRule>NO ACTION</deleteRule>
</Relation>