<?xml version = '1.0' encoding = 'UTF-8'?>
<Relation class="oracle.dbtools.crest.model.design.logical.Relation" name="PERSONA_GENERO" directorySegmentName="seg_0" id="67F36275-2BBD-D0A0-4B0D-D2D58C7FDD9E">
<createdBy>ariel</createdBy>
<createdTime>2025-09-15 23:23:17 UTC</createdTime>
<ownerDesignName>Exp2_S5_NicolasCavieres</ownerDesignName>
<engineerTo>
<item key="5FE5B6C2-B17F-D373-02BC-69F51A5E9CAF" value="true"/>
</engineerTo>
<sourcePk>6DF05D78-9934-2CD4-491D-D2D99A5F5D95</sourcePk>
<targetPk>CE25B720-D57C-E8E7-9CAD-51E208CF40DD</targetPk>
<identifying>false</identifying>
<nameOnSource>definido</nameOnSource>
<nameOnTarget>define</nameOnTarget>
<optionalSource>false</optionalSource>
<optionalTarget>false</optionalTarget>
<sourceCardinality>*</sourceCardinality>
<sourceEntity>C08DFAFB-3533-7CC1-58CA-54DCF573F54A</sourceEntity>
<targetCardinalityString>1</targetCardinalityString>
<targetEntity>4D325177-9401-4EA3-7083-ABCDDD690CC7</targetEntity>
<transferable>true</transferable>
<deleteRule>NO ACTION</deleteRule>
</Relation>