<?xml version = '1.0' encoding = 'UTF-8'?>
<Relation class="oracle.dbtools.crest.model.design.logical.Relation" name="MEDICO_ATENCION" directorySegmentName="seg_0" id="6AA0E003-1B5D-450C-0E41-DC546EE58B3B">
<createdBy>ariel</createdBy>
<createdTime>2025-09-15 23:39:06 UTC</createdTime>
<ownerDesignName>Exp2_S5_NicolasCavieres</ownerDesignName>
<engineerTo>
<item key="5FE5B6C2-B17F-D373-02BC-69F51A5E9CAF" value="true"/>
</engineerTo>
<sourcePk>9D977903-5EFA-1E98-EE27-F9B4B448F833</sourcePk>
<identifying>false</identifying>
<nameOnSource>realiza</nameOnSource>
<nameOnTarget>realizada_por</nameOnTarget>
<optionalSource>true</optionalSource>
<optionalTarget>false</optionalTarget>
<sourceCardinality>1</sourceCardinality>
<sourceEntity>CF5AB430-610F-1DCD-1FBE-C482739735CD</sourceEntity>
<targetCardinalityString>*</targetCardinalityString>
<targetEntity>A6783D94-D52C-ADC3-4EB8-C46E1DB33E51</targetEntity>
<transferable>true</transferable>
<deleteRule>NO ACTION</deleteRule>
</Relation>