<?xml version = '1.0' encoding = 'UTF-8'?>
<Relation class="oracle.dbtools.crest.model.design.logical.Relation" name="PAGO_EXAMEN" directorySegmentName="seg_0" id="6C54E7FE-A5DB-F689-99F5-8F687039CF61">
<createdBy>ariel</createdBy>
<createdTime>2025-09-15 23:59:53 UTC</createdTime>
<ownerDesignName>Exp2_S5_NicolasCavieres</ownerDesignName>
<engineerTo>
<item key="5FE5B6C2-B17F-D373-02BC-69F51A5E9CAF" value="true"/>
</engineerTo>
<sourceTransferable>false</sourceTransferable>
<targetTransferable>false</targetTransferable>
<sourcePk>39D5EBA8-F72B-416B-AEED-A1CC8DA8FDDB</sourcePk>
<targetPk>145C756F-59EB-F5EE-5837-6509144CA9BF</targetPk>
<identifying>false</identifying>
<nameOnSource>paga</nameOnSource>
<nameOnTarget>es_pagado</nameOnTarget>
<optionalSource>false</optionalSource>
<optionalTarget>false</optionalTarget>
<sourceCardinality>1</sourceCardinality>
<sourceEntity>DB8B3B04-39C8-D392-2A15-EDF26B96034F</sourceEntity>
<targetCardinalityString>1</targetCardinalityString>
<targetEntity>E2682E11-7DD6-0775-A0E9-C335AA78149E</targetEntity>
<transferable>true</transferable>
<deleteRule>NO ACTION</deleteRule>
</Relation>