<?xml version = '1.0' encoding = 'UTF-8'?>
<Relation class="oracle.dbtools.crest.model.design.logical.Relation" name="Relation_8" directorySegmentName="seg_0" id="7624567E-DF9A-FA8E-F0AC-59D7CCC67DD7">
<createdBy>ariel</createdBy>
<createdTime>2025-09-15 23:13:36 UTC</createdTime>
<ownerDesignName>Exp2_S5_NicolasCavieres</ownerDesignName>
<engineerTo>
<item key="5FE5B6C2-B17F-D373-02BC-69F51A5E9CAF" value="true"/>
</engineerTo>
<sourcePk>0790F8B2-F1BA-FFB0-0FC6-19960153A908</sourcePk>
<identifying>false</identifying>
<nameOnSource>elegido</nameOnSource>
<nameOnTarget>elige</nameOnTarget>
<optionalSource>true</optionalSource>
<optionalTarget>false</optionalTarget>
<sourceCardinality>*</sourceCardinality>
<sourceEntity>8A9864B1-FD25-B7B9-0F34-87678765E787</sourceEntity>
<targetCardinalityString>*</targetCardinalityString>
<targetEntity>27F295CA-E1E6-2642-7CA9-495064715AF0</targetEntity>
<transferable>true</transferable>
<deleteRule>NO ACTION</deleteRule>
</Relation>