<?xml version = '1.0' encoding = 'UTF-8'?>
<Relation class="oracle.dbtools.crest.model.design.logical.Relation" name="MEDICO_EXAMEN" directorySegmentName="seg_0" id="7D3FAC92-DDD5-A520-BF43-9B2D330C237B">
<createdBy>ariel</createdBy>
<createdTime>2025-09-16 00:06:42 UTC</createdTime>
<ownerDesignName>Exp2_S5_NicolasCavieres</ownerDesignName>
<engineerTo>
<item key="5FE5B6C2-B17F-D373-02BC-69F51A5E9CAF" value="true"/>
</engineerTo>
<sourceTransferable>false</sourceTransferable>
<targetTransferable>false</targetTransferable>
<sourcePk>9D977903-5EFA-1E98-EE27-F9B4B448F833</sourcePk>
<identifying>false</identifying>
<nameOnSource>realiza</nameOnSource>
<nameOnTarget>es_realizado</nameOnTarget>
<optionalSource>false</optionalSource>
<optionalTarget>true</optionalTarget>
<sourceCardinality>1</sourceCardinality>
<sourceEntity>CF5AB430-610F-1DCD-1FBE-C482739735CD</sourceEntity>
<targetCardinalityString>*</targetCardinalityString>
<targetEntity>E2682E11-7DD6-0775-A0E9-C335AA78149E</targetEntity>
<transferable>true</transferable>
<deleteRule>NO ACTION</deleteRule>
</Relation>