<?xml version = '1.0' encoding = 'UTF-8'?>
<Relation class="oracle.dbtools.crest.model.design.logical.Relation" name="FICHA_ATENCION" directorySegmentName="seg_0" id="85EB5C9F-30F7-BE3F-C0FE-070FC84C7876">
<createdBy>ariel</createdBy>
<createdTime>2025-09-15 23:39:59 UTC</createdTime>
<ownerDesignName>Exp2_S5_NicolasCavieres</ownerDesignName>
<engineerTo>
<item key="5FE5B6C2-B17F-D373-02BC-69F51A5E9CAF" value="true"/>
</engineerTo>
<sourceTransferable>false</sourceTransferable>
<targetTransferable>false</targetTransferable>
<sourcePk>C625EA15-7FA4-09F9-D839-45FC73519ECA</sourcePk>
<identifying>false</identifying>
<nameOnSource>registra</nameOnSource>
<nameOnTarget>es_registrada</nameOnTarget>
<optionalSource>false</optionalSource>
<optionalTarget>true</optionalTarget>
<sourceCardinality>1</sourceCardinality>
<sourceEntity>C54CAF97-C9FB-076B-8C7C-9B43B0F64EE1</sourceEntity>
<targetCardinalityString>*</targetCardinalityString>
<targetEntity>A6783D94-D52C-ADC3-4EB8-C46E1DB33E51</targetEntity>
<transferable>true</transferable>
<deleteRule>NO ACTION</deleteRule>
</Relation>