<?xml version = '1.0' encoding = 'UTF-8'?>
<Relation class="oracle.dbtools.crest.model.design.logical.Relation" name="DIRECCION_COMUNA" directorySegmentName="seg_0" id="8B9D92FB-1252-4B3F-5746-3EC178A887CC">
<createdBy>ariel</createdBy>
<createdTime>2025-09-15 22:11:56 UTC</createdTime>
<ownerDesignName>Exp2_S5_NicolasCavieres</ownerDesignName>
<engineerTo>
<item key="5FE5B6C2-B17F-D373-02BC-69F51A5E9CAF" value="true"/>
</engineerTo>
<sourcePk>E31C1FE1-D0DF-9B66-7BF3-07E6B07B7E37</sourcePk>
<identifying>false</identifying>
<optionalSource>false</optionalSource>
<optionalTarget>false</optionalTarget>
<sourceCardinality>1</sourceCardinality>
<sourceEntity>C146CE85-E4DA-0AEF-B790-FAC877B16DD1</sourceEntity>
<targetCardinalityString>*</targetCardinalityString>
<targetEntity>BCE29E90-163C-26FD-4531-370437330F6F</targetEntity>
<transferable>true</transferable>
<deleteRule>NO ACTION</deleteRule>
</Relation>