<?xml version = '1.0' encoding = 'UTF-8'?>
<Relation class="oracle.dbtools.crest.model.design.logical.Relation" name="EXAMEN_RESULTADO" directorySegmentName="seg_0" id="9F7737F5-979C-496C-C5E3-B4EDBF53093B">
<createdBy>ariel</createdBy>
<createdTime>2025-09-15 23:42:40 UTC</createdTime>
<ownerDesignName>Exp2_S5_NicolasCavieres</ownerDesignName>
<engineerTo>
<item key="5FE5B6C2-B17F-D373-02BC-69F51A5E9CAF" value="true"/>
</engineerTo>
<sourceTransferable>false</sourceTransferable>
<targetTransferable>false</targetTransferable>
<sourcePk>145C756F-59EB-F5EE-5837-6509144CA9BF</sourcePk>
<identifying>false</identifying>
<nameOnSource>pide_resultado</nameOnSource>
<nameOnTarget>entrega_resultado</nameOnTarget>
<optionalSource>true</optionalSource>
<optionalTarget>false</optionalTarget>
<sourceCardinality>1</sourceCardinality>
<sourceEntity>E2682E11-7DD6-0775-A0E9-C335AA78149E</sourceEntity>
<targetCardinalityString>1</targetCardinalityString>
<targetEntity>E8B4BA3F-A941-5393-68D0-7B6C3265A453</targetEntity>
<transferable>true</transferable>
<deleteRule>NO ACTION</deleteRule>
</Relation>