<?xml version = '1.0' encoding = 'UTF-8'?>
<Relation class="oracle.dbtools.crest.model.design.logical.Relation" name="UNIDAD_MEDICO" directorySegmentName="seg_0" id="A6B9E27D-D99C-B6BA-2021-256D67F89581">
<createdBy>ariel</createdBy>
<createdTime>2025-09-15 23:24:40 UTC</createdTime>
<ownerDesignName>Exp2_S5_NicolasCavieres</ownerDesignName>
<engineerTo>
<item key="5FE5B6C2-B17F-D373-02BC-69F51A5E9CAF" value="true"/>
</engineerTo>
<sourcePk>3167D5C5-28DF-A4B4-349E-0806CA2F0B7E</sourcePk>
<identifying>false</identifying>
<nameOnSource>tiene</nameOnSource>
<nameOnTarget>trabaja_en</nameOnTarget>
<optionalSource>false</optionalSource>
<optionalTarget>false</optionalTarget>
<sourceCardinality>1</sourceCardinality>
<sourceEntity>2FA4225B-BD0E-74DC-8577-D50E50DCDC7A</sourceEntity>
<targetCardinalityString>*</targetCardinalityString>
<targetEntity>CF5AB430-610F-1DCD-1FBE-C482739735CD</targetEntity>
<transferable>true</transferable>
<deleteRule>NO ACTION</deleteRule>
</Relation>