<?xml version = '1.0' encoding = 'UTF-8'?>
<Relation class="oracle.dbtools.crest.model.design.logical.Relation" name="PERSONA_ESTADOCIVIL" directorySegmentName="seg_0" id="AB0B1420-A7C4-6A79-CE30-84098E686475">
<createdBy>ariel</createdBy>
<createdTime>2025-09-15 23:22:40 UTC</createdTime>
<ownerDesignName>Exp2_S5_NicolasCavieres</ownerDesignName>
<engineerTo>
<item key="5FE5B6C2-B17F-D373-02BC-69F51A5E9CAF" value="true"/>
</engineerTo>
<sourcePk>6DF05D78-9934-2CD4-491D-D2D99A5F5D95</sourcePk>
<targetPk>8085EA64-D3D6-8568-11DA-EFE533BE89E4</targetPk>
<identifying>false</identifying>
<nameOnSource>definido</nameOnSource>
<nameOnTarget>define</nameOnTarget>
<optionalSource>false</optionalSource>
<optionalTarget>true</optionalTarget>
<sourceCardinality>*</sourceCardinality>
<sourceEntity>C08DFAFB-3533-7CC1-58CA-54DCF573F54A</sourceEntity>
<targetCardinalityString>1</targetCardinalityString>
<targetEntity>5C27E2A9-771C-7C0C-96D6-673C33330AAF</targetEntity>
<transferable>true</transferable>
<deleteRule>NO ACTION</deleteRule>
</Relation>