<?xml version = '1.0' encoding = 'UTF-8'?>
<Relation class="oracle.dbtools.crest.model.design.logical.Relation" name="PACIENTE_SOLICITUDEXAMEN" directorySegmentName="seg_0" id="C8DBE5A8-08F7-681E-F72A-B9A95BF2E120">
<createdBy>ariel</createdBy>
<createdTime>2025-09-15 23:32:26 UTC</createdTime>
<ownerDesignName>Exp2_S5_NicolasCavieres</ownerDesignName>
<engineerTo>
<item key="5FE5B6C2-B17F-D373-02BC-69F51A5E9CAF" value="true"/>
</engineerTo>
<sourceTransferable>false</sourceTransferable>
<targetTransferable>false</targetTransferable>
<sourcePk>6DF05D78-9934-2CD4-491D-D2D99A5F5D95</sourcePk>
<identifying>false</identifying>
<nameOnSource>solicita</nameOnSource>
<nameOnTarget>atiende_a</nameOnTarget>
<optionalSource>true</optionalSource>
<optionalTarget>false</optionalTarget>
<sourceCardinality>1</sourceCardinality>
<sourceEntity>DAD59786-E591-27FA-50E8-B64A2377DCAD</sourceEntity>
<targetCardinalityString>*</targetCardinalityString>
<targetEntity>6D6DFD75-3637-7EFA-BC2A-816F3341A61E</targetEntity>
<transferable>true</transferable>
<deleteRule>NO ACTION</deleteRule>
</Relation>