<?xml version = '1.0' encoding = 'UTF-8'?>
<Relation class="oracle.dbtools.crest.model.design.logical.Relation" name="GENERA_ATENCION" directorySegmentName="seg_0" id="D297B148-5B3E-6037-A8D6-6D08BFB5ACC1">
<createdBy>ariel</createdBy>
<createdTime>2025-09-15 23:36:34 UTC</createdTime>
<ownerDesignName>Exp2_S5_NicolasCavieres</ownerDesignName>
<engineerTo>
<item key="5FE5B6C2-B17F-D373-02BC-69F51A5E9CAF" value="true"/>
</engineerTo>
<sourceTransferable>false</sourceTransferable>
<targetTransferable>false</targetTransferable>
<sourcePk>7C26B2F7-9F52-DEEC-31C3-6ECD2CD62975</sourcePk>
<targetPk>4E0F3F49-B993-207D-945A-63E4C25AE192</targetPk>
<identifying>false</identifying>
<nameOnSource>solicita</nameOnSource>
<nameOnTarget>es_solicitada</nameOnTarget>
<optionalSource>true</optionalSource>
<optionalTarget>true</optionalTarget>
<sourceCardinality>1</sourceCardinality>
<sourceEntity>B5CC82E2-3187-F204-7F61-A492954D6714</sourceEntity>
<targetCardinalityString>1</targetCardinalityString>
<targetEntity>A6783D94-D52C-ADC3-4EB8-C46E1DB33E51</targetEntity>
<transferable>true</transferable>
<deleteRule>NO ACTION</deleteRule>
</Relation>