<?xml version = '1.0' encoding = 'UTF-8'?>
<Relation class="oracle.dbtools.crest.model.design.logical.Relation" name="PERSONA_DIRECCION" directorySegmentName="seg_0" id="DB5B8FAE-0401-1856-B306-5194D4E97A07">
<createdBy>ariel</createdBy>
<createdTime>2025-09-15 22:12:03 UTC</createdTime>
<ownerDesignName>Exp2_S5_NicolasCavieres</ownerDesignName>
<engineerTo>
<item key="5FE5B6C2-B17F-D373-02BC-69F51A5E9CAF" value="true"/>
</engineerTo>
<sourcePk>83527D5A-04DC-2200-BDB6-3721F21D81DA</sourcePk>
<identifying>false</identifying>
<optionalSource>false</optionalSource>
<optionalTarget>false</optionalTarget>
<sourceCardinality>1</sourceCardinality>
<sourceEntity>BCE29E90-163C-26FD-4531-370437330F6F</sourceEntity>
<targetCardinalityString>*</targetCardinalityString>
<targetEntity>C08DFAFB-3533-7CC1-58CA-54DCF573F54A</targetEntity>
<transferable>true</transferable>
<deleteRule>NO ACTION</deleteRule>
</Relation>