<?xml version = '1.0' encoding = 'UTF-8'?>
<Relation class="oracle.dbtools.crest.model.design.logical.Relation" name="MEDICO_SOLICITUDEXAMEN" directorySegmentName="seg_0" id="DD80CC1E-93F0-6600-5924-5C7AC57B70D2">
<createdBy>ariel</createdBy>
<createdTime>2025-09-16 00:05:03 UTC</createdTime>
<ownerDesignName>Exp2_S5_NicolasCavieres</ownerDesignName>
<engineerTo>
<item key="5FE5B6C2-B17F-D373-02BC-69F51A5E9CAF" value="true"/>
</engineerTo>
<sourcePk>9D977903-5EFA-1E98-EE27-F9B4B448F833</sourcePk>
<identifying>false</identifying>
<nameOnSource>solicita</nameOnSource>
<nameOnTarget>es_solicitado</nameOnTarget>
<optionalSource>false</optionalSource>
<optionalTarget>true</optionalTarget>
<sourceCardinality>1</sourceCardinality>
<sourceEntity>CF5AB430-610F-1DCD-1FBE-C482739735CD</sourceEntity>
<targetCardinalityString>*</targetCardinalityString>
<targetEntity>6D6DFD75-3637-7EFA-BC2A-816F3341A61E</targetEntity>
<transferable>true</transferable>
<deleteRule>NO ACTION</deleteRule>
</Relation>