<?xml version = '1.0' encoding = 'UTF-8'?>
<Relation class="oracle.dbtools.crest.model.design.logical.Relation" name="Relation_26" directorySegmentName="seg_0" id="E1320A54-BD91-7D04-3C5A-806580C71174">
<createdBy>ariel</createdBy>
<createdTime>2025-09-15 23:35:32 UTC</createdTime>
<ownerDesignName>Exp2_S5_NicolasCavieres</ownerDesignName>
<engineerTo>
<item key="5FE5B6C2-B17F-D373-02BC-69F51A5E9CAF" value="true"/>
</engineerTo>
<sourcePk>27E9E7F6-2C18-C058-2FA3-40A78DF293B3</sourcePk>
<identifying>false</identifying>
<nameOnSource>tiene_a</nameOnSource>
<nameOnTarget>registra</nameOnTarget>
<optionalSource>false</optionalSource>
<optionalTarget>true</optionalTarget>
<sourceCardinality>1</sourceCardinality>
<sourceEntity>1A023A4D-4D88-1F60-1774-14C05522520A</sourceEntity>
<targetCardinalityString>*</targetCardinalityString>
<targetEntity>C08DFAFB-3533-7CC1-58CA-54DCF573F54A</targetEntity>
<transferable>true</transferable>
<deleteRule>NO ACTION</deleteRule>
</Relation>