<?xml version = '1.0' encoding = 'UTF-8'?>
<Relation class="oracle.dbtools.crest.model.design.logical.Relation" name="MODALIDAD_ANTENCION" directorySegmentName="seg_0" id="EC2D805E-09C7-E0BB-03CD-1A38F00C9AB6">
<createdBy>ariel</createdBy>
<createdTime>2025-09-15 23:50:18 UTC</createdTime>
<ownerDesignName>Exp2_S5_NicolasCavieres</ownerDesignName>
<engineerTo>
<item key="5FE5B6C2-B17F-D373-02BC-69F51A5E9CAF" value="true"/>
</engineerTo>
<sourcePk>1A038BF2-DE32-6274-7564-3704B4F88C09</sourcePk>
<identifying>false</identifying>
<nameOnSource>realiza</nameOnSource>
<nameOnTarget>es_realizada</nameOnTarget>
<optionalSource>false</optionalSource>
<optionalTarget>true</optionalTarget>
<sourceCardinality>1</sourceCardinality>
<sourceEntity>CC991436-1568-81C7-61B9-9EA592C68FB2</sourceEntity>
<targetCardinalityString>*</targetCardinalityString>
<targetEntity>A6783D94-D52C-ADC3-4EB8-C46E1DB33E51</targetEntity>
<transferable>true</transferable>
<deleteRule>NO ACTION</deleteRule>
</Relation>