<?xml version = '1.0' encoding = 'UTF-8'?>
<Relation class="oracle.dbtools.crest.model.design.logical.Relation" name="Relation_21" directorySegmentName="seg_0" id="F7CBFEAE-265C-A0A2-FFAB-E1F212F97738">
<createdBy>ariel</createdBy>
<createdTime>2025-09-15 23:29:34 UTC</createdTime>
<ownerDesignName>Exp2_S5_NicolasCavieres</ownerDesignName>
<engineerTo>
<item key="5FE5B6C2-B17F-D373-02BC-69F51A5E9CAF" value="true"/>
</engineerTo>
<targetPk>9D977903-5EFA-1E98-EE27-F9B4B448F833</targetPk>
<identifying>false</identifying>
<nameOnSource>supervisa</nameOnSource>
<nameOnTarget>es_supervisado</nameOnTarget>
<optionalSource>true</optionalSource>
<optionalTarget>true</optionalTarget>
<sourceCardinality>1</sourceCardinality>
<sourceEntity>CF5AB430-610F-1DCD-1FBE-C482739735CD</sourceEntity>
<targetCardinalityString>*</targetCardinalityString>
<targetEntity>CF5AB430-610F-1DCD-1FBE-C482739735CD</targetEntity>
<transferable>true</transferable>
<deleteRule>NO ACTION</deleteRule>
</Relation>