<?xml version = '1.0' encoding = 'UTF-8'?>
<Relation class="oracle.dbtools.crest.model.design.logical.Relation" name="INSTITUCION_MEDICO" directorySegmentName="seg_0" id="FA44AADF-F1B0-1669-95E6-B708D339A600">
<createdBy>ariel</createdBy>
<createdTime>2025-09-15 23:27:53 UTC</createdTime>
<ownerDesignName>Exp2_S5_NicolasCavieres</ownerDesignName>
<engineerTo>
<item key="5FE5B6C2-B17F-D373-02BC-69F51A5E9CAF" value="true"/>
</engineerTo>
<sourcePk>4E2F05B4-3DBA-64F9-D297-D6813F9B24AA</sourcePk>
<identifying>false</identifying>
<nameOnSource>tiene</nameOnSource>
<nameOnTarget>pertenece</nameOnTarget>
<optionalSource>true</optionalSource>
<optionalTarget>false</optionalTarget>
<sourceCardinality>1</sourceCardinality>
<sourceEntity>60AE72CB-96B5-1310-C6DB-F12040E419AE</sourceEntity>
<targetCardinalityString>*</targetCardinalityString>
<targetEntity>CF5AB430-610F-1DCD-1FBE-C482739735CD</targetEntity>
<transferable>true</transferable>
<deleteRule>NO ACTION</deleteRule>
</Relation>