<?xml version = '1.0' encoding = 'UTF-8'?>
<FKArc class="oracle.dbtools.crest.model.design.relational.FKArc" directorySegmentName="seg_0" id="2F08C52A-DACA-3260-25CA-B9853609D8C2" name="TEMPORAL/PERMANENTE">
<createdBy>ariel</createdBy>
<createdTime>2025-09-02 03:10:34 UTC</createdTime>
<ownerDesignName>Encargo_Semanal</ownerDesignName>
<mandatory>false</mandatory>
<reverseArc>true</reverseArc>
<table>AB6285A4-3801-E28E-D945-6C43B64C6DC7</table>
<fkeys>
<fkeyID>847E9966-5F07-AFB2-3672-2D07D7871C03</fkeyID>
<fkeyID>E2486155-B4C4-BD76-AE75-9944208B4247</fkeyID>
</fkeys>
</FKArc>