<?xml version = '1.0' encoding = 'UTF-8'?>
<FKArc class="oracle.dbtools.crest.model.design.relational.FKArc" directorySegmentName="seg_0" id="567ABC95-7BA4-31D4-564C-86FEEA97B5FF" name="FKArc_3">
<createdBy>ariel</createdBy>
<createdTime>2025-09-02 03:10:34 UTC</createdTime>
<ownerDesignName>Encargo_Semanal</ownerDesignName>
<mandatory>false</mandatory>
<reverseArc>true</reverseArc>
<table>DD2042A8-CDF9-71D8-264A-2E1FFAE6A00A</table>
<fkeys>
<fkeyID>9D0116C9-897F-7CB9-B871-25F6E7C5F856</fkeyID>
<fkeyID>EB826CA7-1F70-CD9F-7AA6-C15E590C2725</fkeyID>
</fkeys>
</FKArc>