<?xml version = '1.0' encoding = 'UTF-8'?>
<FKArc class="oracle.dbtools.crest.model.design.relational.FKArc" directorySegmentName="seg_0" id="986DB2B8-0697-BE0C-941A-0DA3FD0AC5DE" name="FKArc_2">
<createdBy>ariel</createdBy>
<createdTime>2025-09-02 03:10:34 UTC</createdTime>
<ownerDesignName>Encargo_Semanal</ownerDesignName>
<mandatory>false</mandatory>
<reverseArc>true</reverseArc>
<table>81442AB4-043B-0771-234D-6E51441B21B3</table>
<fkeys>
<fkeyID>97BE8657-B495-B253-6986-27C8DCC2E29B</fkeyID>
<fkeyID>72CFAA57-1093-FC10-20F0-8C204247001B</fkeyID>
</fkeys>
</FKArc>