<?xml version = '1.0' encoding = 'UTF-8'?>
<FKArc class="oracle.dbtools.crest.model.design.relational.FKArc" directorySegmentName="seg_0" id="BE1690FB-D9F7-9CB9-23B0-60911F1215E2" name="Arc_1">
<createdBy>ariel</createdBy>
<createdTime>2025-09-16 01:07:42 UTC</createdTime>
<ownerDesignName>Exp2_S5_NicolasCavieres</ownerDesignName>
<mandatory>false</mandatory>
<reverseArc>true</reverseArc>
<table>6F20848B-658B-B627-6A20-8E35EFF9B8AD</table>
<fkeys>
<fkeyID>2D420B6D-3F91-3C2B-22FB-ACD68EE65001</fkeyID>
<fkeyID>4F8CCF92-8AE0-229C-51CF-BC072A72230D</fkeyID>
</fkeys>
</FKArc>