<?xml version = '1.0' encoding = 'UTF-8'?>
<Diagram class="oracle.dbtools.crest.swingui.relational.DPVRelational" name="Relational_1" id="FE7F2EE6-3DB1-8834-C362-3AB8D5BF7C00">
<createdBy>ariel</createdBy>
<modifiedBy>ariel</modifiedBy>
<createdTime>2025-09-02 03:10:34 UTC</createdTime>
<autoRoute>false</autoRoute>
<boxInbox>true</boxInbox>
<showLegend>false</showLegend>
<showLabels>false</showLabels>
<showRelAttributes>false</showRelAttributes>
<gridEnabled>false</gridEnabled>
<showGrid>false</showGrid>
<diagramColor>-1</diagramColor>
<display>false</display>
<notation>1</notation>
<objectViews>
<OView class="oracle.dbtools.crest.swingui.relational.TVTable" oid="255B2794-842D-5C0B-25DA-1836B4BCDB01" otype="Table" vid="ADD24ADE-03D8-E3D6-6985-B9BC7B0788C6">
<hideElementsInCurrentOnly>false</hideElementsInCurrentOnly>
<bounds x="1308" y="1272" width="239" height="111"/>
</OView>
<OView class="oracle.dbtools.crest.swingui.relational.TVTable" oid="5A93932E-A4DA-15B3-3673-285C1D242D4F" otype="Table" vid="86D362C6-FFBA-E288-B176-23A7152F124C">
<hideElementsInCurrentOnly>false</hideElementsInCurrentOnly>
<bounds x="1586" y="933" width="308" height="175"/>
</OView>
<OView class="oracle.dbtools.crest.swingui.relational.TVTable" oid="70AE4C28-3989-514D-AA47-4FA69BC0D9B0" otype="Table" vid="37330962-7FF6-00DD-2141-BCECE68FCB88">
<hideElementsInCurrentOnly>false</hideElementsInCurrentOnly>
<bounds x="587" y="663" width="345" height="173"/>
</OView>
<OView class="oracle.dbtools.crest.swingui.relational.TVTable" oid="81442AB4-043B-0771-234D-6E51441B21B3" otype="Table" vid="13CBE170-5CC4-1660-4EA5-A3F760BF52A9">
<hideElementsInCurrentOnly>false</hideElementsInCurrentOnly>
<bounds x="214" y="966" width="275" height="174"/>
</OView>
<OView class="oracle.dbtools.crest.swingui.relational.TVTable" oid="AB6285A4-3801-E28E-D945-6C43B64C6DC7" otype="Table" vid="F9099896-F520-E204-C59E-1BFFB67CF811">
<hideElementsInCurrentOnly>false</hideElementsInCurrentOnly>
<bounds x="1154" y="1022" width="273" height="173"/>
</OView>
<OView class="oracle.dbtools.crest.swingui.relational.TVTable" oid="B00F3F79-FB4E-C2AF-8F9D-34683FC7E965" otype="Table" vid="A81F1BDF-C822-2505-021F-05487B5BBB86">
<hideElementsInCurrentOnly>false</hideElementsInCurrentOnly>
<bounds x="669" y="360" width="537" height="171"/>
</OView>
<OView class="oracle.dbtools.crest.swingui.relational.TVTable" oid="C4302AE8-107A-3EE0-B583-9FBD669FD205" otype="Table" vid="E9CFA8F2-9BCE-2406-310A-A1A313D0D45A">
<hideElementsInCurrentOnly>false</hideElementsInCurrentOnly>
<bounds x="941" y="49" width="285" height="114"/>
</OView>
<OView class="oracle.dbtools.crest.swingui.relational.TVTable" oid="CD053FD1-62D2-E2FE-DF37-A3F70EF0C0BE" otype="Table" vid="0C8D79B3-D979-8DB5-FBFF-D08A3CEAE268">
<hideElementsInCurrentOnly>false</hideElementsInCurrentOnly>
<bounds x="47" y="33" width="270" height="252"/>
</OView>
<OView class="oracle.dbtools.crest.swingui.relational.TVTable" oid="DD2042A8-CDF9-71D8-264A-2E1FFAE6A00A" otype="Table" vid="11AD3CE1-5EBB-BF12-9593-BE6DC9E0954B">
<hideElementsInCurrentOnly>false</hideElementsInCurrentOnly>
<bounds x="161" y="418" width="323" height="207"/>
</OView>
<OView class="oracle.dbtools.crest.swingui.relational.TVTable" oid="DF6DC47C-52AA-A2B1-A0B3-CCAFE7E56543" otype="Table" vid="E136F072-AFDA-5AD1-5385-0FA342C6E70F">
<hideElementsInCurrentOnly>false</hideElementsInCurrentOnly>
<bounds x="391" y="60" width="307" height="244"/>
</OView>
<OView class="oracle.dbtools.crest.swingui.relational.TVTable" oid="DF7707DF-88E2-1060-146D-B299B68CE997" otype="Table" vid="ECE30356-AC5D-7F6B-3838-08BB37D8DEA9">
<hideElementsInCurrentOnly>false</hideElementsInCurrentOnly>
<bounds x="1118" y="608" width="324" height="185"/>
</OView>
<OView class="oracle.dbtools.crest.swingui.relational.TVTable" oid="E0168FB2-ADFA-6A9A-7EC0-86E456FBAFAF" otype="Table" vid="70CAEA26-DEEA-B85E-CE3E-5C6B232D505A">
<hideElementsInCurrentOnly>false</hideElementsInCurrentOnly>
<bounds x="599" y="897" width="255" height="152"/>
</OView>
<OView class="oracle.dbtools.crest.swingui.relational.TVTable" oid="FB5C8D08-E58F-79B9-373D-60F7F84CF287" otype="Table" vid="7C73994C-F795-66A7-9269-E6E8E9B4EF12">
<hideElementsInCurrentOnly>false</hideElementsInCurrentOnly>
<bounds x="1025" y="1272" width="233" height="109"/>
</OView>
<OView class="oracle.dbtools.crest.swingui.relational.TVTable" oid="FC310240-5DBF-6F83-1F51-6CE477563712" otype="Table" vid="856DCF4A-D1EB-5A7B-BE52-0D78D14AF114">
<hideElementsInCurrentOnly>false</hideElementsInCurrentOnly>
<bounds x="1507" y="412" width="240" height="138"/>
</OView>
</objectViews>
<connectors>
<Connector class="oracle.dbtools.crest.swingui.relational.TVFKRelation" oid="141BF1A0-76CB-1F16-C205-3B2F70590DCA" otype="FKIndexAssociation" vid_source="A81F1BDF-C822-2505-021F-05487B5BBB86" vid_target="37330962-7FF6-00DD-2141-BCECE68FCB88">
<hideElementsInCurrentOnly>false</hideElementsInCurrentOnly>
<backgroundColor>-16777216</backgroundColor>
<lineWidth>1</lineWidth>
<points>
<point x="800" y="531"/>
<point x="800" y="663"/>
</points>
</Connector>
<Connector class="oracle.dbtools.crest.swingui.relational.TVFKRelation" oid="46E2179B-2608-2F6D-CE93-26E14C8FC4B2" otype="FKIndexAssociation" vid_source="A81F1BDF-C822-2505-021F-05487B5BBB86" vid_target="856DCF4A-D1EB-5A7B-BE52-0D78D14AF114">
<hideElementsInCurrentOnly>false</hideElementsInCurrentOnly>
<backgroundColor>-16777216</backgroundColor>
<lineWidth>1</lineWidth>
<points>
<point x="1206" y="471"/>
<point x="1507" y="471"/>
</points>
</Connector>
<Connector class="oracle.dbtools.crest.swingui.relational.TVFKRelation" oid="4FDF72DC-A14A-0ECE-3633-17DEA92F040C" otype="FKIndexAssociation" vid_source="F9099896-F520-E204-C59E-1BFFB67CF811" vid_target="86D362C6-FFBA-E288-B176-23A7152F124C">
<hideElementsInCurrentOnly>false</hideElementsInCurrentOnly>
<backgroundColor>-16777216</backgroundColor>
<lineWidth>1</lineWidth>
<points>
<point x="1427" y="1065"/>
<point x="1586" y="1065"/>
</points>
</Connector>
<Connector class="oracle.dbtools.crest.swingui.relational.TVFKRelation" oid="5A3A6CFA-5A1F-F976-60EC-526AD8616F85" otype="FKIndexAssociation" vid_source="F9099896-F520-E204-C59E-1BFFB67CF811" vid_target="ECE30356-AC5D-7F6B-3838-08BB37D8DEA9">
<hideElementsInCurrentOnly>false</hideElementsInCurrentOnly>
<backgroundColor>-16777216</backgroundColor>
<lineWidth>1</lineWidth>
<points>
<point x="1305" y="1022"/>
<point x="1305" y="793"/>
</points>
</Connector>
<Connector class="oracle.dbtools.crest.swingui.relational.TVFKRelation" oid="661D3C01-2D6B-0E2F-1072-0CCC7642BCB9" otype="FKIndexAssociation" vid_source="37330962-7FF6-00DD-2141-BCECE68FCB88" vid_target="ECE30356-AC5D-7F6B-3838-08BB37D8DEA9">
<hideElementsInCurrentOnly>false</hideElementsInCurrentOnly>
<backgroundColor>-16777216</backgroundColor>
<lineWidth>1</lineWidth>
<points>
<point x="932" y="728"/>
<point x="1118" y="728"/>
</points>
</Connector>
<Connector class="oracle.dbtools.crest.swingui.relational.TVFKRelation" oid="66E16BCA-45F0-411A-DBB5-427107C5AC00" otype="FKIndexAssociation" vid_source="856DCF4A-D1EB-5A7B-BE52-0D78D14AF114" vid_target="86D362C6-FFBA-E288-B176-23A7152F124C">
<hideElementsInCurrentOnly>false</hideElementsInCurrentOnly>
<backgroundColor>-16777216</backgroundColor>
<lineWidth>1</lineWidth>
<points>
<point x="1666" y="550"/>
<point x="1666" y="933"/>
</points>
</Connector>
<Connector class="oracle.dbtools.crest.swingui.relational.TVFKRelation" oid="72CFAA57-1093-FC10-20F0-8C204247001B" otype="FKIndexAssociation" vid_source="13CBE170-5CC4-1660-4EA5-A3F760BF52A9" vid_target="F9099896-F520-E204-C59E-1BFFB67CF811">
<hideElementsInCurrentOnly>false</hideElementsInCurrentOnly>
<backgroundColor>-16777216</backgroundColor>
<lineWidth>1</lineWidth>
<points>
<point x="489" y="1096"/>
<point x="1154" y="1096"/>
</points>
</Connector>
<Connector class="oracle.dbtools.crest.swingui.relational.TVFKRelation" oid="847E9966-5F07-AFB2-3672-2D07D7871C03" otype="FKIndexAssociation" vid_source="F9099896-F520-E204-C59E-1BFFB67CF811" vid_target="7C73994C-F795-66A7-9269-E6E8E9B4EF12">
<hideElementsInCurrentOnly>false</hideElementsInCurrentOnly>
<backgroundColor>-16777216</backgroundColor>
<lineWidth>1</lineWidth>
<points>
<point x="1206" y="1195"/>
<point x="1206" y="1272"/>
</points>
</Connector>
<Connector class="oracle.dbtools.crest.swingui.relational.TVFKRelation" oid="97BE8657-B495-B253-6986-27C8DCC2E29B" otype="FKIndexAssociation" vid_source="13CBE170-5CC4-1660-4EA5-A3F760BF52A9" vid_target="70CAEA26-DEEA-B85E-CE3E-5C6B232D505A">
<hideElementsInCurrentOnly>false</hideElementsInCurrentOnly>
<backgroundColor>-16777216</backgroundColor>
<lineWidth>1</lineWidth>
<points>
<point x="489" y="1007"/>
<point x="599" y="1007"/>
</points>
</Connector>
<Connector class="oracle.dbtools.crest.swingui.relational.TVFKRelation" oid="9D0116C9-897F-7CB9-B871-25F6E7C5F856" otype="FKIndexAssociation" vid_source="11AD3CE1-5EBB-BF12-9593-BE6DC9E0954B" vid_target="E136F072-AFDA-5AD1-5385-0FA342C6E70F">
<hideElementsInCurrentOnly>false</hideElementsInCurrentOnly>
<backgroundColor>-16777216</backgroundColor>
<lineWidth>1</lineWidth>
<points>
<point x="437" y="418"/>
<point x="437" y="304"/>
</points>
</Connector>
<Connector class="oracle.dbtools.crest.swingui.relational.TVFKRelation" oid="A1B98927-379D-8916-87F0-D834C988A4D0" otype="FKIndexAssociation" vid_source="ECE30356-AC5D-7F6B-3838-08BB37D8DEA9" vid_target="F9099896-F520-E204-C59E-1BFFB67CF811">
<hideElementsInCurrentOnly>false</hideElementsInCurrentOnly>
<backgroundColor>-16777216</backgroundColor>
<lineWidth>1</lineWidth>
<points>
<point x="1290" y="793"/>
<point x="1290" y="1022"/>
</points>
</Connector>
<Connector class="oracle.dbtools.crest.swingui.relational.TVFKRelation" oid="AFB3961D-35C0-DA08-2BCF-60FA1AF31945" otype="FKIndexAssociation" vid_source="E136F072-AFDA-5AD1-5385-0FA342C6E70F" vid_target="E136F072-AFDA-5AD1-5385-0FA342C6E70F">
<hideElementsInCurrentOnly>false</hideElementsInCurrentOnly>
<backgroundColor>-16777216</backgroundColor>
<lineWidth>1</lineWidth>
<points>
<point x="698" y="118"/>
<point x="833" y="118"/>
<point x="833" y="161"/>
<point x="833" y="213"/>
<point x="698" y="213"/>
</points>
</Connector>
<Connector class="oracle.dbtools.crest.swingui.relational.TVFKRelation" oid="B92ED1AB-7EF0-7CB3-859C-0EE2846FD4C8" otype="FKIndexAssociation" vid_source="A81F1BDF-C822-2505-021F-05487B5BBB86" vid_target="11AD3CE1-5EBB-BF12-9593-BE6DC9E0954B">
<hideElementsInCurrentOnly>false</hideElementsInCurrentOnly>
<backgroundColor>-16777216</backgroundColor>
<lineWidth>1</lineWidth>
<points>
<point x="669" y="474"/>
<point x="484" y="474"/>
</points>
</Connector>
<Connector class="oracle.dbtools.crest.swingui.relational.TVFKRelation" oid="CDB3D9E4-A795-4F8C-4B3F-3DBE2AEFA772" otype="FKIndexAssociation" vid_source="E9CFA8F2-9BCE-2406-310A-A1A313D0D45A" vid_target="A81F1BDF-C822-2505-021F-05487B5BBB86">
<hideElementsInCurrentOnly>false</hideElementsInCurrentOnly>
<backgroundColor>-16777216</backgroundColor>
<lineWidth>1</lineWidth>
<points>
<point x="1073" y="163"/>
<point x="1073" y="360"/>
</points>
</Connector>
<Connector class="oracle.dbtools.crest.swingui.relational.TVFKRelation" oid="E2486155-B4C4-BD76-AE75-9944208B4247" otype="FKIndexAssociation" vid_source="F9099896-F520-E204-C59E-1BFFB67CF811" vid_target="ADD24ADE-03D8-E3D6-6985-B9BC7B0788C6">
<hideElementsInCurrentOnly>false</hideElementsInCurrentOnly>
<backgroundColor>-16777216</backgroundColor>
<lineWidth>1</lineWidth>
<points>
<point x="1367" y="1195"/>
<point x="1367" y="1272"/>
</points>
</Connector>
<Connector class="oracle.dbtools.crest.swingui.relational.TVFKRelation" oid="EB826CA7-1F70-CD9F-7AA6-C15E590C2725" otype="FKIndexAssociation" vid_source="11AD3CE1-5EBB-BF12-9593-BE6DC9E0954B" vid_target="0C8D79B3-D979-8DB5-FBFF-D08A3CEAE268">
<hideElementsInCurrentOnly>false</hideElementsInCurrentOnly>
<backgroundColor>-16777216</backgroundColor>
<lineWidth>1</lineWidth>
<points>
<point x="239" y="418"/>
<point x="239" y="285"/>
</points>
</Connector>
<Connector class="oracle.dbtools.crest.swingui.relational.TVFKRelation" oid="F24D99FD-89DA-C064-3234-B8E72BB347A3" otype="FKIndexAssociation" vid_source="70CAEA26-DEEA-B85E-CE3E-5C6B232D505A" vid_target="37330962-7FF6-00DD-2141-BCECE68FCB88">
<hideElementsInCurrentOnly>false</hideElementsInCurrentOnly>
<backgroundColor>-16777216</backgroundColor>
<lineWidth>1</lineWidth>
<points>
<point x="726" y="897"/>
<point x="726" y="836"/>
</points>
</Connector>
</connectors>
<arcs>
<Arc class="oracle.dbtools.crest.swingui.relational.TVFKArc" oid="2F08C52A-DACA-3260-25CA-B9853609D8C2" otype="FKArc" vid="DD5D263E-FE7F-4325-1143-8C2860ADF05A">
<hideElementsInCurrentOnly>false</hideElementsInCurrentOnly>
<bounds x="1114" y="982" width="353" height="253"/>
</Arc>
<Arc class="oracle.dbtools.crest.swingui.relational.TVFKArc" oid="567ABC95-7BA4-31D4-564C-86FEEA97B5FF" otype="FKArc" vid="13A2C679-E680-7D70-2841-51D78235E58E">
<hideElementsInCurrentOnly>false</hideElementsInCurrentOnly>
<bounds x="141" y="398" width="363" height="247"/>
</Arc>
<Arc class="oracle.dbtools.crest.swingui.relational.TVFKArc" oid="986DB2B8-0697-BE0C-941A-0DA3FD0AC5DE" otype="FKArc" vid="7FF41648-B199-E975-23C0-A22A847693BE">
<hideElementsInCurrentOnly>false</hideElementsInCurrentOnly>
<bounds x="194" y="946" width="315" height="214"/>
</Arc>
<Arc class="oracle.dbtools.crest.swingui.relational.TVFKArc" oid="B95B95ED-D238-3A5D-086E-10910D6FB11F" otype="FKArc" vid="39613768-2549-BC09-51B8-9ECE53C3604A">
<hideElementsInCurrentOnly>false</hideElementsInCurrentOnly>
<bounds x="121" y="378" width="403" height="287"/>
</Arc>
<Arc class="oracle.dbtools.crest.swingui.relational.TVFKArc" oid="CF13BE0B-1C1C-9C61-38EF-BEC9C54CB245" otype="FKArc" vid="2DB74BD2-F99B-0CFA-A3BE-452D6E372DE1">
<hideElementsInCurrentOnly>false</hideElementsInCurrentOnly>
<bounds x="1134" y="1002" width="313" height="213"/>
</Arc>
</arcs>
</Diagram>